WARNING:tensorflow:From /home/cril/arafat/miniconda3/envs/mgn/lib/python3.6/site-packages/tensorflow_core/python/ops/resource_variable_ops.py:1630: calling BaseResourceVariable.__init__ (from tensorflow.python.ops.resource_variable_ops) with constraint is deprecated and will be removed in a future version.
Instructions for updating:
If using Keras pass *_constraint arguments to layers.
W0612 15:35:02.113188 140364053152576 deprecation.py:506] From /home/cril/arafat/miniconda3/envs/mgn/lib/python3.6/site-packages/tensorflow_core/python/ops/resource_variable_ops.py:1630: calling BaseResourceVariable.__init__ (from tensorflow.python.ops.resource_variable_ops) with constraint is deprecated and will be removed in a future version.
Instructions for updating:
If using Keras pass *_constraint arguments to layers.
WARNING:tensorflow:From /home/cril/arafat/MGN-C/meshgraphnets/dataset.py:79: where (from tensorflow.python.ops.array_ops) is deprecated and will be removed in a future version.
Instructions for updating:
Use tf.where in 2.0, which has the same broadcast rule as np.where
W0612 15:35:02.617465 140364053152576 deprecation.py:323] From /home/cril/arafat/MGN-C/meshgraphnets/dataset.py:79: where (from tensorflow.python.ops.array_ops) is deprecated and will be removed in a future version.
Instructions for updating:
Use tf.where in 2.0, which has the same broadcast rule as np.where
WARNING:tensorflow:From /home/cril/arafat/miniconda3/envs/mgn/lib/python3.6/site-packages/sonnet/python/modules/basic.py:127: calling TruncatedNormal.__init__ (from tensorflow.python.ops.init_ops) with dtype is deprecated and will be removed in a future version.
Instructions for updating:
Call initializer instance with the dtype argument instead of passing it to the constructor
W0612 15:35:02.736846 140364053152576 deprecation.py:506] From /home/cril/arafat/miniconda3/envs/mgn/lib/python3.6/site-packages/sonnet/python/modules/basic.py:127: calling TruncatedNormal.__init__ (from tensorflow.python.ops.init_ops) with dtype is deprecated and will be removed in a future version.
Instructions for updating:
Call initializer instance with the dtype argument instead of passing it to the constructor
WARNING:tensorflow:From /home/cril/arafat/miniconda3/envs/mgn/lib/python3.6/site-packages/sonnet/python/modules/basic.py:132: calling Zeros.__init__ (from tensorflow.python.ops.init_ops) with dtype is deprecated and will be removed in a future version.
Instructions for updating:
Call initializer instance with the dtype argument instead of passing it to the constructor
W0612 15:35:02.737285 140364053152576 deprecation.py:506] From /home/cril/arafat/miniconda3/envs/mgn/lib/python3.6/site-packages/sonnet/python/modules/basic.py:132: calling Zeros.__init__ (from tensorflow.python.ops.init_ops) with dtype is deprecated and will be removed in a future version.
Instructions for updating:
Call initializer instance with the dtype argument instead of passing it to the constructor
/home/cril/arafat/miniconda3/envs/mgn/lib/python3.6/site-packages/tensorflow_core/python/framework/indexed_slices.py:424: UserWarning: Converting sparse IndexedSlices to a dense Tensor of unknown shape. This may consume a large amount of memory.
  "Converting sparse IndexedSlices to a dense Tensor of unknown shape. "
/home/cril/arafat/miniconda3/envs/mgn/lib/python3.6/site-packages/tensorflow_core/python/framework/indexed_slices.py:424: UserWarning: Converting sparse IndexedSlices to a dense Tensor of unknown shape. This may consume a large amount of memory.
  "Converting sparse IndexedSlices to a dense Tensor of unknown shape. "
/home/cril/arafat/miniconda3/envs/mgn/lib/python3.6/site-packages/tensorflow_core/python/framework/indexed_slices.py:424: UserWarning: Converting sparse IndexedSlices to a dense Tensor of unknown shape. This may consume a large amount of memory.
  "Converting sparse IndexedSlices to a dense Tensor of unknown shape. "
/home/cril/arafat/miniconda3/envs/mgn/lib/python3.6/site-packages/tensorflow_core/python/framework/indexed_slices.py:424: UserWarning: Converting sparse IndexedSlices to a dense Tensor of unknown shape. This may consume a large amount of memory.
  "Converting sparse IndexedSlices to a dense Tensor of unknown shape. "
/home/cril/arafat/miniconda3/envs/mgn/lib/python3.6/site-packages/tensorflow_core/python/framework/indexed_slices.py:424: UserWarning: Converting sparse IndexedSlices to a dense Tensor of unknown shape. This may consume a large amount of memory.
  "Converting sparse IndexedSlices to a dense Tensor of unknown shape. "
/home/cril/arafat/miniconda3/envs/mgn/lib/python3.6/site-packages/tensorflow_core/python/framework/indexed_slices.py:424: UserWarning: Converting sparse IndexedSlices to a dense Tensor of unknown shape. This may consume a large amount of memory.
  "Converting sparse IndexedSlices to a dense Tensor of unknown shape. "
/home/cril/arafat/miniconda3/envs/mgn/lib/python3.6/site-packages/tensorflow_core/python/framework/indexed_slices.py:424: UserWarning: Converting sparse IndexedSlices to a dense Tensor of unknown shape. This may consume a large amount of memory.
  "Converting sparse IndexedSlices to a dense Tensor of unknown shape. "
/home/cril/arafat/miniconda3/envs/mgn/lib/python3.6/site-packages/tensorflow_core/python/framework/indexed_slices.py:424: UserWarning: Converting sparse IndexedSlices to a dense Tensor of unknown shape. This may consume a large amount of memory.
  "Converting sparse IndexedSlices to a dense Tensor of unknown shape. "
/home/cril/arafat/miniconda3/envs/mgn/lib/python3.6/site-packages/tensorflow_core/python/framework/indexed_slices.py:424: UserWarning: Converting sparse IndexedSlices to a dense Tensor of unknown shape. This may consume a large amount of memory.
  "Converting sparse IndexedSlices to a dense Tensor of unknown shape. "
/home/cril/arafat/miniconda3/envs/mgn/lib/python3.6/site-packages/tensorflow_core/python/framework/indexed_slices.py:424: UserWarning: Converting sparse IndexedSlices to a dense Tensor of unknown shape. This may consume a large amount of memory.
  "Converting sparse IndexedSlices to a dense Tensor of unknown shape. "
/home/cril/arafat/miniconda3/envs/mgn/lib/python3.6/site-packages/tensorflow_core/python/framework/indexed_slices.py:424: UserWarning: Converting sparse IndexedSlices to a dense Tensor of unknown shape. This may consume a large amount of memory.
  "Converting sparse IndexedSlices to a dense Tensor of unknown shape. "
/home/cril/arafat/miniconda3/envs/mgn/lib/python3.6/site-packages/tensorflow_core/python/framework/indexed_slices.py:424: UserWarning: Converting sparse IndexedSlices to a dense Tensor of unknown shape. This may consume a large amount of memory.
  "Converting sparse IndexedSlices to a dense Tensor of unknown shape. "
/home/cril/arafat/miniconda3/envs/mgn/lib/python3.6/site-packages/tensorflow_core/python/framework/indexed_slices.py:424: UserWarning: Converting sparse IndexedSlices to a dense Tensor of unknown shape. This may consume a large amount of memory.
  "Converting sparse IndexedSlices to a dense Tensor of unknown shape. "
/home/cril/arafat/miniconda3/envs/mgn/lib/python3.6/site-packages/tensorflow_core/python/framework/indexed_slices.py:424: UserWarning: Converting sparse IndexedSlices to a dense Tensor of unknown shape. This may consume a large amount of memory.
  "Converting sparse IndexedSlices to a dense Tensor of unknown shape. "
/home/cril/arafat/miniconda3/envs/mgn/lib/python3.6/site-packages/tensorflow_core/python/framework/indexed_slices.py:424: UserWarning: Converting sparse IndexedSlices to a dense Tensor of unknown shape. This may consume a large amount of memory.
  "Converting sparse IndexedSlices to a dense Tensor of unknown shape. "
INFO:tensorflow:Create CheckpointSaverHook.
I0612 15:35:09.585122 140364053152576 basic_session_run_hooks.py:541] Create CheckpointSaverHook.
WARNING:tensorflow:From /home/cril/arafat/miniconda3/envs/mgn/lib/python3.6/site-packages/tensorflow_core/python/training/training_util.py:236: Variable.initialized_value (from tensorflow.python.ops.variables) is deprecated and will be removed in a future version.
Instructions for updating:
Use Variable.read_value. Variables in 2.X are initialized automatically both in eager and graph (inside tf.defun) contexts.
W0612 15:35:10.589739 140364053152576 deprecation.py:323] From /home/cril/arafat/miniconda3/envs/mgn/lib/python3.6/site-packages/tensorflow_core/python/training/training_util.py:236: Variable.initialized_value (from tensorflow.python.ops.variables) is deprecated and will be removed in a future version.
Instructions for updating:
Use Variable.read_value. Variables in 2.X are initialized automatically both in eager and graph (inside tf.defun) contexts.
INFO:tensorflow:Graph was finalized.
I0612 15:35:11.716465 140364053152576 monitored_session.py:240] Graph was finalized.
2026-06-12 15:35:11.718958: I tensorflow/stream_executor/platform/default/dso_loader.cc:44] Successfully opened dynamic library libcuda.so.1
2026-06-12 15:35:11.880905: I tensorflow/core/common_runtime/gpu/gpu_device.cc:1639] Found device 0 with properties: 
name: Quadro RTX 8000 major: 7 minor: 5 memoryClockRate(GHz): 1.62
pciBusID: 0000:b1:00.0
2026-06-12 15:35:11.881709: W tensorflow/stream_executor/platform/default/dso_loader.cc:55] Could not load dynamic library 'libcudart.so.10.0'; dlerror: libcudart.so.10.0: cannot open shared object file: No such file or directory
2026-06-12 15:35:11.882102: W tensorflow/stream_executor/platform/default/dso_loader.cc:55] Could not load dynamic library 'libcublas.so.10.0'; dlerror: libcublas.so.10.0: cannot open shared object file: No such file or directory
2026-06-12 15:35:11.882492: W tensorflow/stream_executor/platform/default/dso_loader.cc:55] Could not load dynamic library 'libcufft.so.10.0'; dlerror: libcufft.so.10.0: cannot open shared object file: No such file or directory
2026-06-12 15:35:11.882940: W tensorflow/stream_executor/platform/default/dso_loader.cc:55] Could not load dynamic library 'libcurand.so.10.0'; dlerror: libcurand.so.10.0: cannot open shared object file: No such file or directory
2026-06-12 15:35:11.883435: W tensorflow/stream_executor/platform/default/dso_loader.cc:55] Could not load dynamic library 'libcusolver.so.10.0'; dlerror: libcusolver.so.10.0: cannot open shared object file: No such file or directory
2026-06-12 15:35:11.883915: W tensorflow/stream_executor/platform/default/dso_loader.cc:55] Could not load dynamic library 'libcusparse.so.10.0'; dlerror: libcusparse.so.10.0: cannot open shared object file: No such file or directory
2026-06-12 15:35:11.884313: W tensorflow/stream_executor/platform/default/dso_loader.cc:55] Could not load dynamic library 'libcudnn.so.7'; dlerror: libcudnn.so.7: cannot open shared object file: No such file or directory
2026-06-12 15:35:11.884322: W tensorflow/core/common_runtime/gpu/gpu_device.cc:1662] Cannot dlopen some GPU libraries. Please make sure the missing libraries mentioned above are installed properly if you would like to use GPU. Follow the guide at https://www.tensorflow.org/install/gpu for how to download and setup the required libraries for your platform.
Skipping registering GPU devices...
2026-06-12 15:35:11.884591: I tensorflow/core/platform/cpu_feature_guard.cc:142] Your CPU supports instructions that this TensorFlow binary was not compiled to use: AVX2 AVX512F FMA
2026-06-12 15:35:11.891017: I tensorflow/core/platform/profile_utils/cpu_utils.cc:94] CPU Frequency: 2900000000 Hz
2026-06-12 15:35:11.891687: I tensorflow/compiler/xla/service/service.cc:168] XLA service 0x556cfa336680 initialized for platform Host (this does not guarantee that XLA will be used). Devices:
2026-06-12 15:35:11.891706: I tensorflow/compiler/xla/service/service.cc:176]   StreamExecutor device (0): Host, Default Version
2026-06-12 15:35:12.031633: I tensorflow/compiler/xla/service/service.cc:168] XLA service 0x556cfa3420c0 initialized for platform CUDA (this does not guarantee that XLA will be used). Devices:
2026-06-12 15:35:12.031690: I tensorflow/compiler/xla/service/service.cc:176]   StreamExecutor device (0): Quadro RTX 8000, Compute Capability 7.5
2026-06-12 15:35:12.031862: I tensorflow/core/common_runtime/gpu/gpu_device.cc:1180] Device interconnect StreamExecutor with strength 1 edge matrix:
2026-06-12 15:35:12.031893: I tensorflow/core/common_runtime/gpu/gpu_device.cc:1186]      
INFO:tensorflow:Restoring parameters from Data/cylinder_flow/mgn/checkpoint/model.ckpt-50000
I0612 15:35:12.037475 140364053152576 saver.py:1284] Restoring parameters from Data/cylinder_flow/mgn/checkpoint/model.ckpt-50000
WARNING:tensorflow:From /home/cril/arafat/miniconda3/envs/mgn/lib/python3.6/site-packages/tensorflow_core/python/training/saver.py:1069: get_checkpoint_mtimes (from tensorflow.python.training.checkpoint_management) is deprecated and will be removed in a future version.
Instructions for updating:
Use standard file utilities to get mtimes.
W0612 15:35:13.195452 140364053152576 deprecation.py:323] From /home/cril/arafat/miniconda3/envs/mgn/lib/python3.6/site-packages/tensorflow_core/python/training/saver.py:1069: get_checkpoint_mtimes (from tensorflow.python.training.checkpoint_management) is deprecated and will be removed in a future version.
Instructions for updating:
Use standard file utilities to get mtimes.
INFO:tensorflow:Running local_init_op.
I0612 15:35:13.958056 140364053152576 session_manager.py:500] Running local_init_op.
INFO:tensorflow:Done running local_init_op.
I0612 15:35:14.182362 140364053152576 session_manager.py:502] Done running local_init_op.
INFO:tensorflow:Saving checkpoints for 50000 into Data/cylinder_flow/mgn/checkpoint/model.ckpt.
I0612 15:35:19.129614 140364053152576 basic_session_run_hooks.py:606] Saving checkpoints for 50000 into Data/cylinder_flow/mgn/checkpoint/model.ckpt.
I0612 15:35:27.897809 140364053152576 run_model.py:84] Step 50000: Loss 0.0775184
INFO:tensorflow:global_step/sec: 2.59161
I0612 15:36:06.483409 140364053152576 basic_session_run_hooks.py:692] global_step/sec: 2.59161
INFO:tensorflow:global_step/sec: 2.83307
I0612 15:36:41.780834 140364053152576 basic_session_run_hooks.py:692] global_step/sec: 2.83307
INFO:tensorflow:global_step/sec: 2.87452
I0612 15:37:16.569200 140364053152576 basic_session_run_hooks.py:692] global_step/sec: 2.87452
INFO:tensorflow:global_step/sec: 2.88078
I0612 15:37:51.282068 140364053152576 basic_session_run_hooks.py:692] global_step/sec: 2.88078
INFO:tensorflow:global_step/sec: 2.91265
I0612 15:38:25.615039 140364053152576 basic_session_run_hooks.py:692] global_step/sec: 2.91265
INFO:tensorflow:global_step/sec: 2.88195
I0612 15:39:00.313762 140364053152576 basic_session_run_hooks.py:692] global_step/sec: 2.88195
INFO:tensorflow:global_step/sec: 2.8905
I0612 15:39:34.909822 140364053152576 basic_session_run_hooks.py:692] global_step/sec: 2.8905
INFO:tensorflow:global_step/sec: 2.84132
I0612 15:40:10.104786 140364053152576 basic_session_run_hooks.py:692] global_step/sec: 2.84132
INFO:tensorflow:global_step/sec: 2.886
I0612 15:40:44.754902 140364053152576 basic_session_run_hooks.py:692] global_step/sec: 2.886
INFO:tensorflow:global_step/sec: 2.91236
I0612 15:41:19.091303 140364053152576 basic_session_run_hooks.py:692] global_step/sec: 2.91236
I0612 15:41:19.091859 140364053152576 run_model.py:84] Step 51000: Loss 0.0726155
INFO:tensorflow:global_step/sec: 2.87947
I0612 15:41:53.819964 140364053152576 basic_session_run_hooks.py:692] global_step/sec: 2.87947
INFO:tensorflow:global_step/sec: 2.85784
I0612 15:42:28.811425 140364053152576 basic_session_run_hooks.py:692] global_step/sec: 2.85784
INFO:tensorflow:global_step/sec: 2.89133
I0612 15:43:03.397552 140364053152576 basic_session_run_hooks.py:692] global_step/sec: 2.89133
INFO:tensorflow:global_step/sec: 2.8572
I0612 15:43:38.396895 140364053152576 basic_session_run_hooks.py:692] global_step/sec: 2.8572
INFO:tensorflow:global_step/sec: 2.86231
I0612 15:44:13.333718 140364053152576 basic_session_run_hooks.py:692] global_step/sec: 2.86231
INFO:tensorflow:global_step/sec: 2.87982
I0612 15:44:48.058072 140364053152576 basic_session_run_hooks.py:692] global_step/sec: 2.87982
INFO:tensorflow:Saving checkpoints for 51697 into Data/cylinder_flow/mgn/checkpoint/model.ckpt.
I0612 15:45:21.445139 140364053152576 basic_session_run_hooks.py:606] Saving checkpoints for 51697 into Data/cylinder_flow/mgn/checkpoint/model.ckpt.
WARNING:tensorflow:From /home/cril/arafat/miniconda3/envs/mgn/lib/python3.6/site-packages/tensorflow_core/python/training/saver.py:963: remove_checkpoint (from tensorflow.python.training.checkpoint_management) is deprecated and will be removed in a future version.
Instructions for updating:
Use standard file APIs to delete files with this prefix.
W0612 15:45:21.574243 140364053152576 deprecation.py:323] From /home/cril/arafat/miniconda3/envs/mgn/lib/python3.6/site-packages/tensorflow_core/python/training/saver.py:963: remove_checkpoint (from tensorflow.python.training.checkpoint_management) is deprecated and will be removed in a future version.
Instructions for updating:
Use standard file APIs to delete files with this prefix.
INFO:tensorflow:global_step/sec: 2.80484
I0612 15:45:23.710661 140364053152576 basic_session_run_hooks.py:692] global_step/sec: 2.80484
INFO:tensorflow:global_step/sec: 2.86965
I0612 15:45:58.558145 140364053152576 basic_session_run_hooks.py:692] global_step/sec: 2.86965
INFO:tensorflow:global_step/sec: 2.87832
I0612 15:46:33.300681 140364053152576 basic_session_run_hooks.py:692] global_step/sec: 2.87832
INFO:tensorflow:global_step/sec: 2.88141
I0612 15:47:08.005986 140364053152576 basic_session_run_hooks.py:692] global_step/sec: 2.88141
I0612 15:47:08.006515 140364053152576 run_model.py:84] Step 52000: Loss 0.0775856
INFO:tensorflow:global_step/sec: 2.85292
I0612 15:47:43.057878 140364053152576 basic_session_run_hooks.py:692] global_step/sec: 2.85292
INFO:tensorflow:global_step/sec: 2.87864
I0612 15:48:17.796424 140364053152576 basic_session_run_hooks.py:692] global_step/sec: 2.87864
INFO:tensorflow:global_step/sec: 2.86283
I0612 15:48:52.726879 140364053152576 basic_session_run_hooks.py:692] global_step/sec: 2.86283
INFO:tensorflow:global_step/sec: 2.89304
I0612 15:49:27.292578 140364053152576 basic_session_run_hooks.py:692] global_step/sec: 2.89304
INFO:tensorflow:global_step/sec: 2.86255
I0612 15:50:02.226522 140364053152576 basic_session_run_hooks.py:692] global_step/sec: 2.86255
INFO:tensorflow:global_step/sec: 2.83121
I0612 15:50:37.547068 140364053152576 basic_session_run_hooks.py:692] global_step/sec: 2.83121
INFO:tensorflow:global_step/sec: 2.81563
I0612 15:51:13.063066 140364053152576 basic_session_run_hooks.py:692] global_step/sec: 2.81563
INFO:tensorflow:global_step/sec: 2.86789
I0612 15:51:47.931922 140364053152576 basic_session_run_hooks.py:692] global_step/sec: 2.86789
INFO:tensorflow:global_step/sec: 2.89574
I0612 15:52:22.465468 140364053152576 basic_session_run_hooks.py:692] global_step/sec: 2.89574
INFO:tensorflow:global_step/sec: 2.85873
I0612 15:52:57.445994 140364053152576 basic_session_run_hooks.py:692] global_step/sec: 2.85873
I0612 15:52:57.446494 140364053152576 run_model.py:84] Step 53000: Loss 0.0936444
INFO:tensorflow:global_step/sec: 2.85878
I0612 15:53:32.426029 140364053152576 basic_session_run_hooks.py:692] global_step/sec: 2.85878
INFO:tensorflow:global_step/sec: 2.86952
I0612 15:54:07.275013 140364053152576 basic_session_run_hooks.py:692] global_step/sec: 2.86952
INFO:tensorflow:global_step/sec: 2.84042
I0612 15:54:42.481019 140364053152576 basic_session_run_hooks.py:692] global_step/sec: 2.84042
INFO:tensorflow:global_step/sec: 2.82081
I0612 15:55:17.931789 140364053152576 basic_session_run_hooks.py:692] global_step/sec: 2.82081
INFO:tensorflow:Saving checkpoints for 53412 into Data/cylinder_flow/mgn/checkpoint/model.ckpt.
I0612 15:55:21.762294 140364053152576 basic_session_run_hooks.py:606] Saving checkpoints for 53412 into Data/cylinder_flow/mgn/checkpoint/model.ckpt.
INFO:tensorflow:global_step/sec: 2.78075
I0612 15:55:53.893266 140364053152576 basic_session_run_hooks.py:692] global_step/sec: 2.78075
INFO:tensorflow:global_step/sec: 2.83925
I0612 15:56:29.113790 140364053152576 basic_session_run_hooks.py:692] global_step/sec: 2.83925
INFO:tensorflow:global_step/sec: 2.82923
I0612 15:57:04.459116 140364053152576 basic_session_run_hooks.py:692] global_step/sec: 2.82923
INFO:tensorflow:global_step/sec: 2.81889
I0612 15:57:39.934098 140364053152576 basic_session_run_hooks.py:692] global_step/sec: 2.81889
INFO:tensorflow:global_step/sec: 2.76714
I0612 15:58:16.072533 140364053152576 basic_session_run_hooks.py:692] global_step/sec: 2.76714
INFO:tensorflow:global_step/sec: 2.77821
I0612 15:58:52.066975 140364053152576 basic_session_run_hooks.py:692] global_step/sec: 2.77821
I0612 15:58:52.067503 140364053152576 run_model.py:84] Step 54000: Loss 0.0866828
INFO:tensorflow:global_step/sec: 2.80827
I0612 15:59:27.676045 140364053152576 basic_session_run_hooks.py:692] global_step/sec: 2.80827
INFO:tensorflow:global_step/sec: 2.79526
I0612 16:00:03.450857 140364053152576 basic_session_run_hooks.py:692] global_step/sec: 2.79526
INFO:tensorflow:global_step/sec: 2.78191
I0612 16:00:39.397400 140364053152576 basic_session_run_hooks.py:692] global_step/sec: 2.78191
INFO:tensorflow:global_step/sec: 2.80975
I0612 16:01:14.987769 140364053152576 basic_session_run_hooks.py:692] global_step/sec: 2.80975
INFO:tensorflow:global_step/sec: 2.86509
I0612 16:01:49.890678 140364053152576 basic_session_run_hooks.py:692] global_step/sec: 2.86509
INFO:tensorflow:global_step/sec: 2.83516
I0612 16:02:25.162040 140364053152576 basic_session_run_hooks.py:692] global_step/sec: 2.83516
INFO:tensorflow:global_step/sec: 2.83842
I0612 16:03:00.392887 140364053152576 basic_session_run_hooks.py:692] global_step/sec: 2.83842
INFO:tensorflow:global_step/sec: 2.82227
I0612 16:03:35.825389 140364053152576 basic_session_run_hooks.py:692] global_step/sec: 2.82227
INFO:tensorflow:global_step/sec: 2.84319
I0612 16:04:10.997153 140364053152576 basic_session_run_hooks.py:692] global_step/sec: 2.84319
INFO:tensorflow:global_step/sec: 2.81283
I0612 16:04:46.548501 140364053152576 basic_session_run_hooks.py:692] global_step/sec: 2.81283
I0612 16:04:46.549006 140364053152576 run_model.py:84] Step 55000: Loss 0.0996115
INFO:tensorflow:global_step/sec: 2.83005
I0612 16:05:21.883638 140364053152576 basic_session_run_hooks.py:692] global_step/sec: 2.83005
INFO:tensorflow:Saving checkpoints for 55101 into Data/cylinder_flow/mgn/checkpoint/model.ckpt.
I0612 16:05:21.889264 140364053152576 basic_session_run_hooks.py:606] Saving checkpoints for 55101 into Data/cylinder_flow/mgn/checkpoint/model.ckpt.
INFO:tensorflow:global_step/sec: 2.77911
I0612 16:05:57.866386 140364053152576 basic_session_run_hooks.py:692] global_step/sec: 2.77911
INFO:tensorflow:global_step/sec: 2.80989
I0612 16:06:33.454968 140364053152576 basic_session_run_hooks.py:692] global_step/sec: 2.80989
INFO:tensorflow:global_step/sec: 2.80328
I0612 16:07:09.127428 140364053152576 basic_session_run_hooks.py:692] global_step/sec: 2.80328
INFO:tensorflow:global_step/sec: 2.79028
I0612 16:07:44.966090 140364053152576 basic_session_run_hooks.py:692] global_step/sec: 2.79028
INFO:tensorflow:global_step/sec: 2.78924
I0612 16:08:20.818168 140364053152576 basic_session_run_hooks.py:692] global_step/sec: 2.78924
INFO:tensorflow:global_step/sec: 2.8148
I0612 16:08:56.344675 140364053152576 basic_session_run_hooks.py:692] global_step/sec: 2.8148
INFO:tensorflow:global_step/sec: 2.81601
I0612 16:09:31.855911 140364053152576 basic_session_run_hooks.py:692] global_step/sec: 2.81601
INFO:tensorflow:global_step/sec: 2.81634
I0612 16:10:07.363015 140364053152576 basic_session_run_hooks.py:692] global_step/sec: 2.81634
INFO:tensorflow:global_step/sec: 2.80145
I0612 16:10:43.058750 140364053152576 basic_session_run_hooks.py:692] global_step/sec: 2.80145
I0612 16:10:43.059269 140364053152576 run_model.py:84] Step 56000: Loss 0.0558829
INFO:tensorflow:global_step/sec: 2.80966
I0612 16:11:18.650231 140364053152576 basic_session_run_hooks.py:692] global_step/sec: 2.80966
INFO:tensorflow:global_step/sec: 2.80974
I0612 16:11:54.240728 140364053152576 basic_session_run_hooks.py:692] global_step/sec: 2.80974
INFO:tensorflow:global_step/sec: 2.82929
I0612 16:12:29.585258 140364053152576 basic_session_run_hooks.py:692] global_step/sec: 2.82929
INFO:tensorflow:global_step/sec: 2.83716
I0612 16:13:04.831739 140364053152576 basic_session_run_hooks.py:692] global_step/sec: 2.83716
INFO:tensorflow:global_step/sec: 2.79429
I0612 16:13:40.619082 140364053152576 basic_session_run_hooks.py:692] global_step/sec: 2.79429
INFO:tensorflow:global_step/sec: 2.81384
I0612 16:14:16.157747 140364053152576 basic_session_run_hooks.py:692] global_step/sec: 2.81384
INFO:tensorflow:global_step/sec: 2.82417
I0612 16:14:51.566421 140364053152576 basic_session_run_hooks.py:692] global_step/sec: 2.82417
INFO:tensorflow:Saving checkpoints for 56785 into Data/cylinder_flow/mgn/checkpoint/model.ckpt.
I0612 16:15:21.927536 140364053152576 basic_session_run_hooks.py:606] Saving checkpoints for 56785 into Data/cylinder_flow/mgn/checkpoint/model.ckpt.
INFO:tensorflow:global_step/sec: 2.71259
I0612 16:15:28.431491 140364053152576 basic_session_run_hooks.py:692] global_step/sec: 2.71259
INFO:tensorflow:global_step/sec: 2.7855
I0612 16:16:04.331740 140364053152576 basic_session_run_hooks.py:692] global_step/sec: 2.7855
INFO:tensorflow:global_step/sec: 2.77261
I0612 16:16:40.398786 140364053152576 basic_session_run_hooks.py:692] global_step/sec: 2.77261
I0612 16:16:40.399304 140364053152576 run_model.py:84] Step 57000: Loss 0.168356
INFO:tensorflow:global_step/sec: 2.78675
I0612 16:17:16.282877 140364053152576 basic_session_run_hooks.py:692] global_step/sec: 2.78675
INFO:tensorflow:global_step/sec: 2.80587
I0612 16:17:51.922422 140364053152576 basic_session_run_hooks.py:692] global_step/sec: 2.80587
INFO:tensorflow:global_step/sec: 2.77041
I0612 16:18:28.018157 140364053152576 basic_session_run_hooks.py:692] global_step/sec: 2.77041
INFO:tensorflow:global_step/sec: 2.77811
I0612 16:19:04.013874 140364053152576 basic_session_run_hooks.py:692] global_step/sec: 2.77811
INFO:tensorflow:global_step/sec: 2.77924
I0612 16:19:39.994962 140364053152576 basic_session_run_hooks.py:692] global_step/sec: 2.77924
INFO:tensorflow:global_step/sec: 2.77593
I0612 16:20:16.018970 140364053152576 basic_session_run_hooks.py:692] global_step/sec: 2.77593
INFO:tensorflow:global_step/sec: 2.80024
I0612 16:20:51.730162 140364053152576 basic_session_run_hooks.py:692] global_step/sec: 2.80024
INFO:tensorflow:global_step/sec: 2.75485
I0612 16:21:28.029809 140364053152576 basic_session_run_hooks.py:692] global_step/sec: 2.75485
INFO:tensorflow:global_step/sec: 2.76392
I0612 16:22:04.210271 140364053152576 basic_session_run_hooks.py:692] global_step/sec: 2.76392
INFO:tensorflow:global_step/sec: 2.74787
I0612 16:22:40.602059 140364053152576 basic_session_run_hooks.py:692] global_step/sec: 2.74787
I0612 16:22:40.602567 140364053152576 run_model.py:84] Step 58000: Loss 0.0656468
INFO:tensorflow:global_step/sec: 2.75324
I0612 16:23:16.922927 140364053152576 basic_session_run_hooks.py:692] global_step/sec: 2.75324
INFO:tensorflow:global_step/sec: 2.69327
I0612 16:23:54.052457 140364053152576 basic_session_run_hooks.py:692] global_step/sec: 2.69327
INFO:tensorflow:global_step/sec: 2.73463
I0612 16:24:30.620417 140364053152576 basic_session_run_hooks.py:692] global_step/sec: 2.73463
INFO:tensorflow:global_step/sec: 2.72252
I0612 16:25:07.351046 140364053152576 basic_session_run_hooks.py:692] global_step/sec: 2.72252
INFO:tensorflow:Saving checkpoints for 58442 into Data/cylinder_flow/mgn/checkpoint/model.ckpt.
I0612 16:25:22.217068 140364053152576 basic_session_run_hooks.py:606] Saving checkpoints for 58442 into Data/cylinder_flow/mgn/checkpoint/model.ckpt.
INFO:tensorflow:global_step/sec: 2.69811
I0612 16:25:44.414051 140364053152576 basic_session_run_hooks.py:692] global_step/sec: 2.69811
INFO:tensorflow:global_step/sec: 2.7557
I0612 16:26:20.702504 140364053152576 basic_session_run_hooks.py:692] global_step/sec: 2.7557
INFO:tensorflow:global_step/sec: 2.76431
I0612 16:26:56.877851 140364053152576 basic_session_run_hooks.py:692] global_step/sec: 2.76431
INFO:tensorflow:global_step/sec: 2.72633
I0612 16:27:33.557209 140364053152576 basic_session_run_hooks.py:692] global_step/sec: 2.72633
INFO:tensorflow:global_step/sec: 2.77331
I0612 16:28:09.615189 140364053152576 basic_session_run_hooks.py:692] global_step/sec: 2.77331
INFO:tensorflow:global_step/sec: 2.76535
I0612 16:28:45.776996 140364053152576 basic_session_run_hooks.py:692] global_step/sec: 2.76535
I0612 16:28:45.777535 140364053152576 run_model.py:84] Step 59000: Loss 0.0828145
INFO:tensorflow:global_step/sec: 2.76404
I0612 16:29:21.955882 140364053152576 basic_session_run_hooks.py:692] global_step/sec: 2.76404
INFO:tensorflow:global_step/sec: 2.74966
I0612 16:29:58.324049 140364053152576 basic_session_run_hooks.py:692] global_step/sec: 2.74966
INFO:tensorflow:global_step/sec: 2.72651
I0612 16:30:35.000972 140364053152576 basic_session_run_hooks.py:692] global_step/sec: 2.72651
INFO:tensorflow:global_step/sec: 2.7619
I0612 16:31:11.207899 140364053152576 basic_session_run_hooks.py:692] global_step/sec: 2.7619
INFO:tensorflow:global_step/sec: 2.74361
I0612 16:31:47.656266 140364053152576 basic_session_run_hooks.py:692] global_step/sec: 2.74361
INFO:tensorflow:global_step/sec: 2.75585
I0612 16:32:23.942691 140364053152576 basic_session_run_hooks.py:692] global_step/sec: 2.75585
INFO:tensorflow:global_step/sec: 2.74461
I0612 16:33:00.377754 140364053152576 basic_session_run_hooks.py:692] global_step/sec: 2.74461
INFO:tensorflow:global_step/sec: 2.7349
I0612 16:33:36.942162 140364053152576 basic_session_run_hooks.py:692] global_step/sec: 2.7349
INFO:tensorflow:global_step/sec: 2.69565
I0612 16:34:14.038927 140364053152576 basic_session_run_hooks.py:692] global_step/sec: 2.69565
INFO:tensorflow:global_step/sec: 2.7302
I0612 16:34:50.666287 140364053152576 basic_session_run_hooks.py:692] global_step/sec: 2.7302
I0612 16:34:50.666795 140364053152576 run_model.py:84] Step 60000: Loss 0.0661451
INFO:tensorflow:Saving checkpoints for 60087 into Data/cylinder_flow/mgn/checkpoint/model.ckpt.
I0612 16:35:22.506574 140364053152576 basic_session_run_hooks.py:606] Saving checkpoints for 60087 into Data/cylinder_flow/mgn/checkpoint/model.ckpt.
INFO:tensorflow:global_step/sec: 2.65314
I0612 16:35:28.357489 140364053152576 basic_session_run_hooks.py:692] global_step/sec: 2.65314
INFO:tensorflow:global_step/sec: 2.75587
I0612 16:36:04.643657 140364053152576 basic_session_run_hooks.py:692] global_step/sec: 2.75587
INFO:tensorflow:global_step/sec: 2.69672
I0612 16:36:41.725783 140364053152576 basic_session_run_hooks.py:692] global_step/sec: 2.69672
INFO:tensorflow:global_step/sec: 2.76767
I0612 16:37:17.857236 140364053152576 basic_session_run_hooks.py:692] global_step/sec: 2.76767
INFO:tensorflow:global_step/sec: 2.81544
I0612 16:37:53.375585 140364053152576 basic_session_run_hooks.py:692] global_step/sec: 2.81544
INFO:tensorflow:global_step/sec: 2.80983
I0612 16:38:28.964942 140364053152576 basic_session_run_hooks.py:692] global_step/sec: 2.80983
INFO:tensorflow:global_step/sec: 2.76661
I0612 16:39:05.110198 140364053152576 basic_session_run_hooks.py:692] global_step/sec: 2.76661
INFO:tensorflow:global_step/sec: 2.77362
I0612 16:39:41.164183 140364053152576 basic_session_run_hooks.py:692] global_step/sec: 2.77362
INFO:tensorflow:global_step/sec: 2.80178
I0612 16:40:16.855796 140364053152576 basic_session_run_hooks.py:692] global_step/sec: 2.80178
INFO:tensorflow:global_step/sec: 2.76321
I0612 16:40:53.045609 140364053152576 basic_session_run_hooks.py:692] global_step/sec: 2.76321
I0612 16:40:53.046116 140364053152576 run_model.py:84] Step 61000: Loss 0.168989
INFO:tensorflow:global_step/sec: 2.75966
I0612 16:41:29.281978 140364053152576 basic_session_run_hooks.py:692] global_step/sec: 2.75966
INFO:tensorflow:global_step/sec: 2.7517
I0612 16:42:05.623118 140364053152576 basic_session_run_hooks.py:692] global_step/sec: 2.7517
INFO:tensorflow:global_step/sec: 2.76149
I0612 16:42:41.835464 140364053152576 basic_session_run_hooks.py:692] global_step/sec: 2.76149
INFO:tensorflow:global_step/sec: 2.72684
I0612 16:43:18.507950 140364053152576 basic_session_run_hooks.py:692] global_step/sec: 2.72684
INFO:tensorflow:global_step/sec: 2.75061
I0612 16:43:54.863461 140364053152576 basic_session_run_hooks.py:692] global_step/sec: 2.75061
INFO:tensorflow:global_step/sec: 2.7195
I0612 16:44:31.634863 140364053152576 basic_session_run_hooks.py:692] global_step/sec: 2.7195
INFO:tensorflow:global_step/sec: 2.7538
I0612 16:45:07.948241 140364053152576 basic_session_run_hooks.py:692] global_step/sec: 2.7538
INFO:tensorflow:Saving checkpoints for 61741 into Data/cylinder_flow/mgn/checkpoint/model.ckpt.
I0612 16:45:22.538305 140364053152576 basic_session_run_hooks.py:606] Saving checkpoints for 61741 into Data/cylinder_flow/mgn/checkpoint/model.ckpt.
INFO:tensorflow:global_step/sec: 2.70211
I0612 16:45:44.956426 140364053152576 basic_session_run_hooks.py:692] global_step/sec: 2.70211
INFO:tensorflow:global_step/sec: 2.7709
I0612 16:46:21.045768 140364053152576 basic_session_run_hooks.py:692] global_step/sec: 2.7709
INFO:tensorflow:global_step/sec: 2.74335
I0612 16:46:57.497509 140364053152576 basic_session_run_hooks.py:692] global_step/sec: 2.74335
I0612 16:46:57.498026 140364053152576 run_model.py:84] Step 62000: Loss 0.0787935
INFO:tensorflow:global_step/sec: 2.74026
I0612 16:47:33.990415 140364053152576 basic_session_run_hooks.py:692] global_step/sec: 2.74026
INFO:tensorflow:global_step/sec: 2.663
I0612 16:48:11.542030 140364053152576 basic_session_run_hooks.py:692] global_step/sec: 2.663
INFO:tensorflow:global_step/sec: 2.62299
I0612 16:48:49.666441 140364053152576 basic_session_run_hooks.py:692] global_step/sec: 2.62299
INFO:tensorflow:global_step/sec: 2.67791
I0612 16:49:27.008959 140364053152576 basic_session_run_hooks.py:692] global_step/sec: 2.67791
INFO:tensorflow:global_step/sec: 2.68478
I0612 16:50:04.255988 140364053152576 basic_session_run_hooks.py:692] global_step/sec: 2.68478
INFO:tensorflow:global_step/sec: 2.71683
I0612 16:50:41.063601 140364053152576 basic_session_run_hooks.py:692] global_step/sec: 2.71683
INFO:tensorflow:global_step/sec: 2.749
I0612 16:51:17.440484 140364053152576 basic_session_run_hooks.py:692] global_step/sec: 2.749
INFO:tensorflow:global_step/sec: 2.73665
I0612 16:51:53.981532 140364053152576 basic_session_run_hooks.py:692] global_step/sec: 2.73665
INFO:tensorflow:global_step/sec: 2.73374
I0612 16:52:30.561426 140364053152576 basic_session_run_hooks.py:692] global_step/sec: 2.73374
INFO:tensorflow:global_step/sec: 2.73231
I0612 16:53:07.160564 140364053152576 basic_session_run_hooks.py:692] global_step/sec: 2.73231
I0612 16:53:07.161075 140364053152576 run_model.py:84] Step 63000: Loss 0.0649537
INFO:tensorflow:global_step/sec: 2.73899
I0612 16:53:43.670298 140364053152576 basic_session_run_hooks.py:692] global_step/sec: 2.73899
INFO:tensorflow:global_step/sec: 2.72153
I0612 16:54:20.414304 140364053152576 basic_session_run_hooks.py:692] global_step/sec: 2.72153
INFO:tensorflow:global_step/sec: 2.75966
I0612 16:54:56.650658 140364053152576 basic_session_run_hooks.py:692] global_step/sec: 2.75966
INFO:tensorflow:Saving checkpoints for 63373 into Data/cylinder_flow/mgn/checkpoint/model.ckpt.
I0612 16:55:22.901277 140364053152576 basic_session_run_hooks.py:606] Saving checkpoints for 63373 into Data/cylinder_flow/mgn/checkpoint/model.ckpt.
INFO:tensorflow:global_step/sec: 2.69789
I0612 16:55:33.716723 140364053152576 basic_session_run_hooks.py:692] global_step/sec: 2.69789
INFO:tensorflow:global_step/sec: 2.75326
I0612 16:56:10.037252 140364053152576 basic_session_run_hooks.py:692] global_step/sec: 2.75326
INFO:tensorflow:global_step/sec: 2.74327
I0612 16:56:46.490177 140364053152576 basic_session_run_hooks.py:692] global_step/sec: 2.74327
INFO:tensorflow:global_step/sec: 2.74694
I0612 16:57:22.894337 140364053152576 basic_session_run_hooks.py:692] global_step/sec: 2.74694
INFO:tensorflow:global_step/sec: 2.76067
I0612 16:57:59.117436 140364053152576 basic_session_run_hooks.py:692] global_step/sec: 2.76067
INFO:tensorflow:global_step/sec: 2.77631
I0612 16:58:35.136490 140364053152576 basic_session_run_hooks.py:692] global_step/sec: 2.77631
INFO:tensorflow:global_step/sec: 2.74461
I0612 16:59:11.571556 140364053152576 basic_session_run_hooks.py:692] global_step/sec: 2.74461
I0612 16:59:11.572065 140364053152576 run_model.py:84] Step 64000: Loss 0.0936112
INFO:tensorflow:global_step/sec: 2.69705
I0612 16:59:48.649077 140364053152576 basic_session_run_hooks.py:692] global_step/sec: 2.69705
INFO:tensorflow:global_step/sec: 2.7676
I0612 17:00:24.781524 140364053152576 basic_session_run_hooks.py:692] global_step/sec: 2.7676
INFO:tensorflow:global_step/sec: 2.73544
I0612 17:01:01.338625 140364053152576 basic_session_run_hooks.py:692] global_step/sec: 2.73544
INFO:tensorflow:global_step/sec: 2.73841
I0612 17:01:37.856233 140364053152576 basic_session_run_hooks.py:692] global_step/sec: 2.73841
INFO:tensorflow:global_step/sec: 2.73254
I0612 17:02:14.452209 140364053152576 basic_session_run_hooks.py:692] global_step/sec: 2.73254
INFO:tensorflow:global_step/sec: 2.75777
I0612 17:02:50.713403 140364053152576 basic_session_run_hooks.py:692] global_step/sec: 2.75777
INFO:tensorflow:global_step/sec: 2.76098
I0612 17:03:26.932376 140364053152576 basic_session_run_hooks.py:692] global_step/sec: 2.76098
INFO:tensorflow:global_step/sec: 2.71373
I0612 17:04:03.782031 140364053152576 basic_session_run_hooks.py:692] global_step/sec: 2.71373
INFO:tensorflow:global_step/sec: 2.73322
I0612 17:04:40.368955 140364053152576 basic_session_run_hooks.py:692] global_step/sec: 2.73322
INFO:tensorflow:global_step/sec: 2.73957
I0612 17:05:16.871006 140364053152576 basic_session_run_hooks.py:692] global_step/sec: 2.73957
I0612 17:05:16.871498 140364053152576 run_model.py:84] Step 65000: Loss 0.129182
INFO:tensorflow:Saving checkpoints for 65018 into Data/cylinder_flow/mgn/checkpoint/model.ckpt.
I0612 17:05:22.947912 140364053152576 basic_session_run_hooks.py:606] Saving checkpoints for 65018 into Data/cylinder_flow/mgn/checkpoint/model.ckpt.
INFO:tensorflow:global_step/sec: 2.66766
I0612 17:05:54.356996 140364053152576 basic_session_run_hooks.py:692] global_step/sec: 2.66766
INFO:tensorflow:global_step/sec: 2.79735
I0612 17:06:30.105163 140364053152576 basic_session_run_hooks.py:692] global_step/sec: 2.79735
INFO:tensorflow:global_step/sec: 2.77308
I0612 17:07:06.166142 140364053152576 basic_session_run_hooks.py:692] global_step/sec: 2.77308
INFO:tensorflow:global_step/sec: 2.75747
I0612 17:07:42.431254 140364053152576 basic_session_run_hooks.py:692] global_step/sec: 2.75747
INFO:tensorflow:global_step/sec: 2.75624
I0612 17:08:18.712535 140364053152576 basic_session_run_hooks.py:692] global_step/sec: 2.75624
INFO:tensorflow:global_step/sec: 2.74627
I0612 17:08:55.125612 140364053152576 basic_session_run_hooks.py:692] global_step/sec: 2.74627
INFO:tensorflow:global_step/sec: 2.7612
I0612 17:09:31.341762 140364053152576 basic_session_run_hooks.py:692] global_step/sec: 2.7612
INFO:tensorflow:global_step/sec: 2.7156
I0612 17:10:08.166048 140364053152576 basic_session_run_hooks.py:692] global_step/sec: 2.7156
INFO:tensorflow:global_step/sec: 2.68437
I0612 17:10:45.418771 140364053152576 basic_session_run_hooks.py:692] global_step/sec: 2.68437
INFO:tensorflow:global_step/sec: 2.72487
I0612 17:11:22.117746 140364053152576 basic_session_run_hooks.py:692] global_step/sec: 2.72487
I0612 17:11:22.118233 140364053152576 run_model.py:84] Step 66000: Loss 0.0357925
INFO:tensorflow:global_step/sec: 2.72875
I0612 17:11:58.764625 140364053152576 basic_session_run_hooks.py:692] global_step/sec: 2.72875
INFO:tensorflow:global_step/sec: 2.72105
I0612 17:12:35.515143 140364053152576 basic_session_run_hooks.py:692] global_step/sec: 2.72105
INFO:tensorflow:global_step/sec: 2.71389
I0612 17:13:12.362648 140364053152576 basic_session_run_hooks.py:692] global_step/sec: 2.71389
INFO:tensorflow:global_step/sec: 2.6544
I0612 17:13:50.035852 140364053152576 basic_session_run_hooks.py:692] global_step/sec: 2.6544
INFO:tensorflow:global_step/sec: 2.67411
I0612 17:14:27.431476 140364053152576 basic_session_run_hooks.py:692] global_step/sec: 2.67411
INFO:tensorflow:global_step/sec: 2.67836
I0612 17:15:04.767794 140364053152576 basic_session_run_hooks.py:692] global_step/sec: 2.67836
INFO:tensorflow:Saving checkpoints for 66650 into Data/cylinder_flow/mgn/checkpoint/model.ckpt.
I0612 17:15:23.097279 140364053152576 basic_session_run_hooks.py:606] Saving checkpoints for 66650 into Data/cylinder_flow/mgn/checkpoint/model.ckpt.
INFO:tensorflow:global_step/sec: 2.61697
I0612 17:15:42.979921 140364053152576 basic_session_run_hooks.py:692] global_step/sec: 2.61697
INFO:tensorflow:global_step/sec: 2.69171
I0612 17:16:20.131079 140364053152576 basic_session_run_hooks.py:692] global_step/sec: 2.69171
INFO:tensorflow:global_step/sec: 2.71295
I0612 17:16:56.991336 140364053152576 basic_session_run_hooks.py:692] global_step/sec: 2.71295
INFO:tensorflow:global_step/sec: 2.71543
I0612 17:17:33.817883 140364053152576 basic_session_run_hooks.py:692] global_step/sec: 2.71543
I0612 17:17:33.819041 140364053152576 run_model.py:84] Step 67000: Loss 0.0915944
INFO:tensorflow:global_step/sec: 2.69793
I0612 17:18:10.883396 140364053152576 basic_session_run_hooks.py:692] global_step/sec: 2.69793
INFO:tensorflow:global_step/sec: 2.67824
I0612 17:18:48.221346 140364053152576 basic_session_run_hooks.py:692] global_step/sec: 2.67824
INFO:tensorflow:global_step/sec: 2.6832
I0612 17:19:25.490224 140364053152576 basic_session_run_hooks.py:692] global_step/sec: 2.6832
INFO:tensorflow:global_step/sec: 2.67888
I0612 17:20:02.819281 140364053152576 basic_session_run_hooks.py:692] global_step/sec: 2.67888
INFO:tensorflow:global_step/sec: 2.68699
I0612 17:20:40.035680 140364053152576 basic_session_run_hooks.py:692] global_step/sec: 2.68699
INFO:tensorflow:global_step/sec: 2.69228
I0612 17:21:17.178848 140364053152576 basic_session_run_hooks.py:692] global_step/sec: 2.69228
INFO:tensorflow:global_step/sec: 2.68526
I0612 17:21:54.419255 140364053152576 basic_session_run_hooks.py:692] global_step/sec: 2.68526
INFO:tensorflow:global_step/sec: 2.69789
I0612 17:22:31.485278 140364053152576 basic_session_run_hooks.py:692] global_step/sec: 2.69789
INFO:tensorflow:global_step/sec: 2.73629
I0612 17:23:08.031112 140364053152576 basic_session_run_hooks.py:692] global_step/sec: 2.73629
INFO:tensorflow:global_step/sec: 2.70515
I0612 17:23:44.997624 140364053152576 basic_session_run_hooks.py:692] global_step/sec: 2.70515
I0612 17:23:44.998119 140364053152576 run_model.py:84] Step 68000: Loss 0.0857761
INFO:tensorflow:global_step/sec: 2.7109
I0612 17:24:21.885779 140364053152576 basic_session_run_hooks.py:692] global_step/sec: 2.7109
INFO:tensorflow:global_step/sec: 2.73096
I0612 17:24:58.502905 140364053152576 basic_session_run_hooks.py:692] global_step/sec: 2.73096
INFO:tensorflow:Saving checkpoints for 68269 into Data/cylinder_flow/mgn/checkpoint/model.ckpt.
I0612 17:25:23.190155 140364053152576 basic_session_run_hooks.py:606] Saving checkpoints for 68269 into Data/cylinder_flow/mgn/checkpoint/model.ckpt.
INFO:tensorflow:global_step/sec: 2.69692
I0612 17:25:35.582152 140364053152576 basic_session_run_hooks.py:692] global_step/sec: 2.69692
INFO:tensorflow:global_step/sec: 2.73535
I0612 17:26:12.140518 140364053152576 basic_session_run_hooks.py:692] global_step/sec: 2.73535
INFO:tensorflow:global_step/sec: 2.76415
I0612 17:26:48.318037 140364053152576 basic_session_run_hooks.py:692] global_step/sec: 2.76415
INFO:tensorflow:global_step/sec: 2.72368
I0612 17:27:25.033108 140364053152576 basic_session_run_hooks.py:692] global_step/sec: 2.72368
INFO:tensorflow:global_step/sec: 2.70003
I0612 17:28:02.069784 140364053152576 basic_session_run_hooks.py:692] global_step/sec: 2.70003
INFO:tensorflow:global_step/sec: 2.66182
I0612 17:28:39.638040 140364053152576 basic_session_run_hooks.py:692] global_step/sec: 2.66182
INFO:tensorflow:global_step/sec: 2.64929
I0612 17:29:17.383926 140364053152576 basic_session_run_hooks.py:692] global_step/sec: 2.64929
INFO:tensorflow:global_step/sec: 2.65248
I0612 17:29:55.084434 140364053152576 basic_session_run_hooks.py:692] global_step/sec: 2.65248
I0612 17:29:55.085965 140364053152576 run_model.py:84] Step 69000: Loss 0.0752692
INFO:tensorflow:global_step/sec: 2.68559
I0612 17:30:32.320271 140364053152576 basic_session_run_hooks.py:692] global_step/sec: 2.68559
INFO:tensorflow:global_step/sec: 2.71523
I0612 17:31:09.149554 140364053152576 basic_session_run_hooks.py:692] global_step/sec: 2.71523
INFO:tensorflow:global_step/sec: 2.67787
I0612 17:31:46.492647 140364053152576 basic_session_run_hooks.py:692] global_step/sec: 2.67787
INFO:tensorflow:global_step/sec: 2.65142
I0612 17:32:24.208283 140364053152576 basic_session_run_hooks.py:692] global_step/sec: 2.65142
INFO:tensorflow:global_step/sec: 2.641
I0612 17:33:02.072739 140364053152576 basic_session_run_hooks.py:692] global_step/sec: 2.641
INFO:tensorflow:global_step/sec: 2.64439
I0612 17:33:39.888635 140364053152576 basic_session_run_hooks.py:692] global_step/sec: 2.64439
INFO:tensorflow:global_step/sec: 2.6731
I0612 17:34:17.298358 140364053152576 basic_session_run_hooks.py:692] global_step/sec: 2.6731
INFO:tensorflow:global_step/sec: 2.67544
I0612 17:34:54.675375 140364053152576 basic_session_run_hooks.py:692] global_step/sec: 2.67544
INFO:tensorflow:Saving checkpoints for 69877 into Data/cylinder_flow/mgn/checkpoint/model.ckpt.
I0612 17:35:23.276732 140364053152576 basic_session_run_hooks.py:606] Saving checkpoints for 69877 into Data/cylinder_flow/mgn/checkpoint/model.ckpt.
INFO:tensorflow:global_step/sec: 2.62237
I0612 17:35:32.808882 140364053152576 basic_session_run_hooks.py:692] global_step/sec: 2.62237
INFO:tensorflow:global_step/sec: 2.73042
I0612 17:36:09.433234 140364053152576 basic_session_run_hooks.py:692] global_step/sec: 2.73042
I0612 17:36:09.433711 140364053152576 run_model.py:84] Step 70000: Loss 0.0369582
INFO:tensorflow:global_step/sec: 2.70312
I0612 17:36:46.427482 140364053152576 basic_session_run_hooks.py:692] global_step/sec: 2.70312
INFO:tensorflow:global_step/sec: 2.77127
I0612 17:37:22.512004 140364053152576 basic_session_run_hooks.py:692] global_step/sec: 2.77127
INFO:tensorflow:global_step/sec: 2.75664
I0612 17:37:58.788053 140364053152576 basic_session_run_hooks.py:692] global_step/sec: 2.75664
INFO:tensorflow:global_step/sec: 2.74962
I0612 17:38:35.156754 140364053152576 basic_session_run_hooks.py:692] global_step/sec: 2.74962
INFO:tensorflow:global_step/sec: 2.72401
I0612 17:39:11.867387 140364053152576 basic_session_run_hooks.py:692] global_step/sec: 2.72401
INFO:tensorflow:global_step/sec: 2.70158
I0612 17:39:48.882752 140364053152576 basic_session_run_hooks.py:692] global_step/sec: 2.70158
INFO:tensorflow:global_step/sec: 2.68191
I0612 17:40:26.169564 140364053152576 basic_session_run_hooks.py:692] global_step/sec: 2.68191
INFO:tensorflow:global_step/sec: 2.71835
I0612 17:41:02.956588 140364053152576 basic_session_run_hooks.py:692] global_step/sec: 2.71835
INFO:tensorflow:global_step/sec: 2.69892
I0612 17:41:40.008462 140364053152576 basic_session_run_hooks.py:692] global_step/sec: 2.69892
INFO:tensorflow:global_step/sec: 2.70341
I0612 17:42:16.998779 140364053152576 basic_session_run_hooks.py:692] global_step/sec: 2.70341
I0612 17:42:16.999783 140364053152576 run_model.py:84] Step 71000: Loss 0.0762641
INFO:tensorflow:global_step/sec: 2.67361
I0612 17:42:54.401433 140364053152576 basic_session_run_hooks.py:692] global_step/sec: 2.67361
INFO:tensorflow:global_step/sec: 2.68115
I0612 17:43:31.698850 140364053152576 basic_session_run_hooks.py:692] global_step/sec: 2.68115
INFO:tensorflow:global_step/sec: 2.67011
I0612 17:44:09.150557 140364053152576 basic_session_run_hooks.py:692] global_step/sec: 2.67011
INFO:tensorflow:global_step/sec: 2.70689
I0612 17:44:46.093322 140364053152576 basic_session_run_hooks.py:692] global_step/sec: 2.70689
INFO:tensorflow:global_step/sec: 2.70273
I0612 17:45:23.092924 140364053152576 basic_session_run_hooks.py:692] global_step/sec: 2.70273
INFO:tensorflow:Saving checkpoints for 71502 into Data/cylinder_flow/mgn/checkpoint/model.ckpt.
I0612 17:45:23.486879 140364053152576 basic_session_run_hooks.py:606] Saving checkpoints for 71502 into Data/cylinder_flow/mgn/checkpoint/model.ckpt.
INFO:tensorflow:global_step/sec: 2.64379
I0612 17:46:00.917432 140364053152576 basic_session_run_hooks.py:692] global_step/sec: 2.64379
INFO:tensorflow:global_step/sec: 2.65767
I0612 17:46:38.544412 140364053152576 basic_session_run_hooks.py:692] global_step/sec: 2.65767
INFO:tensorflow:global_step/sec: 2.70491
I0612 17:47:15.514192 140364053152576 basic_session_run_hooks.py:692] global_step/sec: 2.70491
INFO:tensorflow:global_step/sec: 2.69148
I0612 17:47:52.668432 140364053152576 basic_session_run_hooks.py:692] global_step/sec: 2.69148
INFO:tensorflow:global_step/sec: 2.66933
I0612 17:48:30.131036 140364053152576 basic_session_run_hooks.py:692] global_step/sec: 2.66933
I0612 17:48:30.131544 140364053152576 run_model.py:84] Step 72000: Loss 0.0371048
INFO:tensorflow:global_step/sec: 2.68208
I0612 17:49:07.415526 140364053152576 basic_session_run_hooks.py:692] global_step/sec: 2.68208
INFO:tensorflow:global_step/sec: 2.65975
I0612 17:49:45.013124 140364053152576 basic_session_run_hooks.py:692] global_step/sec: 2.65975
INFO:tensorflow:global_step/sec: 2.70807
I0612 17:50:21.939769 140364053152576 basic_session_run_hooks.py:692] global_step/sec: 2.70807
INFO:tensorflow:global_step/sec: 2.65684
I0612 17:50:59.578440 140364053152576 basic_session_run_hooks.py:692] global_step/sec: 2.65684
INFO:tensorflow:global_step/sec: 2.66765
I0612 17:51:37.064671 140364053152576 basic_session_run_hooks.py:692] global_step/sec: 2.66765
INFO:tensorflow:global_step/sec: 2.68831
I0612 17:52:14.262829 140364053152576 basic_session_run_hooks.py:692] global_step/sec: 2.68831
INFO:tensorflow:global_step/sec: 2.66349
I0612 17:52:51.807497 140364053152576 basic_session_run_hooks.py:692] global_step/sec: 2.66349
INFO:tensorflow:global_step/sec: 2.66994
I0612 17:53:29.261497 140364053152576 basic_session_run_hooks.py:692] global_step/sec: 2.66994
INFO:tensorflow:global_step/sec: 2.64094
I0612 17:54:07.126850 140364053152576 basic_session_run_hooks.py:692] global_step/sec: 2.64094
INFO:tensorflow:global_step/sec: 2.68955
I0612 17:54:44.307812 140364053152576 basic_session_run_hooks.py:692] global_step/sec: 2.68955
I0612 17:54:44.309549 140364053152576 run_model.py:84] Step 73000: Loss 0.0750558
INFO:tensorflow:global_step/sec: 2.67204
I0612 17:55:21.732441 140364053152576 basic_session_run_hooks.py:692] global_step/sec: 2.67204
INFO:tensorflow:Saving checkpoints for 73106 into Data/cylinder_flow/mgn/checkpoint/model.ckpt.
I0612 17:55:23.599602 140364053152576 basic_session_run_hooks.py:606] Saving checkpoints for 73106 into Data/cylinder_flow/mgn/checkpoint/model.ckpt.
INFO:tensorflow:global_step/sec: 2.62031
I0612 17:55:59.895942 140364053152576 basic_session_run_hooks.py:692] global_step/sec: 2.62031
INFO:tensorflow:global_step/sec: 2.68227
I0612 17:56:37.177843 140364053152576 basic_session_run_hooks.py:692] global_step/sec: 2.68227
INFO:tensorflow:global_step/sec: 2.71166
I0612 17:57:14.055657 140364053152576 basic_session_run_hooks.py:692] global_step/sec: 2.71166
INFO:tensorflow:global_step/sec: 2.65339
I0612 17:57:51.743319 140364053152576 basic_session_run_hooks.py:692] global_step/sec: 2.65339
INFO:tensorflow:global_step/sec: 2.60041
I0612 17:58:30.198838 140364053152576 basic_session_run_hooks.py:692] global_step/sec: 2.60041
INFO:tensorflow:global_step/sec: 2.61171
I0612 17:59:08.487919 140364053152576 basic_session_run_hooks.py:692] global_step/sec: 2.61171
INFO:tensorflow:global_step/sec: 2.60737
I0612 17:59:46.840825 140364053152576 basic_session_run_hooks.py:692] global_step/sec: 2.60737
INFO:tensorflow:global_step/sec: 2.64688
I0612 18:00:24.621139 140364053152576 basic_session_run_hooks.py:692] global_step/sec: 2.64688
INFO:tensorflow:global_step/sec: 2.68526
I0612 18:01:01.861492 140364053152576 basic_session_run_hooks.py:692] global_step/sec: 2.68526
I0612 18:01:01.861987 140364053152576 run_model.py:84] Step 74000: Loss 0.141192
INFO:tensorflow:global_step/sec: 2.66043
I0612 18:01:39.449344 140364053152576 basic_session_run_hooks.py:692] global_step/sec: 2.66043
INFO:tensorflow:global_step/sec: 2.57573
I0612 18:02:18.273354 140364053152576 basic_session_run_hooks.py:692] global_step/sec: 2.57573
INFO:tensorflow:global_step/sec: 2.63163
I0612 18:02:56.272686 140364053152576 basic_session_run_hooks.py:692] global_step/sec: 2.63163
INFO:tensorflow:global_step/sec: 2.63014
I0612 18:03:34.293442 140364053152576 basic_session_run_hooks.py:692] global_step/sec: 2.63014
INFO:tensorflow:global_step/sec: 2.61118
I0612 18:04:12.590335 140364053152576 basic_session_run_hooks.py:692] global_step/sec: 2.61118
INFO:tensorflow:global_step/sec: 2.55265
I0612 18:04:51.765241 140364053152576 basic_session_run_hooks.py:692] global_step/sec: 2.55265
INFO:tensorflow:Saving checkpoints for 74684 into Data/cylinder_flow/mgn/checkpoint/model.ckpt.
I0612 18:05:23.821445 140364053152576 basic_session_run_hooks.py:606] Saving checkpoints for 74684 into Data/cylinder_flow/mgn/checkpoint/model.ckpt.
INFO:tensorflow:global_step/sec: 2.5533
I0612 18:05:30.930280 140364053152576 basic_session_run_hooks.py:692] global_step/sec: 2.5533
INFO:tensorflow:global_step/sec: 2.6108
I0612 18:06:09.232780 140364053152576 basic_session_run_hooks.py:692] global_step/sec: 2.6108
INFO:tensorflow:global_step/sec: 2.63725
I0612 18:06:47.151070 140364053152576 basic_session_run_hooks.py:692] global_step/sec: 2.63725
INFO:tensorflow:global_step/sec: 2.6492
I0612 18:07:24.898218 140364053152576 basic_session_run_hooks.py:692] global_step/sec: 2.6492
I0612 18:07:24.899341 140364053152576 run_model.py:84] Step 75000: Loss 0.112825
INFO:tensorflow:global_step/sec: 2.61328
I0612 18:08:03.164383 140364053152576 basic_session_run_hooks.py:692] global_step/sec: 2.61328
INFO:tensorflow:global_step/sec: 2.59562
I0612 18:08:41.690880 140364053152576 basic_session_run_hooks.py:692] global_step/sec: 2.59562
INFO:tensorflow:global_step/sec: 2.60654
I0612 18:09:20.055899 140364053152576 basic_session_run_hooks.py:692] global_step/sec: 2.60654
INFO:tensorflow:global_step/sec: 2.55401
I0612 18:09:59.210032 140364053152576 basic_session_run_hooks.py:692] global_step/sec: 2.55401
INFO:tensorflow:global_step/sec: 2.60821
I0612 18:10:37.550551 140364053152576 basic_session_run_hooks.py:692] global_step/sec: 2.60821
INFO:tensorflow:global_step/sec: 2.61737
I0612 18:11:15.756854 140364053152576 basic_session_run_hooks.py:692] global_step/sec: 2.61737
INFO:tensorflow:global_step/sec: 2.64324
I0612 18:11:53.589215 140364053152576 basic_session_run_hooks.py:692] global_step/sec: 2.64324
INFO:tensorflow:global_step/sec: 2.64035
I0612 18:12:31.462943 140364053152576 basic_session_run_hooks.py:692] global_step/sec: 2.64035
INFO:tensorflow:global_step/sec: 2.60259
I0612 18:13:09.886169 140364053152576 basic_session_run_hooks.py:692] global_step/sec: 2.60259
INFO:tensorflow:global_step/sec: 2.62198
I0612 18:13:48.025310 140364053152576 basic_session_run_hooks.py:692] global_step/sec: 2.62198
I0612 18:13:48.025940 140364053152576 run_model.py:84] Step 76000: Loss 0.0509297
INFO:tensorflow:global_step/sec: 2.58255
I0612 18:14:26.746750 140364053152576 basic_session_run_hooks.py:692] global_step/sec: 2.58255
INFO:tensorflow:global_step/sec: 2.56947
I0612 18:15:05.665220 140364053152576 basic_session_run_hooks.py:692] global_step/sec: 2.56947
INFO:tensorflow:Saving checkpoints for 76248 into Data/cylinder_flow/mgn/checkpoint/model.ckpt.
I0612 18:15:24.066077 140364053152576 basic_session_run_hooks.py:606] Saving checkpoints for 76248 into Data/cylinder_flow/mgn/checkpoint/model.ckpt.
INFO:tensorflow:global_step/sec: 2.50861
I0612 18:15:45.528111 140364053152576 basic_session_run_hooks.py:692] global_step/sec: 2.50861
INFO:tensorflow:global_step/sec: 2.63522
I0612 18:16:23.475489 140364053152576 basic_session_run_hooks.py:692] global_step/sec: 2.63522
INFO:tensorflow:global_step/sec: 2.59752
I0612 18:17:01.973690 140364053152576 basic_session_run_hooks.py:692] global_step/sec: 2.59752
INFO:tensorflow:global_step/sec: 2.57099
I0612 18:17:40.869206 140364053152576 basic_session_run_hooks.py:692] global_step/sec: 2.57099
INFO:tensorflow:global_step/sec: 2.59244
I0612 18:18:19.442975 140364053152576 basic_session_run_hooks.py:692] global_step/sec: 2.59244
INFO:tensorflow:global_step/sec: 2.56138
I0612 18:18:58.484408 140364053152576 basic_session_run_hooks.py:692] global_step/sec: 2.56138
INFO:tensorflow:global_step/sec: 2.56803
I0612 18:19:37.424796 140364053152576 basic_session_run_hooks.py:692] global_step/sec: 2.56803
INFO:tensorflow:global_step/sec: 2.56858
I0612 18:20:16.356753 140364053152576 basic_session_run_hooks.py:692] global_step/sec: 2.56858
I0612 18:20:16.358215 140364053152576 run_model.py:84] Step 77000: Loss 0.0425275
INFO:tensorflow:global_step/sec: 2.54657
I0612 18:20:55.625334 140364053152576 basic_session_run_hooks.py:692] global_step/sec: 2.54657
INFO:tensorflow:global_step/sec: 2.61086
I0612 18:21:33.926980 140364053152576 basic_session_run_hooks.py:692] global_step/sec: 2.61086
INFO:tensorflow:global_step/sec: 2.61422
I0612 18:22:12.179230 140364053152576 basic_session_run_hooks.py:692] global_step/sec: 2.61422
INFO:tensorflow:global_step/sec: 2.65629
I0612 18:22:49.825765 140364053152576 basic_session_run_hooks.py:692] global_step/sec: 2.65629
INFO:tensorflow:global_step/sec: 2.60864
I0612 18:23:28.159955 140364053152576 basic_session_run_hooks.py:692] global_step/sec: 2.60864
INFO:tensorflow:global_step/sec: 2.62344
I0612 18:24:06.277912 140364053152576 basic_session_run_hooks.py:692] global_step/sec: 2.62344
INFO:tensorflow:global_step/sec: 2.63337
I0612 18:24:44.252131 140364053152576 basic_session_run_hooks.py:692] global_step/sec: 2.63337
INFO:tensorflow:global_step/sec: 2.69533
I0612 18:25:21.353288 140364053152576 basic_session_run_hooks.py:692] global_step/sec: 2.69533
INFO:tensorflow:Saving checkpoints for 77809 into Data/cylinder_flow/mgn/checkpoint/model.ckpt.
I0612 18:25:24.322627 140364053152576 basic_session_run_hooks.py:606] Saving checkpoints for 77809 into Data/cylinder_flow/mgn/checkpoint/model.ckpt.
INFO:tensorflow:global_step/sec: 2.61107
I0612 18:25:59.651834 140364053152576 basic_session_run_hooks.py:692] global_step/sec: 2.61107
INFO:tensorflow:global_step/sec: 2.69296
I0612 18:26:36.785744 140364053152576 basic_session_run_hooks.py:692] global_step/sec: 2.69296
I0612 18:26:36.786266 140364053152576 run_model.py:84] Step 78000: Loss 0.144147
INFO:tensorflow:global_step/sec: 2.648
I0612 18:27:14.550065 140364053152576 basic_session_run_hooks.py:692] global_step/sec: 2.648
INFO:tensorflow:global_step/sec: 2.71402
I0612 18:27:51.395787 140364053152576 basic_session_run_hooks.py:692] global_step/sec: 2.71402
INFO:tensorflow:global_step/sec: 2.67023
I0612 18:28:28.845795 140364053152576 basic_session_run_hooks.py:692] global_step/sec: 2.67023
INFO:tensorflow:global_step/sec: 2.70906
I0612 18:29:05.758948 140364053152576 basic_session_run_hooks.py:692] global_step/sec: 2.70906
INFO:tensorflow:global_step/sec: 2.70235
I0612 18:29:42.763817 140364053152576 basic_session_run_hooks.py:692] global_step/sec: 2.70235
INFO:tensorflow:global_step/sec: 2.69338
I0612 18:30:19.891941 140364053152576 basic_session_run_hooks.py:692] global_step/sec: 2.69338
INFO:tensorflow:global_step/sec: 2.70087
I0612 18:30:56.917092 140364053152576 basic_session_run_hooks.py:692] global_step/sec: 2.70087
INFO:tensorflow:global_step/sec: 2.71049
I0612 18:31:33.810812 140364053152576 basic_session_run_hooks.py:692] global_step/sec: 2.71049
INFO:tensorflow:global_step/sec: 2.70965
I0612 18:32:10.716017 140364053152576 basic_session_run_hooks.py:692] global_step/sec: 2.70965
INFO:tensorflow:global_step/sec: 2.63875
I0612 18:32:48.612699 140364053152576 basic_session_run_hooks.py:692] global_step/sec: 2.63875
I0612 18:32:48.613969 140364053152576 run_model.py:84] Step 79000: Loss 0.12753
INFO:tensorflow:global_step/sec: 2.65698
I0612 18:33:26.249397 140364053152576 basic_session_run_hooks.py:692] global_step/sec: 2.65698
INFO:tensorflow:global_step/sec: 2.63641
I0612 18:34:04.179723 140364053152576 basic_session_run_hooks.py:692] global_step/sec: 2.63641
INFO:tensorflow:global_step/sec: 2.66529
I0612 18:34:41.699090 140364053152576 basic_session_run_hooks.py:692] global_step/sec: 2.66529
INFO:tensorflow:global_step/sec: 2.65607
I0612 18:35:19.348735 140364053152576 basic_session_run_hooks.py:692] global_step/sec: 2.65607
INFO:tensorflow:Saving checkpoints for 79415 into Data/cylinder_flow/mgn/checkpoint/model.ckpt.
I0612 18:35:24.546951 140364053152576 basic_session_run_hooks.py:606] Saving checkpoints for 79415 into Data/cylinder_flow/mgn/checkpoint/model.ckpt.
INFO:tensorflow:global_step/sec: 2.62956
I0612 18:35:57.377995 140364053152576 basic_session_run_hooks.py:692] global_step/sec: 2.62956
INFO:tensorflow:global_step/sec: 2.6339
I0612 18:36:35.344414 140364053152576 basic_session_run_hooks.py:692] global_step/sec: 2.6339
INFO:tensorflow:global_step/sec: 2.6367
I0612 18:37:13.270658 140364053152576 basic_session_run_hooks.py:692] global_step/sec: 2.6367
INFO:tensorflow:global_step/sec: 2.65386
I0612 18:37:50.951542 140364053152576 basic_session_run_hooks.py:692] global_step/sec: 2.65386
INFO:tensorflow:global_step/sec: 2.60698
I0612 18:38:29.310084 140364053152576 basic_session_run_hooks.py:692] global_step/sec: 2.60698
INFO:tensorflow:global_step/sec: 2.68386
I0612 18:39:06.569830 140364053152576 basic_session_run_hooks.py:692] global_step/sec: 2.68386
I0612 18:39:06.570338 140364053152576 run_model.py:84] Step 80000: Loss 0.111677
INFO:tensorflow:global_step/sec: 2.65013
I0612 18:39:44.303912 140364053152576 basic_session_run_hooks.py:692] global_step/sec: 2.65013
INFO:tensorflow:global_step/sec: 2.59343
I0612 18:40:22.862833 140364053152576 basic_session_run_hooks.py:692] global_step/sec: 2.59343
INFO:tensorflow:global_step/sec: 2.64478
I0612 18:41:00.673224 140364053152576 basic_session_run_hooks.py:692] global_step/sec: 2.64478
INFO:tensorflow:global_step/sec: 2.63759
I0612 18:41:38.586582 140364053152576 basic_session_run_hooks.py:692] global_step/sec: 2.63759
INFO:tensorflow:global_step/sec: 2.6152
I0612 18:42:16.824538 140364053152576 basic_session_run_hooks.py:692] global_step/sec: 2.6152
INFO:tensorflow:global_step/sec: 2.5623
I0612 18:42:55.851966 140364053152576 basic_session_run_hooks.py:692] global_step/sec: 2.5623
INFO:tensorflow:global_step/sec: 2.62785
I0612 18:43:33.905904 140364053152576 basic_session_run_hooks.py:692] global_step/sec: 2.62785
INFO:tensorflow:global_step/sec: 2.62869
I0612 18:44:11.947667 140364053152576 basic_session_run_hooks.py:692] global_step/sec: 2.62869
INFO:tensorflow:global_step/sec: 2.65861
I0612 18:44:49.561250 140364053152576 basic_session_run_hooks.py:692] global_step/sec: 2.65861
INFO:tensorflow:Saving checkpoints for 80993 into Data/cylinder_flow/mgn/checkpoint/model.ckpt.
I0612 18:45:24.558108 140364053152576 basic_session_run_hooks.py:606] Saving checkpoints for 80993 into Data/cylinder_flow/mgn/checkpoint/model.ckpt.
INFO:tensorflow:global_step/sec: 2.58022
I0612 18:45:28.317578 140364053152576 basic_session_run_hooks.py:692] global_step/sec: 2.58022
I0612 18:45:28.318093 140364053152576 run_model.py:84] Step 81000: Loss 0.273412
INFO:tensorflow:global_step/sec: 2.62982
I0612 18:46:06.342959 140364053152576 basic_session_run_hooks.py:692] global_step/sec: 2.62982
INFO:tensorflow:global_step/sec: 2.58687
I0612 18:46:44.999655 140364053152576 basic_session_run_hooks.py:692] global_step/sec: 2.58687
INFO:tensorflow:global_step/sec: 2.61105
I0612 18:47:23.298404 140364053152576 basic_session_run_hooks.py:692] global_step/sec: 2.61105
INFO:tensorflow:global_step/sec: 2.64445
I0612 18:48:01.113485 140364053152576 basic_session_run_hooks.py:692] global_step/sec: 2.64445
INFO:tensorflow:global_step/sec: 2.6493
I0612 18:48:38.859283 140364053152576 basic_session_run_hooks.py:692] global_step/sec: 2.6493
INFO:tensorflow:global_step/sec: 2.60622
I0612 18:49:17.228973 140364053152576 basic_session_run_hooks.py:692] global_step/sec: 2.60622
INFO:tensorflow:global_step/sec: 2.63254
I0612 18:49:55.215126 140364053152576 basic_session_run_hooks.py:692] global_step/sec: 2.63254
INFO:tensorflow:global_step/sec: 2.62898
I0612 18:50:33.252774 140364053152576 basic_session_run_hooks.py:692] global_step/sec: 2.62898
INFO:tensorflow:global_step/sec: 2.68907
I0612 18:51:10.440353 140364053152576 basic_session_run_hooks.py:692] global_step/sec: 2.68907
INFO:tensorflow:global_step/sec: 2.71238
I0612 18:51:47.308365 140364053152576 basic_session_run_hooks.py:692] global_step/sec: 2.71238
I0612 18:51:47.308876 140364053152576 run_model.py:84] Step 82000: Loss 0.0621066
INFO:tensorflow:global_step/sec: 2.73403
I0612 18:52:23.884369 140364053152576 basic_session_run_hooks.py:692] global_step/sec: 2.73403
INFO:tensorflow:global_step/sec: 2.7375
I0612 18:53:00.414074 140364053152576 basic_session_run_hooks.py:692] global_step/sec: 2.7375
INFO:tensorflow:global_step/sec: 2.69917
I0612 18:53:37.462496 140364053152576 basic_session_run_hooks.py:692] global_step/sec: 2.69917
INFO:tensorflow:global_step/sec: 2.71094
I0612 18:54:14.350102 140364053152576 basic_session_run_hooks.py:692] global_step/sec: 2.71094
INFO:tensorflow:global_step/sec: 2.7326
I0612 18:54:50.945319 140364053152576 basic_session_run_hooks.py:692] global_step/sec: 2.7326
INFO:tensorflow:Saving checkpoints for 82593 into Data/cylinder_flow/mgn/checkpoint/model.ckpt.
I0612 18:55:24.761571 140364053152576 basic_session_run_hooks.py:606] Saving checkpoints for 82593 into Data/cylinder_flow/mgn/checkpoint/model.ckpt.
INFO:tensorflow:global_step/sec: 2.66294
I0612 18:55:28.497816 140364053152576 basic_session_run_hooks.py:692] global_step/sec: 2.66294
INFO:tensorflow:global_step/sec: 2.71478
I0612 18:56:05.333248 140364053152576 basic_session_run_hooks.py:692] global_step/sec: 2.71478
INFO:tensorflow:global_step/sec: 2.72416
I0612 18:56:42.041754 140364053152576 basic_session_run_hooks.py:692] global_step/sec: 2.72416
INFO:tensorflow:global_step/sec: 2.74727
I0612 18:57:18.441469 140364053152576 basic_session_run_hooks.py:692] global_step/sec: 2.74727
INFO:tensorflow:global_step/sec: 2.7249
I0612 18:57:55.140047 140364053152576 basic_session_run_hooks.py:692] global_step/sec: 2.7249
I0612 18:57:55.141167 140364053152576 run_model.py:84] Step 83000: Loss 0.0653497
INFO:tensorflow:global_step/sec: 2.73288
I0612 18:58:31.731460 140364053152576 basic_session_run_hooks.py:692] global_step/sec: 2.73288
INFO:tensorflow:global_step/sec: 2.76706
I0612 18:59:07.870971 140364053152576 basic_session_run_hooks.py:692] global_step/sec: 2.76706
INFO:tensorflow:global_step/sec: 2.72049
I0612 18:59:44.629074 140364053152576 basic_session_run_hooks.py:692] global_step/sec: 2.72049
INFO:tensorflow:global_step/sec: 2.72512
I0612 19:00:21.324731 140364053152576 basic_session_run_hooks.py:692] global_step/sec: 2.72512
INFO:tensorflow:global_step/sec: 2.78079
I0612 19:00:57.285783 140364053152576 basic_session_run_hooks.py:692] global_step/sec: 2.78079
INFO:tensorflow:global_step/sec: 2.75618
I0612 19:01:33.567869 140364053152576 basic_session_run_hooks.py:692] global_step/sec: 2.75618
INFO:tensorflow:global_step/sec: 2.77753
I0612 19:02:09.571118 140364053152576 basic_session_run_hooks.py:692] global_step/sec: 2.77753
INFO:tensorflow:global_step/sec: 2.76962
I0612 19:02:45.677119 140364053152576 basic_session_run_hooks.py:692] global_step/sec: 2.76962
INFO:tensorflow:global_step/sec: 2.7709
I0612 19:03:21.766524 140364053152576 basic_session_run_hooks.py:692] global_step/sec: 2.7709
INFO:tensorflow:global_step/sec: 2.77746
I0612 19:03:57.770683 140364053152576 basic_session_run_hooks.py:692] global_step/sec: 2.77746
I0612 19:03:57.771185 140364053152576 run_model.py:84] Step 84000: Loss 0.176614
INFO:tensorflow:global_step/sec: 2.80448
I0612 19:04:33.427954 140364053152576 basic_session_run_hooks.py:692] global_step/sec: 2.80448
INFO:tensorflow:global_step/sec: 2.74524
I0612 19:05:09.854673 140364053152576 basic_session_run_hooks.py:692] global_step/sec: 2.74524
INFO:tensorflow:Saving checkpoints for 84242 into Data/cylinder_flow/mgn/checkpoint/model.ckpt.
I0612 19:05:24.787779 140364053152576 basic_session_run_hooks.py:606] Saving checkpoints for 84242 into Data/cylinder_flow/mgn/checkpoint/model.ckpt.
INFO:tensorflow:global_step/sec: 2.69303
I0612 19:05:46.987495 140364053152576 basic_session_run_hooks.py:692] global_step/sec: 2.69303
INFO:tensorflow:global_step/sec: 2.7745
I0612 19:06:23.029980 140364053152576 basic_session_run_hooks.py:692] global_step/sec: 2.7745
INFO:tensorflow:global_step/sec: 2.76189
I0612 19:06:59.237069 140364053152576 basic_session_run_hooks.py:692] global_step/sec: 2.76189
INFO:tensorflow:global_step/sec: 2.78457
I0612 19:07:35.149307 140364053152576 basic_session_run_hooks.py:692] global_step/sec: 2.78457
INFO:tensorflow:global_step/sec: 2.76618
I0612 19:08:11.300241 140364053152576 basic_session_run_hooks.py:692] global_step/sec: 2.76618
INFO:tensorflow:global_step/sec: 2.82506
I0612 19:08:46.697665 140364053152576 basic_session_run_hooks.py:692] global_step/sec: 2.82506
INFO:tensorflow:global_step/sec: 2.74917
I0612 19:09:23.072233 140364053152576 basic_session_run_hooks.py:692] global_step/sec: 2.74917
INFO:tensorflow:global_step/sec: 2.77295
I0612 19:09:59.134894 140364053152576 basic_session_run_hooks.py:692] global_step/sec: 2.77295
I0612 19:09:59.136570 140364053152576 run_model.py:84] Step 85000: Loss 0.0997983
INFO:tensorflow:global_step/sec: 2.75822
I0612 19:10:35.390186 140364053152576 basic_session_run_hooks.py:692] global_step/sec: 2.75822
INFO:tensorflow:global_step/sec: 2.73383
I0612 19:11:11.968911 140364053152576 basic_session_run_hooks.py:692] global_step/sec: 2.73383
INFO:tensorflow:global_step/sec: 2.7181
I0612 19:11:48.759341 140364053152576 basic_session_run_hooks.py:692] global_step/sec: 2.7181
INFO:tensorflow:global_step/sec: 2.76232
I0612 19:12:24.960726 140364053152576 basic_session_run_hooks.py:692] global_step/sec: 2.76232
INFO:tensorflow:global_step/sec: 2.75391
I0612 19:13:01.272712 140364053152576 basic_session_run_hooks.py:692] global_step/sec: 2.75391
INFO:tensorflow:global_step/sec: 2.74864
I0612 19:13:37.654360 140364053152576 basic_session_run_hooks.py:692] global_step/sec: 2.74864
INFO:tensorflow:global_step/sec: 2.75812
I0612 19:14:13.910891 140364053152576 basic_session_run_hooks.py:692] global_step/sec: 2.75812
INFO:tensorflow:global_step/sec: 2.75328
I0612 19:14:50.231210 140364053152576 basic_session_run_hooks.py:692] global_step/sec: 2.75328
INFO:tensorflow:Saving checkpoints for 85896 into Data/cylinder_flow/mgn/checkpoint/model.ckpt.
I0612 19:15:24.996510 140364053152576 basic_session_run_hooks.py:606] Saving checkpoints for 85896 into Data/cylinder_flow/mgn/checkpoint/model.ckpt.
INFO:tensorflow:global_step/sec: 2.67956
I0612 19:15:27.550751 140364053152576 basic_session_run_hooks.py:692] global_step/sec: 2.67956
INFO:tensorflow:global_step/sec: 2.75718
I0612 19:16:03.819693 140364053152576 basic_session_run_hooks.py:692] global_step/sec: 2.75718
I0612 19:16:03.820291 140364053152576 run_model.py:84] Step 86000: Loss 0.157619
INFO:tensorflow:global_step/sec: 2.75463
I0612 19:16:40.122257 140364053152576 basic_session_run_hooks.py:692] global_step/sec: 2.75463
INFO:tensorflow:global_step/sec: 2.70149
I0612 19:17:17.138854 140364053152576 basic_session_run_hooks.py:692] global_step/sec: 2.70149
INFO:tensorflow:global_step/sec: 2.74571
I0612 19:17:53.559228 140364053152576 basic_session_run_hooks.py:692] global_step/sec: 2.74571
INFO:tensorflow:global_step/sec: 2.74213
I0612 19:18:30.027238 140364053152576 basic_session_run_hooks.py:692] global_step/sec: 2.74213
INFO:tensorflow:global_step/sec: 2.71539
I0612 19:19:06.854346 140364053152576 basic_session_run_hooks.py:692] global_step/sec: 2.71539
INFO:tensorflow:global_step/sec: 2.73511
I0612 19:19:43.415883 140364053152576 basic_session_run_hooks.py:692] global_step/sec: 2.73511
INFO:tensorflow:global_step/sec: 2.67678
I0612 19:20:20.774183 140364053152576 basic_session_run_hooks.py:692] global_step/sec: 2.67678
INFO:tensorflow:global_step/sec: 2.66742
I0612 19:20:58.263498 140364053152576 basic_session_run_hooks.py:692] global_step/sec: 2.66742
INFO:tensorflow:global_step/sec: 2.68552
I0612 19:21:35.500303 140364053152576 basic_session_run_hooks.py:692] global_step/sec: 2.68552
INFO:tensorflow:global_step/sec: 2.65589
I0612 19:22:13.152429 140364053152576 basic_session_run_hooks.py:692] global_step/sec: 2.65589
I0612 19:22:13.153564 140364053152576 run_model.py:84] Step 87000: Loss 0.145829
INFO:tensorflow:global_step/sec: 2.67102
I0612 19:22:50.591258 140364053152576 basic_session_run_hooks.py:692] global_step/sec: 2.67102
INFO:tensorflow:global_step/sec: 2.64152
I0612 19:23:28.448224 140364053152576 basic_session_run_hooks.py:692] global_step/sec: 2.64152
INFO:tensorflow:global_step/sec: 2.6539
I0612 19:24:06.128589 140364053152576 basic_session_run_hooks.py:692] global_step/sec: 2.6539
INFO:tensorflow:global_step/sec: 2.66444
I0612 19:24:43.659957 140364053152576 basic_session_run_hooks.py:692] global_step/sec: 2.66444
INFO:tensorflow:global_step/sec: 2.69742
I0612 19:25:20.732351 140364053152576 basic_session_run_hooks.py:692] global_step/sec: 2.69742
INFO:tensorflow:Saving checkpoints for 87513 into Data/cylinder_flow/mgn/checkpoint/model.ckpt.
I0612 19:25:25.255710 140364053152576 basic_session_run_hooks.py:606] Saving checkpoints for 87513 into Data/cylinder_flow/mgn/checkpoint/model.ckpt.
INFO:tensorflow:global_step/sec: 2.59808
I0612 19:25:59.222313 140364053152576 basic_session_run_hooks.py:692] global_step/sec: 2.59808
INFO:tensorflow:global_step/sec: 2.66489
I0612 19:26:36.747365 140364053152576 basic_session_run_hooks.py:692] global_step/sec: 2.66489
INFO:tensorflow:global_step/sec: 2.65195
I0612 19:27:14.455448 140364053152576 basic_session_run_hooks.py:692] global_step/sec: 2.65195
INFO:tensorflow:global_step/sec: 2.63896
I0612 19:27:52.349128 140364053152576 basic_session_run_hooks.py:692] global_step/sec: 2.63896
INFO:tensorflow:global_step/sec: 2.68432
I0612 19:28:29.602449 140364053152576 basic_session_run_hooks.py:692] global_step/sec: 2.68432
I0612 19:28:29.602948 140364053152576 run_model.py:84] Step 88000: Loss 0.129311
INFO:tensorflow:global_step/sec: 2.67194
I0612 19:29:07.028431 140364053152576 basic_session_run_hooks.py:692] global_step/sec: 2.67194
INFO:tensorflow:global_step/sec: 2.67313
I0612 19:29:44.437750 140364053152576 basic_session_run_hooks.py:692] global_step/sec: 2.67313
INFO:tensorflow:global_step/sec: 2.65687
I0612 19:30:22.076040 140364053152576 basic_session_run_hooks.py:692] global_step/sec: 2.65687
INFO:tensorflow:global_step/sec: 2.64743
I0612 19:30:59.848510 140364053152576 basic_session_run_hooks.py:692] global_step/sec: 2.64743
INFO:tensorflow:global_step/sec: 2.7002
I0612 19:31:36.882828 140364053152576 basic_session_run_hooks.py:692] global_step/sec: 2.7002
INFO:tensorflow:global_step/sec: 2.66065
I0612 19:32:14.467594 140364053152576 basic_session_run_hooks.py:692] global_step/sec: 2.66065
INFO:tensorflow:global_step/sec: 2.70056
I0612 19:32:51.496927 140364053152576 basic_session_run_hooks.py:692] global_step/sec: 2.70056
INFO:tensorflow:global_step/sec: 2.6873
I0612 19:33:28.709020 140364053152576 basic_session_run_hooks.py:692] global_step/sec: 2.6873
INFO:tensorflow:global_step/sec: 2.6714
I0612 19:34:06.142559 140364053152576 basic_session_run_hooks.py:692] global_step/sec: 2.6714
INFO:tensorflow:global_step/sec: 2.64508
I0612 19:34:43.948594 140364053152576 basic_session_run_hooks.py:692] global_step/sec: 2.64508
I0612 19:34:43.950212 140364053152576 run_model.py:84] Step 89000: Loss 0.139014
INFO:tensorflow:global_step/sec: 2.65768
I0612 19:35:21.575351 140364053152576 basic_session_run_hooks.py:692] global_step/sec: 2.65768
INFO:tensorflow:Saving checkpoints for 89111 into Data/cylinder_flow/mgn/checkpoint/model.ckpt.
I0612 19:35:25.385684 140364053152576 basic_session_run_hooks.py:606] Saving checkpoints for 89111 into Data/cylinder_flow/mgn/checkpoint/model.ckpt.
INFO:tensorflow:global_step/sec: 2.63563
I0612 19:35:59.517007 140364053152576 basic_session_run_hooks.py:692] global_step/sec: 2.63563
INFO:tensorflow:global_step/sec: 2.66453
I0612 19:36:37.047085 140364053152576 basic_session_run_hooks.py:692] global_step/sec: 2.66453
INFO:tensorflow:global_step/sec: 2.66075
I0612 19:37:14.630478 140364053152576 basic_session_run_hooks.py:692] global_step/sec: 2.66075
INFO:tensorflow:global_step/sec: 2.63923
I0612 19:37:52.520376 140364053152576 basic_session_run_hooks.py:692] global_step/sec: 2.63923
INFO:tensorflow:global_step/sec: 2.65885
I0612 19:38:30.130537 140364053152576 basic_session_run_hooks.py:692] global_step/sec: 2.65885
INFO:tensorflow:global_step/sec: 2.65907
I0612 19:39:07.737588 140364053152576 basic_session_run_hooks.py:692] global_step/sec: 2.65907
INFO:tensorflow:global_step/sec: 2.65647
I0612 19:39:45.381564 140364053152576 basic_session_run_hooks.py:692] global_step/sec: 2.65647
INFO:tensorflow:global_step/sec: 2.66166
I0612 19:40:22.952107 140364053152576 basic_session_run_hooks.py:692] global_step/sec: 2.66166
INFO:tensorflow:global_step/sec: 2.64759
I0612 19:41:00.722291 140364053152576 basic_session_run_hooks.py:692] global_step/sec: 2.64759
I0612 19:41:00.722786 140364053152576 run_model.py:84] Step 90000: Loss 0.158734
INFO:tensorflow:global_step/sec: 2.66542
I0612 19:41:38.239804 140364053152576 basic_session_run_hooks.py:692] global_step/sec: 2.66542
INFO:tensorflow:global_step/sec: 2.6885
I0612 19:42:15.435281 140364053152576 basic_session_run_hooks.py:692] global_step/sec: 2.6885
INFO:tensorflow:global_step/sec: 2.68217
I0612 19:42:52.718533 140364053152576 basic_session_run_hooks.py:692] global_step/sec: 2.68217
INFO:tensorflow:global_step/sec: 2.70236
I0612 19:43:29.723147 140364053152576 basic_session_run_hooks.py:692] global_step/sec: 2.70236
INFO:tensorflow:global_step/sec: 2.71487
I0612 19:44:06.557296 140364053152576 basic_session_run_hooks.py:692] global_step/sec: 2.71487
INFO:tensorflow:global_step/sec: 2.7466
I0612 19:44:42.965964 140364053152576 basic_session_run_hooks.py:692] global_step/sec: 2.7466
INFO:tensorflow:global_step/sec: 2.73068
I0612 19:45:19.586872 140364053152576 basic_session_run_hooks.py:692] global_step/sec: 2.73068
INFO:tensorflow:Saving checkpoints for 90717 into Data/cylinder_flow/mgn/checkpoint/model.ckpt.
I0612 19:45:25.605809 140364053152576 basic_session_run_hooks.py:606] Saving checkpoints for 90717 into Data/cylinder_flow/mgn/checkpoint/model.ckpt.
INFO:tensorflow:global_step/sec: 2.64419
I0612 19:45:57.405598 140364053152576 basic_session_run_hooks.py:692] global_step/sec: 2.64419
INFO:tensorflow:global_step/sec: 2.71007
I0612 19:46:34.304996 140364053152576 basic_session_run_hooks.py:692] global_step/sec: 2.71007
INFO:tensorflow:global_step/sec: 2.71001
I0612 19:47:11.205229 140364053152576 basic_session_run_hooks.py:692] global_step/sec: 2.71001
I0612 19:47:11.206871 140364053152576 run_model.py:84] Step 91000: Loss 0.0914294
INFO:tensorflow:global_step/sec: 2.69568
I0612 19:47:48.301544 140364053152576 basic_session_run_hooks.py:692] global_step/sec: 2.69568
INFO:tensorflow:global_step/sec: 2.7076
I0612 19:48:25.234686 140364053152576 basic_session_run_hooks.py:692] global_step/sec: 2.7076
INFO:tensorflow:global_step/sec: 2.74244
I0612 19:49:01.698505 140364053152576 basic_session_run_hooks.py:692] global_step/sec: 2.74244
INFO:tensorflow:global_step/sec: 2.72747
I0612 19:49:38.362574 140364053152576 basic_session_run_hooks.py:692] global_step/sec: 2.72747
INFO:tensorflow:global_step/sec: 2.6891
I0612 19:50:15.549778 140364053152576 basic_session_run_hooks.py:692] global_step/sec: 2.6891
INFO:tensorflow:global_step/sec: 2.67381
I0612 19:50:52.949662 140364053152576 basic_session_run_hooks.py:692] global_step/sec: 2.67381
INFO:tensorflow:global_step/sec: 2.6632
I0612 19:51:30.498517 140364053152576 basic_session_run_hooks.py:692] global_step/sec: 2.6632
INFO:tensorflow:global_step/sec: 2.67025
I0612 19:52:07.948221 140364053152576 basic_session_run_hooks.py:692] global_step/sec: 2.67025
INFO:tensorflow:global_step/sec: 2.6571
I0612 19:52:45.583203 140364053152576 basic_session_run_hooks.py:692] global_step/sec: 2.6571
INFO:tensorflow:global_step/sec: 2.71583
I0612 19:53:22.404365 140364053152576 basic_session_run_hooks.py:692] global_step/sec: 2.71583
I0612 19:53:22.404872 140364053152576 run_model.py:84] Step 92000: Loss 0.200851
INFO:tensorflow:global_step/sec: 2.64029
I0612 19:54:00.278929 140364053152576 basic_session_run_hooks.py:692] global_step/sec: 2.64029
INFO:tensorflow:global_step/sec: 2.61877
I0612 19:54:38.464850 140364053152576 basic_session_run_hooks.py:692] global_step/sec: 2.61877
INFO:tensorflow:global_step/sec: 2.64045
I0612 19:55:16.337181 140364053152576 basic_session_run_hooks.py:692] global_step/sec: 2.64045
INFO:tensorflow:Saving checkpoints for 92326 into Data/cylinder_flow/mgn/checkpoint/model.ckpt.
I0612 19:55:25.835179 140364053152576 basic_session_run_hooks.py:606] Saving checkpoints for 92326 into Data/cylinder_flow/mgn/checkpoint/model.ckpt.
INFO:tensorflow:global_step/sec: 2.58926
I0612 19:55:54.958316 140364053152576 basic_session_run_hooks.py:692] global_step/sec: 2.58926
INFO:tensorflow:global_step/sec: 2.6594
I0612 19:56:32.560786 140364053152576 basic_session_run_hooks.py:692] global_step/sec: 2.6594
INFO:tensorflow:global_step/sec: 2.62776
I0612 19:57:10.616085 140364053152576 basic_session_run_hooks.py:692] global_step/sec: 2.62776
INFO:tensorflow:global_step/sec: 2.63043
I0612 19:57:48.632661 140364053152576 basic_session_run_hooks.py:692] global_step/sec: 2.63043
INFO:tensorflow:global_step/sec: 2.62943
I0612 19:58:26.663736 140364053152576 basic_session_run_hooks.py:692] global_step/sec: 2.62943
INFO:tensorflow:global_step/sec: 2.64065
I0612 19:59:04.533179 140364053152576 basic_session_run_hooks.py:692] global_step/sec: 2.64065
INFO:tensorflow:global_step/sec: 2.63782
I0612 19:59:42.443295 140364053152576 basic_session_run_hooks.py:692] global_step/sec: 2.63782
I0612 19:59:42.444324 140364053152576 run_model.py:84] Step 93000: Loss 0.118593
INFO:tensorflow:global_step/sec: 2.6543
I0612 20:00:20.118002 140364053152576 basic_session_run_hooks.py:692] global_step/sec: 2.6543
INFO:tensorflow:global_step/sec: 2.67411
I0612 20:00:57.513571 140364053152576 basic_session_run_hooks.py:692] global_step/sec: 2.67411
INFO:tensorflow:global_step/sec: 2.67104
I0612 20:01:34.952195 140364053152576 basic_session_run_hooks.py:692] global_step/sec: 2.67104
INFO:tensorflow:global_step/sec: 2.67279
I0612 20:02:12.366214 140364053152576 basic_session_run_hooks.py:692] global_step/sec: 2.67279
INFO:tensorflow:global_step/sec: 2.70385
I0612 20:02:49.350488 140364053152576 basic_session_run_hooks.py:692] global_step/sec: 2.70385
INFO:tensorflow:global_step/sec: 2.71327
I0612 20:03:26.206337 140364053152576 basic_session_run_hooks.py:692] global_step/sec: 2.71327
INFO:tensorflow:global_step/sec: 2.70702
I0612 20:04:03.147281 140364053152576 basic_session_run_hooks.py:692] global_step/sec: 2.70702
INFO:tensorflow:global_step/sec: 2.69182
I0612 20:04:40.296803 140364053152576 basic_session_run_hooks.py:692] global_step/sec: 2.69182
INFO:tensorflow:global_step/sec: 2.62512
I0612 20:05:18.390249 140364053152576 basic_session_run_hooks.py:692] global_step/sec: 2.62512
INFO:tensorflow:Saving checkpoints for 93921 into Data/cylinder_flow/mgn/checkpoint/model.ckpt.
I0612 20:05:25.942898 140364053152576 basic_session_run_hooks.py:606] Saving checkpoints for 93921 into Data/cylinder_flow/mgn/checkpoint/model.ckpt.
INFO:tensorflow:global_step/sec: 2.5955
I0612 20:05:56.918589 140364053152576 basic_session_run_hooks.py:692] global_step/sec: 2.5955
I0612 20:05:56.919250 140364053152576 run_model.py:84] Step 94000: Loss 0.156376
INFO:tensorflow:global_step/sec: 2.63796
I0612 20:06:34.826533 140364053152576 basic_session_run_hooks.py:692] global_step/sec: 2.63796
INFO:tensorflow:global_step/sec: 2.64797
I0612 20:07:12.591331 140364053152576 basic_session_run_hooks.py:692] global_step/sec: 2.64797
INFO:tensorflow:global_step/sec: 2.64146
I0612 20:07:50.449195 140364053152576 basic_session_run_hooks.py:692] global_step/sec: 2.64146
INFO:tensorflow:global_step/sec: 2.6223
I0612 20:08:28.583703 140364053152576 basic_session_run_hooks.py:692] global_step/sec: 2.6223
INFO:tensorflow:global_step/sec: 2.64778
I0612 20:09:06.351204 140364053152576 basic_session_run_hooks.py:692] global_step/sec: 2.64778
INFO:tensorflow:global_step/sec: 2.67137
I0612 20:09:43.785119 140364053152576 basic_session_run_hooks.py:692] global_step/sec: 2.67137
INFO:tensorflow:global_step/sec: 2.67429
I0612 20:10:21.178213 140364053152576 basic_session_run_hooks.py:692] global_step/sec: 2.67429
INFO:tensorflow:global_step/sec: 2.65657
I0612 20:10:58.820689 140364053152576 basic_session_run_hooks.py:692] global_step/sec: 2.65657
INFO:tensorflow:global_step/sec: 2.66449
I0612 20:11:36.351363 140364053152576 basic_session_run_hooks.py:692] global_step/sec: 2.66449
INFO:tensorflow:global_step/sec: 2.64944
I0612 20:12:14.095159 140364053152576 basic_session_run_hooks.py:692] global_step/sec: 2.64944
I0612 20:12:14.096396 140364053152576 run_model.py:84] Step 95000: Loss 0.127632
INFO:tensorflow:global_step/sec: 2.60888
I0612 20:12:52.425732 140364053152576 basic_session_run_hooks.py:692] global_step/sec: 2.60888
INFO:tensorflow:global_step/sec: 2.64198
I0612 20:13:30.276184 140364053152576 basic_session_run_hooks.py:692] global_step/sec: 2.64198
INFO:tensorflow:global_step/sec: 2.6563
I0612 20:14:07.922563 140364053152576 basic_session_run_hooks.py:692] global_step/sec: 2.6563
INFO:tensorflow:global_step/sec: 2.63668
I0612 20:14:45.849109 140364053152576 basic_session_run_hooks.py:692] global_step/sec: 2.63668
INFO:tensorflow:global_step/sec: 2.63159
I0612 20:15:23.848964 140364053152576 basic_session_run_hooks.py:692] global_step/sec: 2.63159
INFO:tensorflow:Saving checkpoints for 95507 into Data/cylinder_flow/mgn/checkpoint/model.ckpt.
I0612 20:15:26.172531 140364053152576 basic_session_run_hooks.py:606] Saving checkpoints for 95507 into Data/cylinder_flow/mgn/checkpoint/model.ckpt.
INFO:tensorflow:global_step/sec: 2.57108
I0612 20:16:02.743148 140364053152576 basic_session_run_hooks.py:692] global_step/sec: 2.57108
INFO:tensorflow:global_step/sec: 2.62722
I0612 20:16:40.806104 140364053152576 basic_session_run_hooks.py:692] global_step/sec: 2.62722
INFO:tensorflow:global_step/sec: 2.64111
I0612 20:17:18.669013 140364053152576 basic_session_run_hooks.py:692] global_step/sec: 2.64111
INFO:tensorflow:global_step/sec: 2.65893
I0612 20:17:56.278113 140364053152576 basic_session_run_hooks.py:692] global_step/sec: 2.65893
INFO:tensorflow:global_step/sec: 2.63449
I0612 20:18:34.236159 140364053152576 basic_session_run_hooks.py:692] global_step/sec: 2.63449
I0612 20:18:34.236658 140364053152576 run_model.py:84] Step 96000: Loss 0.10587
INFO:tensorflow:global_step/sec: 2.62974
I0612 20:19:12.262728 140364053152576 basic_session_run_hooks.py:692] global_step/sec: 2.62974
INFO:tensorflow:global_step/sec: 2.63947
I0612 20:19:50.149198 140364053152576 basic_session_run_hooks.py:692] global_step/sec: 2.63947
INFO:tensorflow:global_step/sec: 2.62366
I0612 20:20:28.263883 140364053152576 basic_session_run_hooks.py:692] global_step/sec: 2.62366
INFO:tensorflow:global_step/sec: 2.62297
I0612 20:21:06.388586 140364053152576 basic_session_run_hooks.py:692] global_step/sec: 2.62297
INFO:tensorflow:global_step/sec: 2.62767
I0612 20:21:44.445138 140364053152576 basic_session_run_hooks.py:692] global_step/sec: 2.62767
INFO:tensorflow:global_step/sec: 2.64162
I0612 20:22:22.300729 140364053152576 basic_session_run_hooks.py:692] global_step/sec: 2.64162
INFO:tensorflow:global_step/sec: 2.64781
I0612 20:23:00.067782 140364053152576 basic_session_run_hooks.py:692] global_step/sec: 2.64781
INFO:tensorflow:global_step/sec: 2.61942
I0612 20:23:38.244160 140364053152576 basic_session_run_hooks.py:692] global_step/sec: 2.61942
INFO:tensorflow:global_step/sec: 2.67453
I0612 20:24:15.633948 140364053152576 basic_session_run_hooks.py:692] global_step/sec: 2.67453
INFO:tensorflow:global_step/sec: 2.68317
I0612 20:24:52.903325 140364053152576 basic_session_run_hooks.py:692] global_step/sec: 2.68317
I0612 20:24:52.904911 140364053152576 run_model.py:84] Step 97000: Loss 0.128012
INFO:tensorflow:Saving checkpoints for 97091 into Data/cylinder_flow/mgn/checkpoint/model.ckpt.
I0612 20:25:26.393982 140364053152576 basic_session_run_hooks.py:606] Saving checkpoints for 97091 into Data/cylinder_flow/mgn/checkpoint/model.ckpt.
INFO:tensorflow:global_step/sec: 2.63272
I0612 20:25:30.886797 140364053152576 basic_session_run_hooks.py:692] global_step/sec: 2.63272
INFO:tensorflow:global_step/sec: 2.6496
I0612 20:26:08.628299 140364053152576 basic_session_run_hooks.py:692] global_step/sec: 2.6496
INFO:tensorflow:global_step/sec: 2.66479
I0612 20:26:46.154772 140364053152576 basic_session_run_hooks.py:692] global_step/sec: 2.66479
INFO:tensorflow:global_step/sec: 2.68135
I0612 20:27:23.449479 140364053152576 basic_session_run_hooks.py:692] global_step/sec: 2.68135
INFO:tensorflow:global_step/sec: 2.65066
I0612 20:28:01.175945 140364053152576 basic_session_run_hooks.py:692] global_step/sec: 2.65066
INFO:tensorflow:global_step/sec: 2.65259
I0612 20:28:38.874918 140364053152576 basic_session_run_hooks.py:692] global_step/sec: 2.65259
INFO:tensorflow:global_step/sec: 2.638
I0612 20:29:16.782485 140364053152576 basic_session_run_hooks.py:692] global_step/sec: 2.638
INFO:tensorflow:global_step/sec: 2.6319
I0612 20:29:54.777902 140364053152576 basic_session_run_hooks.py:692] global_step/sec: 2.6319
INFO:tensorflow:global_step/sec: 2.67669
I0612 20:30:32.137392 140364053152576 basic_session_run_hooks.py:692] global_step/sec: 2.67669
INFO:tensorflow:global_step/sec: 2.66584
I0612 20:31:09.649049 140364053152576 basic_session_run_hooks.py:692] global_step/sec: 2.66584
I0612 20:31:09.649552 140364053152576 run_model.py:84] Step 98000: Loss 0.0612492
INFO:tensorflow:global_step/sec: 2.69228
I0612 20:31:46.792344 140364053152576 basic_session_run_hooks.py:692] global_step/sec: 2.69228
INFO:tensorflow:global_step/sec: 2.68837
I0612 20:32:23.989625 140364053152576 basic_session_run_hooks.py:692] global_step/sec: 2.68837
INFO:tensorflow:global_step/sec: 2.75385
I0612 20:33:00.302421 140364053152576 basic_session_run_hooks.py:692] global_step/sec: 2.75385
INFO:tensorflow:global_step/sec: 2.77114
I0612 20:33:36.388662 140364053152576 basic_session_run_hooks.py:692] global_step/sec: 2.77114
INFO:tensorflow:global_step/sec: 2.74367
I0612 20:34:12.836182 140364053152576 basic_session_run_hooks.py:692] global_step/sec: 2.74367
INFO:tensorflow:global_step/sec: 2.74073
I0612 20:34:49.322750 140364053152576 basic_session_run_hooks.py:692] global_step/sec: 2.74073
INFO:tensorflow:global_step/sec: 2.76055
I0612 20:35:25.547479 140364053152576 basic_session_run_hooks.py:692] global_step/sec: 2.76055
INFO:tensorflow:Saving checkpoints for 98704 into Data/cylinder_flow/mgn/checkpoint/model.ckpt.
I0612 20:35:26.639705 140364053152576 basic_session_run_hooks.py:606] Saving checkpoints for 98704 into Data/cylinder_flow/mgn/checkpoint/model.ckpt.
INFO:tensorflow:global_step/sec: 2.68164
I0612 20:36:02.838027 140364053152576 basic_session_run_hooks.py:692] global_step/sec: 2.68164
INFO:tensorflow:global_step/sec: 2.7101
I0612 20:36:39.736968 140364053152576 basic_session_run_hooks.py:692] global_step/sec: 2.7101
INFO:tensorflow:global_step/sec: 2.72541
I0612 20:37:16.428766 140364053152576 basic_session_run_hooks.py:692] global_step/sec: 2.72541
I0612 20:37:16.430288 140364053152576 run_model.py:84] Step 99000: Loss 0.250443
INFO:tensorflow:global_step/sec: 2.71481
I0612 20:37:53.263737 140364053152576 basic_session_run_hooks.py:692] global_step/sec: 2.71481
INFO:tensorflow:global_step/sec: 2.76693
I0612 20:38:29.404903 140364053152576 basic_session_run_hooks.py:692] global_step/sec: 2.76693
INFO:tensorflow:global_step/sec: 2.73836
I0612 20:39:05.923187 140364053152576 basic_session_run_hooks.py:692] global_step/sec: 2.73836
INFO:tensorflow:global_step/sec: 2.72426
I0612 20:39:42.630394 140364053152576 basic_session_run_hooks.py:692] global_step/sec: 2.72426
INFO:tensorflow:global_step/sec: 2.75206
I0612 20:40:18.966826 140364053152576 basic_session_run_hooks.py:692] global_step/sec: 2.75206
INFO:tensorflow:global_step/sec: 2.73578
I0612 20:40:55.519491 140364053152576 basic_session_run_hooks.py:692] global_step/sec: 2.73578
INFO:tensorflow:global_step/sec: 2.73509
I0612 20:41:32.081434 140364053152576 basic_session_run_hooks.py:692] global_step/sec: 2.73509
INFO:tensorflow:global_step/sec: 2.70373
I0612 20:42:09.067338 140364053152576 basic_session_run_hooks.py:692] global_step/sec: 2.70373
INFO:tensorflow:global_step/sec: 2.63332
I0612 20:42:47.042241 140364053152576 basic_session_run_hooks.py:692] global_step/sec: 2.63332
INFO:tensorflow:global_step/sec: 2.68098
I0612 20:43:24.342054 140364053152576 basic_session_run_hooks.py:692] global_step/sec: 2.68098
I0612 20:43:24.342539 140364053152576 run_model.py:84] Step 100000: Loss 0.0902436
INFO:tensorflow:global_step/sec: 2.68097
I0612 20:44:01.641927 140364053152576 basic_session_run_hooks.py:692] global_step/sec: 2.68097
INFO:tensorflow:global_step/sec: 2.67504
I0612 20:44:39.024541 140364053152576 basic_session_run_hooks.py:692] global_step/sec: 2.67504
INFO:tensorflow:global_step/sec: 2.7062
I0612 20:45:15.976714 140364053152576 basic_session_run_hooks.py:692] global_step/sec: 2.7062
INFO:tensorflow:Saving checkpoints for 100331 into Data/cylinder_flow/mgn/checkpoint/model.ckpt.
I0612 20:45:27.008409 140364053152576 basic_session_run_hooks.py:606] Saving checkpoints for 100331 into Data/cylinder_flow/mgn/checkpoint/model.ckpt.
INFO:tensorflow:global_step/sec: 2.67137
I0612 20:45:53.410676 140364053152576 basic_session_run_hooks.py:692] global_step/sec: 2.67137
INFO:tensorflow:global_step/sec: 2.75847
I0612 20:46:29.662656 140364053152576 basic_session_run_hooks.py:692] global_step/sec: 2.75847
INFO:tensorflow:global_step/sec: 2.72388
I0612 20:47:06.375053 140364053152576 basic_session_run_hooks.py:692] global_step/sec: 2.72388
INFO:tensorflow:global_step/sec: 2.76967
I0612 20:47:42.480400 140364053152576 basic_session_run_hooks.py:692] global_step/sec: 2.76967
INFO:tensorflow:global_step/sec: 2.79436
I0612 20:48:18.266734 140364053152576 basic_session_run_hooks.py:692] global_step/sec: 2.79436
INFO:tensorflow:global_step/sec: 2.72865
I0612 20:48:54.914868 140364053152576 basic_session_run_hooks.py:692] global_step/sec: 2.72865
INFO:tensorflow:global_step/sec: 2.74799
I0612 20:49:31.305071 140364053152576 basic_session_run_hooks.py:692] global_step/sec: 2.74799
I0612 20:49:31.306324 140364053152576 run_model.py:84] Step 101000: Loss 0.07298
INFO:tensorflow:global_step/sec: 2.75119
I0612 20:50:07.652935 140364053152576 basic_session_run_hooks.py:692] global_step/sec: 2.75119
INFO:tensorflow:global_step/sec: 2.71359
I0612 20:50:44.504470 140364053152576 basic_session_run_hooks.py:692] global_step/sec: 2.71359
INFO:tensorflow:global_step/sec: 2.76312
I0612 20:51:20.695390 140364053152576 basic_session_run_hooks.py:692] global_step/sec: 2.76312
INFO:tensorflow:global_step/sec: 2.75582
I0612 20:51:56.982280 140364053152576 basic_session_run_hooks.py:692] global_step/sec: 2.75582
INFO:tensorflow:global_step/sec: 2.76168
I0612 20:52:33.192074 140364053152576 basic_session_run_hooks.py:692] global_step/sec: 2.76168
INFO:tensorflow:global_step/sec: 2.73678
I0612 20:53:09.731430 140364053152576 basic_session_run_hooks.py:692] global_step/sec: 2.73678
INFO:tensorflow:global_step/sec: 2.74063
I0612 20:53:46.219416 140364053152576 basic_session_run_hooks.py:692] global_step/sec: 2.74063
INFO:tensorflow:global_step/sec: 2.76092
I0612 20:54:22.439225 140364053152576 basic_session_run_hooks.py:692] global_step/sec: 2.76092
INFO:tensorflow:global_step/sec: 2.76265
I0612 20:54:58.636322 140364053152576 basic_session_run_hooks.py:692] global_step/sec: 2.76265
INFO:tensorflow:Saving checkpoints for 101979 into Data/cylinder_flow/mgn/checkpoint/model.ckpt.
I0612 20:55:27.199923 140364053152576 basic_session_run_hooks.py:606] Saving checkpoints for 101979 into Data/cylinder_flow/mgn/checkpoint/model.ckpt.
INFO:tensorflow:global_step/sec: 2.67761
I0612 20:55:35.982995 140364053152576 basic_session_run_hooks.py:692] global_step/sec: 2.67761
I0612 20:55:35.983462 140364053152576 run_model.py:84] Step 102000: Loss 0.102417
INFO:tensorflow:global_step/sec: 2.74243
I0612 20:56:12.446996 140364053152576 basic_session_run_hooks.py:692] global_step/sec: 2.74243
INFO:tensorflow:global_step/sec: 2.7472
I0612 20:56:48.847706 140364053152576 basic_session_run_hooks.py:692] global_step/sec: 2.7472
INFO:tensorflow:global_step/sec: 2.73097
I0612 20:57:25.464710 140364053152576 basic_session_run_hooks.py:692] global_step/sec: 2.73097
INFO:tensorflow:global_step/sec: 2.6943
I0612 20:58:02.580046 140364053152576 basic_session_run_hooks.py:692] global_step/sec: 2.6943
INFO:tensorflow:global_step/sec: 2.73834
I0612 20:58:39.098536 140364053152576 basic_session_run_hooks.py:692] global_step/sec: 2.73834
INFO:tensorflow:global_step/sec: 2.76104
I0612 20:59:15.316837 140364053152576 basic_session_run_hooks.py:692] global_step/sec: 2.76104
INFO:tensorflow:global_step/sec: 2.71521
I0612 20:59:52.146369 140364053152576 basic_session_run_hooks.py:692] global_step/sec: 2.71521
INFO:tensorflow:global_step/sec: 2.78159
I0612 21:00:28.096985 140364053152576 basic_session_run_hooks.py:692] global_step/sec: 2.78159
INFO:tensorflow:global_step/sec: 2.71539
I0612 21:01:04.924105 140364053152576 basic_session_run_hooks.py:692] global_step/sec: 2.71539
INFO:tensorflow:global_step/sec: 2.73384
I0612 21:01:41.502731 140364053152576 basic_session_run_hooks.py:692] global_step/sec: 2.73384
I0612 21:01:41.504372 140364053152576 run_model.py:84] Step 103000: Loss 0.06844
INFO:tensorflow:global_step/sec: 2.72331
I0612 21:02:18.222806 140364053152576 basic_session_run_hooks.py:692] global_step/sec: 2.72331
INFO:tensorflow:global_step/sec: 2.74634
I0612 21:02:54.634882 140364053152576 basic_session_run_hooks.py:692] global_step/sec: 2.74634
INFO:tensorflow:global_step/sec: 2.69967
I0612 21:03:31.676347 140364053152576 basic_session_run_hooks.py:692] global_step/sec: 2.69967
INFO:tensorflow:global_step/sec: 2.7375
I0612 21:04:08.206092 140364053152576 basic_session_run_hooks.py:692] global_step/sec: 2.7375
INFO:tensorflow:global_step/sec: 2.75158
I0612 21:04:44.548830 140364053152576 basic_session_run_hooks.py:692] global_step/sec: 2.75158
INFO:tensorflow:global_step/sec: 2.77615
I0612 21:05:20.570004 140364053152576 basic_session_run_hooks.py:692] global_step/sec: 2.77615
INFO:tensorflow:Saving checkpoints for 103619 into Data/cylinder_flow/mgn/checkpoint/model.ckpt.
I0612 21:05:27.234766 140364053152576 basic_session_run_hooks.py:606] Saving checkpoints for 103619 into Data/cylinder_flow/mgn/checkpoint/model.ckpt.
INFO:tensorflow:global_step/sec: 2.6905
I0612 21:05:57.737739 140364053152576 basic_session_run_hooks.py:692] global_step/sec: 2.6905
INFO:tensorflow:global_step/sec: 2.78836
I0612 21:06:33.601120 140364053152576 basic_session_run_hooks.py:692] global_step/sec: 2.78836
INFO:tensorflow:global_step/sec: 2.79911
I0612 21:07:09.326825 140364053152576 basic_session_run_hooks.py:692] global_step/sec: 2.79911
INFO:tensorflow:global_step/sec: 2.76351
I0612 21:07:45.512711 140364053152576 basic_session_run_hooks.py:692] global_step/sec: 2.76351
I0612 21:07:45.513194 140364053152576 run_model.py:84] Step 104000: Loss 0.111149
INFO:tensorflow:global_step/sec: 2.71705
I0612 21:08:22.317349 140364053152576 basic_session_run_hooks.py:692] global_step/sec: 2.71705
INFO:tensorflow:global_step/sec: 2.75585
I0612 21:08:58.603830 140364053152576 basic_session_run_hooks.py:692] global_step/sec: 2.75585
INFO:tensorflow:global_step/sec: 2.73342
I0612 21:09:35.188009 140364053152576 basic_session_run_hooks.py:692] global_step/sec: 2.73342
INFO:tensorflow:global_step/sec: 2.73952
I0612 21:10:11.690760 140364053152576 basic_session_run_hooks.py:692] global_step/sec: 2.73952
INFO:tensorflow:global_step/sec: 2.74545
I0612 21:10:48.114627 140364053152576 basic_session_run_hooks.py:692] global_step/sec: 2.74545
INFO:tensorflow:global_step/sec: 2.75756
I0612 21:11:24.378572 140364053152576 basic_session_run_hooks.py:692] global_step/sec: 2.75756
INFO:tensorflow:global_step/sec: 2.70212
I0612 21:12:01.386500 140364053152576 basic_session_run_hooks.py:692] global_step/sec: 2.70212
INFO:tensorflow:global_step/sec: 2.72146
I0612 21:12:38.131516 140364053152576 basic_session_run_hooks.py:692] global_step/sec: 2.72146
INFO:tensorflow:global_step/sec: 2.71087
I0612 21:13:15.019981 140364053152576 basic_session_run_hooks.py:692] global_step/sec: 2.71087
INFO:tensorflow:global_step/sec: 2.68548
I0612 21:13:52.257258 140364053152576 basic_session_run_hooks.py:692] global_step/sec: 2.68548
I0612 21:13:52.258489 140364053152576 run_model.py:84] Step 105000: Loss 0.0602437
INFO:tensorflow:global_step/sec: 2.68768
I0612 21:14:29.464147 140364053152576 basic_session_run_hooks.py:692] global_step/sec: 2.68768
INFO:tensorflow:global_step/sec: 2.70417
I0612 21:15:06.444124 140364053152576 basic_session_run_hooks.py:692] global_step/sec: 2.70417
INFO:tensorflow:Saving checkpoints for 105258 into Data/cylinder_flow/mgn/checkpoint/model.ckpt.
I0612 21:15:27.327810 140364053152576 basic_session_run_hooks.py:606] Saving checkpoints for 105258 into Data/cylinder_flow/mgn/checkpoint/model.ckpt.
INFO:tensorflow:global_step/sec: 2.69734
I0612 21:15:43.517659 140364053152576 basic_session_run_hooks.py:692] global_step/sec: 2.69734
INFO:tensorflow:global_step/sec: 2.70728
I0612 21:16:20.455146 140364053152576 basic_session_run_hooks.py:692] global_step/sec: 2.70728
INFO:tensorflow:global_step/sec: 2.71746
I0612 21:16:57.254278 140364053152576 basic_session_run_hooks.py:692] global_step/sec: 2.71746
INFO:tensorflow:global_step/sec: 2.72734
I0612 21:17:33.920078 140364053152576 basic_session_run_hooks.py:692] global_step/sec: 2.72734
INFO:tensorflow:global_step/sec: 2.72403
I0612 21:18:10.630348 140364053152576 basic_session_run_hooks.py:692] global_step/sec: 2.72403
INFO:tensorflow:global_step/sec: 2.73804
I0612 21:18:47.152803 140364053152576 basic_session_run_hooks.py:692] global_step/sec: 2.73804
INFO:tensorflow:global_step/sec: 2.76104
I0612 21:19:23.371119 140364053152576 basic_session_run_hooks.py:692] global_step/sec: 2.76104
INFO:tensorflow:global_step/sec: 2.73279
I0612 21:19:59.963777 140364053152576 basic_session_run_hooks.py:692] global_step/sec: 2.73279
I0612 21:19:59.964284 140364053152576 run_model.py:84] Step 106000: Loss 0.158878
INFO:tensorflow:global_step/sec: 2.72216
I0612 21:20:36.699333 140364053152576 basic_session_run_hooks.py:692] global_step/sec: 2.72216
INFO:tensorflow:global_step/sec: 2.74438
I0612 21:21:13.137384 140364053152576 basic_session_run_hooks.py:692] global_step/sec: 2.74438
INFO:tensorflow:global_step/sec: 2.74711
I0612 21:21:49.539319 140364053152576 basic_session_run_hooks.py:692] global_step/sec: 2.74711
INFO:tensorflow:global_step/sec: 2.74432
I0612 21:22:25.978222 140364053152576 basic_session_run_hooks.py:692] global_step/sec: 2.74432
INFO:tensorflow:global_step/sec: 2.75587
I0612 21:23:02.264430 140364053152576 basic_session_run_hooks.py:692] global_step/sec: 2.75587
INFO:tensorflow:global_step/sec: 2.75432
I0612 21:23:38.571049 140364053152576 basic_session_run_hooks.py:692] global_step/sec: 2.75432
INFO:tensorflow:global_step/sec: 2.76117
I0612 21:24:14.787594 140364053152576 basic_session_run_hooks.py:692] global_step/sec: 2.76117
INFO:tensorflow:global_step/sec: 2.72608
I0612 21:24:51.470274 140364053152576 basic_session_run_hooks.py:692] global_step/sec: 2.72608
INFO:tensorflow:Saving checkpoints for 106899 into Data/cylinder_flow/mgn/checkpoint/model.ckpt.
I0612 21:25:27.352335 140364053152576 basic_session_run_hooks.py:606] Saving checkpoints for 106899 into Data/cylinder_flow/mgn/checkpoint/model.ckpt.
INFO:tensorflow:global_step/sec: 2.678
I0612 21:25:28.811558 140364053152576 basic_session_run_hooks.py:692] global_step/sec: 2.678
INFO:tensorflow:global_step/sec: 2.72199
I0612 21:26:05.549447 140364053152576 basic_session_run_hooks.py:692] global_step/sec: 2.72199
I0612 21:26:05.550418 140364053152576 run_model.py:84] Step 107000: Loss 0.0668482
INFO:tensorflow:global_step/sec: 2.68684
I0612 21:26:42.767817 140364053152576 basic_session_run_hooks.py:692] global_step/sec: 2.68684
INFO:tensorflow:global_step/sec: 2.71209
I0612 21:27:19.639750 140364053152576 basic_session_run_hooks.py:692] global_step/sec: 2.71209
INFO:tensorflow:global_step/sec: 2.69199
I0612 21:27:56.787041 140364053152576 basic_session_run_hooks.py:692] global_step/sec: 2.69199
INFO:tensorflow:global_step/sec: 2.69743
I0612 21:28:33.859308 140364053152576 basic_session_run_hooks.py:692] global_step/sec: 2.69743
INFO:tensorflow:global_step/sec: 2.70137
I0612 21:29:10.877566 140364053152576 basic_session_run_hooks.py:692] global_step/sec: 2.70137
INFO:tensorflow:global_step/sec: 2.70334
I0612 21:29:47.868801 140364053152576 basic_session_run_hooks.py:692] global_step/sec: 2.70334
INFO:tensorflow:global_step/sec: 2.7391
I0612 21:30:24.377137 140364053152576 basic_session_run_hooks.py:692] global_step/sec: 2.7391
INFO:tensorflow:global_step/sec: 2.78382
I0612 21:31:00.299004 140364053152576 basic_session_run_hooks.py:692] global_step/sec: 2.78382
INFO:tensorflow:global_step/sec: 2.78153
I0612 21:31:36.250466 140364053152576 basic_session_run_hooks.py:692] global_step/sec: 2.78153
INFO:tensorflow:global_step/sec: 2.74394
I0612 21:32:12.694375 140364053152576 basic_session_run_hooks.py:692] global_step/sec: 2.74394
I0612 21:32:12.694859 140364053152576 run_model.py:84] Step 108000: Loss 0.0438693
INFO:tensorflow:global_step/sec: 2.74203
I0612 21:32:49.163669 140364053152576 basic_session_run_hooks.py:692] global_step/sec: 2.74203
INFO:tensorflow:global_step/sec: 2.74789
I0612 21:33:25.555196 140364053152576 basic_session_run_hooks.py:692] global_step/sec: 2.74789
INFO:tensorflow:global_step/sec: 2.74338
I0612 21:34:02.006656 140364053152576 basic_session_run_hooks.py:692] global_step/sec: 2.74338
INFO:tensorflow:global_step/sec: 2.72809
I0612 21:34:38.662240 140364053152576 basic_session_run_hooks.py:692] global_step/sec: 2.72809
INFO:tensorflow:global_step/sec: 2.71205
I0612 21:35:15.534792 140364053152576 basic_session_run_hooks.py:692] global_step/sec: 2.71205
INFO:tensorflow:Saving checkpoints for 108533 into Data/cylinder_flow/mgn/checkpoint/model.ckpt.
I0612 21:35:27.356869 140364053152576 basic_session_run_hooks.py:606] Saving checkpoints for 108533 into Data/cylinder_flow/mgn/checkpoint/model.ckpt.
INFO:tensorflow:global_step/sec: 2.65344
I0612 21:35:53.221701 140364053152576 basic_session_run_hooks.py:692] global_step/sec: 2.65344
INFO:tensorflow:global_step/sec: 2.72867
I0612 21:36:29.869642 140364053152576 basic_session_run_hooks.py:692] global_step/sec: 2.72867
INFO:tensorflow:global_step/sec: 2.70694
I0612 21:37:06.811671 140364053152576 basic_session_run_hooks.py:692] global_step/sec: 2.70694
INFO:tensorflow:global_step/sec: 2.70381
I0612 21:37:43.796559 140364053152576 basic_session_run_hooks.py:692] global_step/sec: 2.70381
INFO:tensorflow:global_step/sec: 2.68927
I0612 21:38:20.981368 140364053152576 basic_session_run_hooks.py:692] global_step/sec: 2.68927
I0612 21:38:20.981860 140364053152576 run_model.py:84] Step 109000: Loss 0.0940123
INFO:tensorflow:global_step/sec: 2.72848
I0612 21:38:57.631830 140364053152576 basic_session_run_hooks.py:692] global_step/sec: 2.72848
INFO:tensorflow:global_step/sec: 2.70675
I0612 21:39:34.576503 140364053152576 basic_session_run_hooks.py:692] global_step/sec: 2.70675
INFO:tensorflow:global_step/sec: 2.7203
I0612 21:40:11.337184 140364053152576 basic_session_run_hooks.py:692] global_step/sec: 2.7203
INFO:tensorflow:global_step/sec: 2.69325
I0612 21:40:48.467121 140364053152576 basic_session_run_hooks.py:692] global_step/sec: 2.69325
INFO:tensorflow:global_step/sec: 2.72141
I0612 21:41:25.212826 140364053152576 basic_session_run_hooks.py:692] global_step/sec: 2.72141
INFO:tensorflow:global_step/sec: 2.72292
I0612 21:42:01.938073 140364053152576 basic_session_run_hooks.py:692] global_step/sec: 2.72292
INFO:tensorflow:global_step/sec: 2.6913
I0612 21:42:39.094780 140364053152576 basic_session_run_hooks.py:692] global_step/sec: 2.6913
INFO:tensorflow:global_step/sec: 2.70573
I0612 21:43:16.053361 140364053152576 basic_session_run_hooks.py:692] global_step/sec: 2.70573
INFO:tensorflow:global_step/sec: 2.67195
I0612 21:43:53.479241 140364053152576 basic_session_run_hooks.py:692] global_step/sec: 2.67195
INFO:tensorflow:global_step/sec: 2.69349
I0612 21:44:30.605806 140364053152576 basic_session_run_hooks.py:692] global_step/sec: 2.69349
I0612 21:44:30.606312 140364053152576 run_model.py:84] Step 110000: Loss 0.0415469
INFO:tensorflow:global_step/sec: 2.70488
I0612 21:45:07.576122 140364053152576 basic_session_run_hooks.py:692] global_step/sec: 2.70488
INFO:tensorflow:Saving checkpoints for 110155 into Data/cylinder_flow/mgn/checkpoint/model.ckpt.
I0612 21:45:27.682011 140364053152576 basic_session_run_hooks.py:606] Saving checkpoints for 110155 into Data/cylinder_flow/mgn/checkpoint/model.ckpt.
INFO:tensorflow:global_step/sec: 2.64362
I0612 21:45:45.403014 140364053152576 basic_session_run_hooks.py:692] global_step/sec: 2.64362
INFO:tensorflow:global_step/sec: 2.71765
I0612 21:46:22.199488 140364053152576 basic_session_run_hooks.py:692] global_step/sec: 2.71765
INFO:tensorflow:global_step/sec: 2.70765
I0612 21:46:59.131843 140364053152576 basic_session_run_hooks.py:692] global_step/sec: 2.70765
INFO:tensorflow:global_step/sec: 2.68441
I0612 21:47:36.383974 140364053152576 basic_session_run_hooks.py:692] global_step/sec: 2.68441
INFO:tensorflow:global_step/sec: 2.73106
I0612 21:48:12.999842 140364053152576 basic_session_run_hooks.py:692] global_step/sec: 2.73106
INFO:tensorflow:global_step/sec: 2.70499
I0612 21:48:49.968532 140364053152576 basic_session_run_hooks.py:692] global_step/sec: 2.70499
INFO:tensorflow:global_step/sec: 2.71846
I0612 21:49:26.754024 140364053152576 basic_session_run_hooks.py:692] global_step/sec: 2.71846
INFO:tensorflow:global_step/sec: 2.72546
I0612 21:50:03.445027 140364053152576 basic_session_run_hooks.py:692] global_step/sec: 2.72546
INFO:tensorflow:global_step/sec: 2.69459
I0612 21:50:40.556437 140364053152576 basic_session_run_hooks.py:692] global_step/sec: 2.69459
I0612 21:50:40.556949 140364053152576 run_model.py:84] Step 111000: Loss 0.0384174
INFO:tensorflow:global_step/sec: 2.73341
I0612 21:51:17.140814 140364053152576 basic_session_run_hooks.py:692] global_step/sec: 2.73341
INFO:tensorflow:global_step/sec: 2.72829
I0612 21:51:53.793871 140364053152576 basic_session_run_hooks.py:692] global_step/sec: 2.72829
INFO:tensorflow:global_step/sec: 2.74819
I0612 21:52:30.181371 140364053152576 basic_session_run_hooks.py:692] global_step/sec: 2.74819
INFO:tensorflow:global_step/sec: 2.72118
I0612 21:53:06.930137 140364053152576 basic_session_run_hooks.py:692] global_step/sec: 2.72118
INFO:tensorflow:global_step/sec: 2.75977
I0612 21:53:43.165037 140364053152576 basic_session_run_hooks.py:692] global_step/sec: 2.75977
INFO:tensorflow:global_step/sec: 2.7128
I0612 21:54:20.027374 140364053152576 basic_session_run_hooks.py:692] global_step/sec: 2.7128
INFO:tensorflow:global_step/sec: 2.78233
I0612 21:54:55.968441 140364053152576 basic_session_run_hooks.py:692] global_step/sec: 2.78233
INFO:tensorflow:Saving checkpoints for 111788 into Data/cylinder_flow/mgn/checkpoint/model.ckpt.
I0612 21:55:27.718586 140364053152576 basic_session_run_hooks.py:606] Saving checkpoints for 111788 into Data/cylinder_flow/mgn/checkpoint/model.ckpt.
INFO:tensorflow:global_step/sec: 2.67185
I0612 21:55:33.395676 140364053152576 basic_session_run_hooks.py:692] global_step/sec: 2.67185
INFO:tensorflow:global_step/sec: 2.71128
I0612 21:56:10.278589 140364053152576 basic_session_run_hooks.py:692] global_step/sec: 2.71128
INFO:tensorflow:global_step/sec: 2.67802
I0612 21:56:47.619621 140364053152576 basic_session_run_hooks.py:692] global_step/sec: 2.67802
I0612 21:56:47.620137 140364053152576 run_model.py:84] Step 112000: Loss 0.193158
INFO:tensorflow:global_step/sec: 2.70176
I0612 21:57:24.632483 140364053152576 basic_session_run_hooks.py:692] global_step/sec: 2.70176
INFO:tensorflow:global_step/sec: 2.70007
I0612 21:58:01.668500 140364053152576 basic_session_run_hooks.py:692] global_step/sec: 2.70007
INFO:tensorflow:global_step/sec: 2.68905
I0612 21:58:38.856312 140364053152576 basic_session_run_hooks.py:692] global_step/sec: 2.68905
INFO:tensorflow:global_step/sec: 2.67903
I0612 21:59:16.183231 140364053152576 basic_session_run_hooks.py:692] global_step/sec: 2.67903
INFO:tensorflow:global_step/sec: 2.7157
I0612 21:59:53.006116 140364053152576 basic_session_run_hooks.py:692] global_step/sec: 2.7157
INFO:tensorflow:global_step/sec: 2.70832
I0612 22:00:29.929345 140364053152576 basic_session_run_hooks.py:692] global_step/sec: 2.70832
INFO:tensorflow:global_step/sec: 2.70784
I0612 22:01:06.859211 140364053152576 basic_session_run_hooks.py:692] global_step/sec: 2.70784
INFO:tensorflow:global_step/sec: 2.73364
I0612 22:01:43.440450 140364053152576 basic_session_run_hooks.py:692] global_step/sec: 2.73364
INFO:tensorflow:global_step/sec: 2.74415
I0612 22:02:19.881603 140364053152576 basic_session_run_hooks.py:692] global_step/sec: 2.74415
INFO:tensorflow:global_step/sec: 2.77475
I0612 22:02:55.920911 140364053152576 basic_session_run_hooks.py:692] global_step/sec: 2.77475
I0612 22:02:55.921428 140364053152576 run_model.py:84] Step 113000: Loss 0.126225
INFO:tensorflow:global_step/sec: 2.71906
I0612 22:03:32.698322 140364053152576 basic_session_run_hooks.py:692] global_step/sec: 2.71906
INFO:tensorflow:global_step/sec: 2.6889
I0612 22:04:09.888213 140364053152576 basic_session_run_hooks.py:692] global_step/sec: 2.6889
INFO:tensorflow:global_step/sec: 2.7016
I0612 22:04:46.903319 140364053152576 basic_session_run_hooks.py:692] global_step/sec: 2.7016
INFO:tensorflow:global_step/sec: 2.74364
I0612 22:05:23.351295 140364053152576 basic_session_run_hooks.py:692] global_step/sec: 2.74364
INFO:tensorflow:Saving checkpoints for 113413 into Data/cylinder_flow/mgn/checkpoint/model.ckpt.
I0612 22:05:27.805292 140364053152576 basic_session_run_hooks.py:606] Saving checkpoints for 113413 into Data/cylinder_flow/mgn/checkpoint/model.ckpt.
INFO:tensorflow:global_step/sec: 2.66938
I0612 22:06:00.813234 140364053152576 basic_session_run_hooks.py:692] global_step/sec: 2.66938
INFO:tensorflow:global_step/sec: 2.76042
I0612 22:06:37.039558 140364053152576 basic_session_run_hooks.py:692] global_step/sec: 2.76042
INFO:tensorflow:global_step/sec: 2.78733
I0612 22:07:12.916222 140364053152576 basic_session_run_hooks.py:692] global_step/sec: 2.78733
INFO:tensorflow:global_step/sec: 2.77496
I0612 22:07:48.952707 140364053152576 basic_session_run_hooks.py:692] global_step/sec: 2.77496
INFO:tensorflow:global_step/sec: 2.74356
I0612 22:08:25.401728 140364053152576 basic_session_run_hooks.py:692] global_step/sec: 2.74356
INFO:tensorflow:global_step/sec: 2.79842
I0612 22:09:01.136211 140364053152576 basic_session_run_hooks.py:692] global_step/sec: 2.79842
I0612 22:09:01.136711 140364053152576 run_model.py:84] Step 114000: Loss 0.0735699
INFO:tensorflow:global_step/sec: 2.78291
I0612 22:09:37.069760 140364053152576 basic_session_run_hooks.py:692] global_step/sec: 2.78291
INFO:tensorflow:global_step/sec: 2.72577
I0612 22:10:13.756655 140364053152576 basic_session_run_hooks.py:692] global_step/sec: 2.72577
INFO:tensorflow:global_step/sec: 2.73716
I0612 22:10:50.290824 140364053152576 basic_session_run_hooks.py:692] global_step/sec: 2.73716
INFO:tensorflow:global_step/sec: 2.737
I0612 22:11:26.827179 140364053152576 basic_session_run_hooks.py:692] global_step/sec: 2.737
INFO:tensorflow:global_step/sec: 2.71255
I0612 22:12:03.692892 140364053152576 basic_session_run_hooks.py:692] global_step/sec: 2.71255
INFO:tensorflow:global_step/sec: 2.69085
I0612 22:12:40.855926 140364053152576 basic_session_run_hooks.py:692] global_step/sec: 2.69085
INFO:tensorflow:global_step/sec: 2.68043
I0612 22:13:18.163413 140364053152576 basic_session_run_hooks.py:692] global_step/sec: 2.68043
INFO:tensorflow:global_step/sec: 2.69042
I0612 22:13:55.332391 140364053152576 basic_session_run_hooks.py:692] global_step/sec: 2.69042
INFO:tensorflow:global_step/sec: 2.68972
I0612 22:14:32.511028 140364053152576 basic_session_run_hooks.py:692] global_step/sec: 2.68972
INFO:tensorflow:global_step/sec: 2.68279
I0612 22:15:09.785741 140364053152576 basic_session_run_hooks.py:692] global_step/sec: 2.68279
I0612 22:15:09.786288 140364053152576 run_model.py:84] Step 115000: Loss 0.218465
INFO:tensorflow:Saving checkpoints for 115050 into Data/cylinder_flow/mgn/checkpoint/model.ckpt.
I0612 22:15:28.032651 140364053152576 basic_session_run_hooks.py:606] Saving checkpoints for 115050 into Data/cylinder_flow/mgn/checkpoint/model.ckpt.
INFO:tensorflow:global_step/sec: 2.63592
I0612 22:15:47.723179 140364053152576 basic_session_run_hooks.py:692] global_step/sec: 2.63592
INFO:tensorflow:global_step/sec: 2.69186
I0612 22:16:24.872312 140364053152576 basic_session_run_hooks.py:692] global_step/sec: 2.69186
INFO:tensorflow:global_step/sec: 2.67272
I0612 22:17:02.287329 140364053152576 basic_session_run_hooks.py:692] global_step/sec: 2.67272
INFO:tensorflow:global_step/sec: 2.68476
I0612 22:17:39.534567 140364053152576 basic_session_run_hooks.py:692] global_step/sec: 2.68476
INFO:tensorflow:global_step/sec: 2.74033
I0612 22:18:16.026571 140364053152576 basic_session_run_hooks.py:692] global_step/sec: 2.74033
INFO:tensorflow:global_step/sec: 2.70907
I0612 22:18:52.939630 140364053152576 basic_session_run_hooks.py:692] global_step/sec: 2.70907
INFO:tensorflow:global_step/sec: 2.71786
I0612 22:19:29.733222 140364053152576 basic_session_run_hooks.py:692] global_step/sec: 2.71786
INFO:tensorflow:global_step/sec: 2.72098
I0612 22:20:06.484743 140364053152576 basic_session_run_hooks.py:692] global_step/sec: 2.72098
INFO:tensorflow:global_step/sec: 2.72112
I0612 22:20:43.234276 140364053152576 basic_session_run_hooks.py:692] global_step/sec: 2.72112
INFO:tensorflow:global_step/sec: 2.73342
I0612 22:21:19.818485 140364053152576 basic_session_run_hooks.py:692] global_step/sec: 2.73342
I0612 22:21:19.818978 140364053152576 run_model.py:84] Step 116000: Loss 0.0357104
INFO:tensorflow:global_step/sec: 2.73945
I0612 22:21:56.322104 140364053152576 basic_session_run_hooks.py:692] global_step/sec: 2.73945
INFO:tensorflow:global_step/sec: 2.75254
I0612 22:22:32.652216 140364053152576 basic_session_run_hooks.py:692] global_step/sec: 2.75254
INFO:tensorflow:global_step/sec: 2.7459
I0612 22:23:09.070198 140364053152576 basic_session_run_hooks.py:692] global_step/sec: 2.7459
INFO:tensorflow:global_step/sec: 2.75637
I0612 22:23:45.349855 140364053152576 basic_session_run_hooks.py:692] global_step/sec: 2.75637
INFO:tensorflow:global_step/sec: 2.77
I0612 22:24:21.450985 140364053152576 basic_session_run_hooks.py:692] global_step/sec: 2.77
INFO:tensorflow:global_step/sec: 2.71715
I0612 22:24:58.254244 140364053152576 basic_session_run_hooks.py:692] global_step/sec: 2.71715
INFO:tensorflow:Saving checkpoints for 116682 into Data/cylinder_flow/mgn/checkpoint/model.ckpt.
I0612 22:25:28.135405 140364053152576 basic_session_run_hooks.py:606] Saving checkpoints for 116682 into Data/cylinder_flow/mgn/checkpoint/model.ckpt.
INFO:tensorflow:global_step/sec: 2.66825
I0612 22:25:35.732010 140364053152576 basic_session_run_hooks.py:692] global_step/sec: 2.66825
INFO:tensorflow:global_step/sec: 2.72859
I0612 22:26:12.380995 140364053152576 basic_session_run_hooks.py:692] global_step/sec: 2.72859
INFO:tensorflow:global_step/sec: 2.70944
I0612 22:26:49.288892 140364053152576 basic_session_run_hooks.py:692] global_step/sec: 2.70944
INFO:tensorflow:global_step/sec: 2.70103
I0612 22:27:26.311802 140364053152576 basic_session_run_hooks.py:692] global_step/sec: 2.70103
I0612 22:27:26.312298 140364053152576 run_model.py:84] Step 117000: Loss 0.102487
INFO:tensorflow:global_step/sec: 2.74445
I0612 22:28:02.748926 140364053152576 basic_session_run_hooks.py:692] global_step/sec: 2.74445
INFO:tensorflow:global_step/sec: 2.73168
I0612 22:28:39.356406 140364053152576 basic_session_run_hooks.py:692] global_step/sec: 2.73168
INFO:tensorflow:global_step/sec: 2.73126
I0612 22:29:15.969506 140364053152576 basic_session_run_hooks.py:692] global_step/sec: 2.73126
INFO:tensorflow:global_step/sec: 2.77603
I0612 22:29:51.992141 140364053152576 basic_session_run_hooks.py:692] global_step/sec: 2.77603
INFO:tensorflow:global_step/sec: 2.75371
I0612 22:30:28.306724 140364053152576 basic_session_run_hooks.py:692] global_step/sec: 2.75371
INFO:tensorflow:global_step/sec: 2.74343
I0612 22:31:04.757452 140364053152576 basic_session_run_hooks.py:692] global_step/sec: 2.74343
INFO:tensorflow:global_step/sec: 2.7716
I0612 22:31:40.837597 140364053152576 basic_session_run_hooks.py:692] global_step/sec: 2.7716
INFO:tensorflow:global_step/sec: 2.70793
I0612 22:32:17.766182 140364053152576 basic_session_run_hooks.py:692] global_step/sec: 2.70793
INFO:tensorflow:global_step/sec: 2.77664
I0612 22:32:53.780982 140364053152576 basic_session_run_hooks.py:692] global_step/sec: 2.77664
INFO:tensorflow:global_step/sec: 2.77431
I0612 22:33:29.826021 140364053152576 basic_session_run_hooks.py:692] global_step/sec: 2.77431
I0612 22:33:29.826556 140364053152576 run_model.py:84] Step 118000: Loss 0.0904235
INFO:tensorflow:global_step/sec: 2.75501
I0612 22:34:06.123580 140364053152576 basic_session_run_hooks.py:692] global_step/sec: 2.75501
INFO:tensorflow:global_step/sec: 2.74637
I0612 22:34:42.535378 140364053152576 basic_session_run_hooks.py:692] global_step/sec: 2.74637
INFO:tensorflow:global_step/sec: 2.76619
I0612 22:35:18.686170 140364053152576 basic_session_run_hooks.py:692] global_step/sec: 2.76619
INFO:tensorflow:Saving checkpoints for 118327 into Data/cylinder_flow/mgn/checkpoint/model.ckpt.
I0612 22:35:28.228085 140364053152576 basic_session_run_hooks.py:606] Saving checkpoints for 118327 into Data/cylinder_flow/mgn/checkpoint/model.ckpt.
INFO:tensorflow:global_step/sec: 2.69719
I0612 22:35:55.761829 140364053152576 basic_session_run_hooks.py:692] global_step/sec: 2.69719
INFO:tensorflow:global_step/sec: 2.75609
I0612 22:36:32.045099 140364053152576 basic_session_run_hooks.py:692] global_step/sec: 2.75609
INFO:tensorflow:global_step/sec: 2.79818
I0612 22:37:07.782599 140364053152576 basic_session_run_hooks.py:692] global_step/sec: 2.79818
INFO:tensorflow:global_step/sec: 2.77132
I0612 22:37:43.866442 140364053152576 basic_session_run_hooks.py:692] global_step/sec: 2.77132
INFO:tensorflow:global_step/sec: 2.76417
I0612 22:38:20.043577 140364053152576 basic_session_run_hooks.py:692] global_step/sec: 2.76417
INFO:tensorflow:global_step/sec: 2.73888
I0612 22:38:56.554915 140364053152576 basic_session_run_hooks.py:692] global_step/sec: 2.73888
INFO:tensorflow:global_step/sec: 2.7531
I0612 22:39:32.877609 140364053152576 basic_session_run_hooks.py:692] global_step/sec: 2.7531
I0612 22:39:32.878129 140364053152576 run_model.py:84] Step 119000: Loss 0.0331623
INFO:tensorflow:global_step/sec: 2.76451
I0612 22:40:09.050357 140364053152576 basic_session_run_hooks.py:692] global_step/sec: 2.76451
INFO:tensorflow:global_step/sec: 2.75499
I0612 22:40:45.348122 140364053152576 basic_session_run_hooks.py:692] global_step/sec: 2.75499
INFO:tensorflow:global_step/sec: 2.7673
I0612 22:41:21.484370 140364053152576 basic_session_run_hooks.py:692] global_step/sec: 2.7673
INFO:tensorflow:global_step/sec: 2.76598
I0612 22:41:57.637930 140364053152576 basic_session_run_hooks.py:692] global_step/sec: 2.76598
INFO:tensorflow:global_step/sec: 2.75693
I0612 22:42:33.910150 140364053152576 basic_session_run_hooks.py:692] global_step/sec: 2.75693
INFO:tensorflow:global_step/sec: 2.71871
I0612 22:43:10.692302 140364053152576 basic_session_run_hooks.py:692] global_step/sec: 2.71871
INFO:tensorflow:global_step/sec: 2.74277
I0612 22:43:47.151709 140364053152576 basic_session_run_hooks.py:692] global_step/sec: 2.74277
INFO:tensorflow:global_step/sec: 2.76143
I0612 22:44:23.364728 140364053152576 basic_session_run_hooks.py:692] global_step/sec: 2.76143
INFO:tensorflow:global_step/sec: 2.76464
I0612 22:44:59.535835 140364053152576 basic_session_run_hooks.py:692] global_step/sec: 2.76464
INFO:tensorflow:Saving checkpoints for 119981 into Data/cylinder_flow/mgn/checkpoint/model.ckpt.
I0612 22:45:28.492158 140364053152576 basic_session_run_hooks.py:606] Saving checkpoints for 119981 into Data/cylinder_flow/mgn/checkpoint/model.ckpt.
INFO:tensorflow:global_step/sec: 2.7078
I0612 22:45:36.466238 140364053152576 basic_session_run_hooks.py:692] global_step/sec: 2.7078
I0612 22:45:36.466732 140364053152576 run_model.py:84] Step 120000: Loss 0.0450998
INFO:tensorflow:global_step/sec: 2.76233
I0612 22:46:12.667495 140364053152576 basic_session_run_hooks.py:692] global_step/sec: 2.76233
INFO:tensorflow:global_step/sec: 2.73346
I0612 22:46:49.251188 140364053152576 basic_session_run_hooks.py:692] global_step/sec: 2.73346
INFO:tensorflow:global_step/sec: 2.6811
I0612 22:47:26.549236 140364053152576 basic_session_run_hooks.py:692] global_step/sec: 2.6811
INFO:tensorflow:global_step/sec: 2.69356
I0612 22:48:03.674836 140364053152576 basic_session_run_hooks.py:692] global_step/sec: 2.69356
INFO:tensorflow:global_step/sec: 2.70706
I0612 22:48:40.615305 140364053152576 basic_session_run_hooks.py:692] global_step/sec: 2.70706
INFO:tensorflow:global_step/sec: 2.69771
I0612 22:49:17.683763 140364053152576 basic_session_run_hooks.py:692] global_step/sec: 2.69771
INFO:tensorflow:global_step/sec: 2.69556
I0612 22:49:54.781766 140364053152576 basic_session_run_hooks.py:692] global_step/sec: 2.69556
INFO:tensorflow:global_step/sec: 2.69536
I0612 22:50:31.882609 140364053152576 basic_session_run_hooks.py:692] global_step/sec: 2.69536
INFO:tensorflow:global_step/sec: 2.67928
I0612 22:51:09.206110 140364053152576 basic_session_run_hooks.py:692] global_step/sec: 2.67928
INFO:tensorflow:global_step/sec: 2.7172
I0612 22:51:46.008710 140364053152576 basic_session_run_hooks.py:692] global_step/sec: 2.7172
I0612 22:51:46.009196 140364053152576 run_model.py:84] Step 121000: Loss 0.0743009
INFO:tensorflow:global_step/sec: 2.69607
I0612 22:52:23.099732 140364053152576 basic_session_run_hooks.py:692] global_step/sec: 2.69607
INFO:tensorflow:global_step/sec: 2.69647
I0612 22:53:00.185272 140364053152576 basic_session_run_hooks.py:692] global_step/sec: 2.69647
INFO:tensorflow:global_step/sec: 2.71896
I0612 22:53:36.964115 140364053152576 basic_session_run_hooks.py:692] global_step/sec: 2.71896
INFO:tensorflow:global_step/sec: 2.75384
I0612 22:54:13.277067 140364053152576 basic_session_run_hooks.py:692] global_step/sec: 2.75384
INFO:tensorflow:global_step/sec: 2.76829
I0612 22:54:49.400506 140364053152576 basic_session_run_hooks.py:692] global_step/sec: 2.76829
INFO:tensorflow:global_step/sec: 2.76252
I0612 22:55:25.599300 140364053152576 basic_session_run_hooks.py:692] global_step/sec: 2.76252
INFO:tensorflow:Saving checkpoints for 121610 into Data/cylinder_flow/mgn/checkpoint/model.ckpt.
I0612 22:55:28.732017 140364053152576 basic_session_run_hooks.py:606] Saving checkpoints for 121610 into Data/cylinder_flow/mgn/checkpoint/model.ckpt.
INFO:tensorflow:global_step/sec: 2.71663
I0612 22:56:02.409670 140364053152576 basic_session_run_hooks.py:692] global_step/sec: 2.71663
INFO:tensorflow:global_step/sec: 2.77227
I0612 22:56:38.481199 140364053152576 basic_session_run_hooks.py:692] global_step/sec: 2.77227
INFO:tensorflow:global_step/sec: 2.7459
I0612 22:57:14.899123 140364053152576 basic_session_run_hooks.py:692] global_step/sec: 2.7459
INFO:tensorflow:global_step/sec: 2.76995
I0612 22:57:51.000858 140364053152576 basic_session_run_hooks.py:692] global_step/sec: 2.76995
I0612 22:57:51.001374 140364053152576 run_model.py:84] Step 122000: Loss 0.100743
INFO:tensorflow:global_step/sec: 2.7579
I0612 22:58:27.260318 140364053152576 basic_session_run_hooks.py:692] global_step/sec: 2.7579
INFO:tensorflow:global_step/sec: 2.76675
I0612 22:59:03.403866 140364053152576 basic_session_run_hooks.py:692] global_step/sec: 2.76675
INFO:tensorflow:global_step/sec: 2.76192
I0612 22:59:39.610553 140364053152576 basic_session_run_hooks.py:692] global_step/sec: 2.76192
INFO:tensorflow:global_step/sec: 2.74895
I0612 23:00:15.988008 140364053152576 basic_session_run_hooks.py:692] global_step/sec: 2.74895
INFO:tensorflow:global_step/sec: 2.76591
I0612 23:00:52.142539 140364053152576 basic_session_run_hooks.py:692] global_step/sec: 2.76591
INFO:tensorflow:global_step/sec: 2.79323
I0612 23:01:27.943331 140364053152576 basic_session_run_hooks.py:692] global_step/sec: 2.79323
INFO:tensorflow:global_step/sec: 2.79602
I0612 23:02:03.708507 140364053152576 basic_session_run_hooks.py:692] global_step/sec: 2.79602
INFO:tensorflow:global_step/sec: 2.76257
I0612 23:02:39.906676 140364053152576 basic_session_run_hooks.py:692] global_step/sec: 2.76257
INFO:tensorflow:global_step/sec: 2.78237
I0612 23:03:15.847302 140364053152576 basic_session_run_hooks.py:692] global_step/sec: 2.78237
INFO:tensorflow:global_step/sec: 2.7509
I0612 23:03:52.199111 140364053152576 basic_session_run_hooks.py:692] global_step/sec: 2.7509
I0612 23:03:52.199677 140364053152576 run_model.py:84] Step 123000: Loss 0.103236
INFO:tensorflow:global_step/sec: 2.78697
I0612 23:04:28.080337 140364053152576 basic_session_run_hooks.py:692] global_step/sec: 2.78697
INFO:tensorflow:global_step/sec: 2.76575
I0612 23:05:04.236833 140364053152576 basic_session_run_hooks.py:692] global_step/sec: 2.76575
INFO:tensorflow:Saving checkpoints for 123269 into Data/cylinder_flow/mgn/checkpoint/model.ckpt.
I0612 23:05:28.849929 140364053152576 basic_session_run_hooks.py:606] Saving checkpoints for 123269 into Data/cylinder_flow/mgn/checkpoint/model.ckpt.
INFO:tensorflow:global_step/sec: 2.71348
I0612 23:05:41.089783 140364053152576 basic_session_run_hooks.py:692] global_step/sec: 2.71348
INFO:tensorflow:global_step/sec: 2.7791
I0612 23:06:17.072725 140364053152576 basic_session_run_hooks.py:692] global_step/sec: 2.7791
INFO:tensorflow:global_step/sec: 2.76905
I0612 23:06:53.186169 140364053152576 basic_session_run_hooks.py:692] global_step/sec: 2.76905
INFO:tensorflow:global_step/sec: 2.7264
I0612 23:07:29.864549 140364053152576 basic_session_run_hooks.py:692] global_step/sec: 2.7264
INFO:tensorflow:global_step/sec: 2.75178
I0612 23:08:06.204665 140364053152576 basic_session_run_hooks.py:692] global_step/sec: 2.75178
INFO:tensorflow:global_step/sec: 2.85342
I0612 23:08:41.250404 140364053152576 basic_session_run_hooks.py:692] global_step/sec: 2.85342
INFO:tensorflow:global_step/sec: 2.83526
I0612 23:09:16.520478 140364053152576 basic_session_run_hooks.py:692] global_step/sec: 2.83526
INFO:tensorflow:global_step/sec: 2.88327
I0612 23:09:51.203364 140364053152576 basic_session_run_hooks.py:692] global_step/sec: 2.88327
I0612 23:09:51.204911 140364053152576 run_model.py:84] Step 124000: Loss 0.0696397
INFO:tensorflow:global_step/sec: 2.86197
I0612 23:10:26.144407 140364053152576 basic_session_run_hooks.py:692] global_step/sec: 2.86197
INFO:tensorflow:global_step/sec: 2.8322
I0612 23:11:01.452625 140364053152576 basic_session_run_hooks.py:692] global_step/sec: 2.8322
INFO:tensorflow:global_step/sec: 2.8551
I0612 23:11:36.477640 140364053152576 basic_session_run_hooks.py:692] global_step/sec: 2.8551
INFO:tensorflow:global_step/sec: 2.82938
I0612 23:12:11.821076 140364053152576 basic_session_run_hooks.py:692] global_step/sec: 2.82938
INFO:tensorflow:global_step/sec: 2.84929
I0612 23:12:46.917558 140364053152576 basic_session_run_hooks.py:692] global_step/sec: 2.84929
INFO:tensorflow:global_step/sec: 2.85328
I0612 23:13:21.964923 140364053152576 basic_session_run_hooks.py:692] global_step/sec: 2.85328
INFO:tensorflow:global_step/sec: 2.86648
I0612 23:13:56.850893 140364053152576 basic_session_run_hooks.py:692] global_step/sec: 2.86648
INFO:tensorflow:global_step/sec: 2.83559
I0612 23:14:32.116939 140364053152576 basic_session_run_hooks.py:692] global_step/sec: 2.83559
INFO:tensorflow:global_step/sec: 2.84956
I0612 23:15:07.210036 140364053152576 basic_session_run_hooks.py:692] global_step/sec: 2.84956
INFO:tensorflow:Saving checkpoints for 124962 into Data/cylinder_flow/mgn/checkpoint/model.ckpt.
I0612 23:15:28.917630 140364053152576 basic_session_run_hooks.py:606] Saving checkpoints for 124962 into Data/cylinder_flow/mgn/checkpoint/model.ckpt.
INFO:tensorflow:global_step/sec: 2.75106
I0612 23:15:43.559650 140364053152576 basic_session_run_hooks.py:692] global_step/sec: 2.75106
I0612 23:15:43.560138 140364053152576 run_model.py:84] Step 125000: Loss 0.0698358
INFO:tensorflow:global_step/sec: 2.73972
I0612 23:16:20.059782 140364053152576 basic_session_run_hooks.py:692] global_step/sec: 2.73972
INFO:tensorflow:global_step/sec: 2.81927
I0612 23:16:55.530062 140364053152576 basic_session_run_hooks.py:692] global_step/sec: 2.81927
INFO:tensorflow:global_step/sec: 2.7927
I0612 23:17:31.337619 140364053152576 basic_session_run_hooks.py:692] global_step/sec: 2.7927
INFO:tensorflow:global_step/sec: 2.7596
I0612 23:18:07.574750 140364053152576 basic_session_run_hooks.py:692] global_step/sec: 2.7596
INFO:tensorflow:global_step/sec: 2.77431
I0612 23:18:43.619783 140364053152576 basic_session_run_hooks.py:692] global_step/sec: 2.77431
INFO:tensorflow:global_step/sec: 2.77518
I0612 23:19:19.653470 140364053152576 basic_session_run_hooks.py:692] global_step/sec: 2.77518
INFO:tensorflow:global_step/sec: 2.75111
I0612 23:19:56.002395 140364053152576 basic_session_run_hooks.py:692] global_step/sec: 2.75111
INFO:tensorflow:global_step/sec: 2.76408
I0612 23:20:32.180780 140364053152576 basic_session_run_hooks.py:692] global_step/sec: 2.76408
INFO:tensorflow:global_step/sec: 2.76438
I0612 23:21:08.355275 140364053152576 basic_session_run_hooks.py:692] global_step/sec: 2.76438
INFO:tensorflow:global_step/sec: 2.75602
I0612 23:21:44.639422 140364053152576 basic_session_run_hooks.py:692] global_step/sec: 2.75602
I0612 23:21:44.640629 140364053152576 run_model.py:84] Step 126000: Loss 0.0864825
INFO:tensorflow:global_step/sec: 2.74311
I0612 23:22:21.094334 140364053152576 basic_session_run_hooks.py:692] global_step/sec: 2.74311
INFO:tensorflow:global_step/sec: 2.72342
I0612 23:22:57.812900 140364053152576 basic_session_run_hooks.py:692] global_step/sec: 2.72342
INFO:tensorflow:global_step/sec: 2.68208
I0612 23:23:35.097369 140364053152576 basic_session_run_hooks.py:692] global_step/sec: 2.68208
INFO:tensorflow:global_step/sec: 2.68936
I0612 23:24:12.281028 140364053152576 basic_session_run_hooks.py:692] global_step/sec: 2.68936
INFO:tensorflow:global_step/sec: 2.71466
I0612 23:24:49.117997 140364053152576 basic_session_run_hooks.py:692] global_step/sec: 2.71466
INFO:tensorflow:global_step/sec: 2.75863
I0612 23:25:25.367901 140364053152576 basic_session_run_hooks.py:692] global_step/sec: 2.75863
INFO:tensorflow:Saving checkpoints for 126611 into Data/cylinder_flow/mgn/checkpoint/model.ckpt.
I0612 23:25:29.151944 140364053152576 basic_session_run_hooks.py:606] Saving checkpoints for 126611 into Data/cylinder_flow/mgn/checkpoint/model.ckpt.
INFO:tensorflow:global_step/sec: 2.69638
I0612 23:26:02.454673 140364053152576 basic_session_run_hooks.py:692] global_step/sec: 2.69638
INFO:tensorflow:global_step/sec: 2.77365
I0612 23:26:38.508262 140364053152576 basic_session_run_hooks.py:692] global_step/sec: 2.77365
INFO:tensorflow:global_step/sec: 2.75118
I0612 23:27:14.856338 140364053152576 basic_session_run_hooks.py:692] global_step/sec: 2.75118
INFO:tensorflow:global_step/sec: 2.74105
I0612 23:27:51.338714 140364053152576 basic_session_run_hooks.py:692] global_step/sec: 2.74105
I0612 23:27:51.339216 140364053152576 run_model.py:84] Step 127000: Loss 0.0488686
INFO:tensorflow:global_step/sec: 2.68334
I0612 23:28:28.605663 140364053152576 basic_session_run_hooks.py:692] global_step/sec: 2.68334
INFO:tensorflow:global_step/sec: 2.70749
I0612 23:29:05.540212 140364053152576 basic_session_run_hooks.py:692] global_step/sec: 2.70749
INFO:tensorflow:global_step/sec: 2.70447
I0612 23:29:42.516033 140364053152576 basic_session_run_hooks.py:692] global_step/sec: 2.70447
INFO:tensorflow:global_step/sec: 2.73465
I0612 23:30:19.083678 140364053152576 basic_session_run_hooks.py:692] global_step/sec: 2.73465
INFO:tensorflow:global_step/sec: 2.74189
I0612 23:30:55.554823 140364053152576 basic_session_run_hooks.py:692] global_step/sec: 2.74189
INFO:tensorflow:global_step/sec: 2.73344
I0612 23:31:32.138759 140364053152576 basic_session_run_hooks.py:692] global_step/sec: 2.73344
INFO:tensorflow:global_step/sec: 2.781
I0612 23:32:08.097062 140364053152576 basic_session_run_hooks.py:692] global_step/sec: 2.781
INFO:tensorflow:global_step/sec: 2.81928
I0612 23:32:43.567085 140364053152576 basic_session_run_hooks.py:692] global_step/sec: 2.81928
INFO:tensorflow:global_step/sec: 2.7546
I0612 23:33:19.869953 140364053152576 basic_session_run_hooks.py:692] global_step/sec: 2.7546
INFO:tensorflow:global_step/sec: 2.73874
I0612 23:33:56.383041 140364053152576 basic_session_run_hooks.py:692] global_step/sec: 2.73874
I0612 23:33:56.384193 140364053152576 run_model.py:84] Step 128000: Loss 0.116515
INFO:tensorflow:global_step/sec: 2.76109
I0612 23:34:32.600645 140364053152576 basic_session_run_hooks.py:692] global_step/sec: 2.76109
INFO:tensorflow:global_step/sec: 2.79864
I0612 23:35:08.332194 140364053152576 basic_session_run_hooks.py:692] global_step/sec: 2.79864
INFO:tensorflow:Saving checkpoints for 128260 into Data/cylinder_flow/mgn/checkpoint/model.ckpt.
I0612 23:35:29.526565 140364053152576 basic_session_run_hooks.py:606] Saving checkpoints for 128260 into Data/cylinder_flow/mgn/checkpoint/model.ckpt.
INFO:tensorflow:global_step/sec: 2.69263
I0612 23:35:45.470558 140364053152576 basic_session_run_hooks.py:692] global_step/sec: 2.69263
INFO:tensorflow:global_step/sec: 2.77086
I0612 23:36:21.560423 140364053152576 basic_session_run_hooks.py:692] global_step/sec: 2.77086
INFO:tensorflow:global_step/sec: 2.75764
I0612 23:36:57.823381 140364053152576 basic_session_run_hooks.py:692] global_step/sec: 2.75764
INFO:tensorflow:global_step/sec: 2.73604
I0612 23:37:34.372538 140364053152576 basic_session_run_hooks.py:692] global_step/sec: 2.73604
INFO:tensorflow:global_step/sec: 2.74123
I0612 23:38:10.852448 140364053152576 basic_session_run_hooks.py:692] global_step/sec: 2.74123
INFO:tensorflow:global_step/sec: 2.73109
I0612 23:38:47.467949 140364053152576 basic_session_run_hooks.py:692] global_step/sec: 2.73109
INFO:tensorflow:global_step/sec: 2.70722
I0612 23:39:24.406121 140364053152576 basic_session_run_hooks.py:692] global_step/sec: 2.70722
INFO:tensorflow:global_step/sec: 2.72835
I0612 23:40:01.058287 140364053152576 basic_session_run_hooks.py:692] global_step/sec: 2.72835
I0612 23:40:01.058786 140364053152576 run_model.py:84] Step 129000: Loss 0.063359
INFO:tensorflow:global_step/sec: 2.74561
I0612 23:40:37.480093 140364053152576 basic_session_run_hooks.py:692] global_step/sec: 2.74561
INFO:tensorflow:global_step/sec: 2.81188
I0612 23:41:13.043428 140364053152576 basic_session_run_hooks.py:692] global_step/sec: 2.81188
INFO:tensorflow:global_step/sec: 2.80239
I0612 23:41:48.727225 140364053152576 basic_session_run_hooks.py:692] global_step/sec: 2.80239
INFO:tensorflow:global_step/sec: 2.78764
I0612 23:42:24.599909 140364053152576 basic_session_run_hooks.py:692] global_step/sec: 2.78764
INFO:tensorflow:global_step/sec: 2.82796
I0612 23:42:59.961156 140364053152576 basic_session_run_hooks.py:692] global_step/sec: 2.82796
INFO:tensorflow:global_step/sec: 2.83668
I0612 23:43:35.213612 140364053152576 basic_session_run_hooks.py:692] global_step/sec: 2.83668
INFO:tensorflow:global_step/sec: 2.78514
I0612 23:44:11.118447 140364053152576 basic_session_run_hooks.py:692] global_step/sec: 2.78514
INFO:tensorflow:global_step/sec: 2.81043
I0612 23:44:46.700226 140364053152576 basic_session_run_hooks.py:692] global_step/sec: 2.81043
INFO:tensorflow:global_step/sec: 2.77356
I0612 23:45:22.755007 140364053152576 basic_session_run_hooks.py:692] global_step/sec: 2.77356
INFO:tensorflow:Saving checkpoints for 129921 into Data/cylinder_flow/mgn/checkpoint/model.ckpt.
I0612 23:45:29.809383 140364053152576 basic_session_run_hooks.py:606] Saving checkpoints for 129921 into Data/cylinder_flow/mgn/checkpoint/model.ckpt.
INFO:tensorflow:global_step/sec: 2.77437
I0612 23:45:58.799209 140364053152576 basic_session_run_hooks.py:692] global_step/sec: 2.77437
I0612 23:45:58.799901 140364053152576 run_model.py:84] Step 130000: Loss 0.120008
INFO:tensorflow:global_step/sec: 2.82381
I0612 23:46:34.212318 140364053152576 basic_session_run_hooks.py:692] global_step/sec: 2.82381
INFO:tensorflow:global_step/sec: 2.82666
I0612 23:47:09.589764 140364053152576 basic_session_run_hooks.py:692] global_step/sec: 2.82666
INFO:tensorflow:global_step/sec: 2.82306
I0612 23:47:45.012314 140364053152576 basic_session_run_hooks.py:692] global_step/sec: 2.82306
INFO:tensorflow:global_step/sec: 2.82176
I0612 23:48:20.451228 140364053152576 basic_session_run_hooks.py:692] global_step/sec: 2.82176
INFO:tensorflow:global_step/sec: 2.80957
I0612 23:48:56.043820 140364053152576 basic_session_run_hooks.py:692] global_step/sec: 2.80957
INFO:tensorflow:global_step/sec: 2.86495
I0612 23:49:30.948501 140364053152576 basic_session_run_hooks.py:692] global_step/sec: 2.86495
INFO:tensorflow:global_step/sec: 2.86891
I0612 23:50:05.804915 140364053152576 basic_session_run_hooks.py:692] global_step/sec: 2.86891
INFO:tensorflow:global_step/sec: 2.84655
I0612 23:50:40.935168 140364053152576 basic_session_run_hooks.py:692] global_step/sec: 2.84655
INFO:tensorflow:global_step/sec: 2.86696
I0612 23:51:15.815298 140364053152576 basic_session_run_hooks.py:692] global_step/sec: 2.86696
INFO:tensorflow:global_step/sec: 2.83765
I0612 23:51:51.055757 140364053152576 basic_session_run_hooks.py:692] global_step/sec: 2.83765
I0612 23:51:51.056242 140364053152576 run_model.py:84] Step 131000: Loss 0.130999
INFO:tensorflow:global_step/sec: 2.84185
I0612 23:52:26.244050 140364053152576 basic_session_run_hooks.py:692] global_step/sec: 2.84185
INFO:tensorflow:global_step/sec: 2.83217
I0612 23:53:01.552716 140364053152576 basic_session_run_hooks.py:692] global_step/sec: 2.83217
INFO:tensorflow:global_step/sec: 2.83521
I0612 23:53:36.823455 140364053152576 basic_session_run_hooks.py:692] global_step/sec: 2.83521
INFO:tensorflow:global_step/sec: 2.8183
I0612 23:54:12.305846 140364053152576 basic_session_run_hooks.py:692] global_step/sec: 2.8183
INFO:tensorflow:global_step/sec: 2.83185
I0612 23:54:47.618518 140364053152576 basic_session_run_hooks.py:692] global_step/sec: 2.83185
INFO:tensorflow:global_step/sec: 2.75552
I0612 23:55:23.909308 140364053152576 basic_session_run_hooks.py:692] global_step/sec: 2.75552
INFO:tensorflow:Saving checkpoints for 131618 into Data/cylinder_flow/mgn/checkpoint/model.ckpt.
I0612 23:55:29.946667 140364053152576 basic_session_run_hooks.py:606] Saving checkpoints for 131618 into Data/cylinder_flow/mgn/checkpoint/model.ckpt.
INFO:tensorflow:global_step/sec: 2.7272
I0612 23:56:00.577034 140364053152576 basic_session_run_hooks.py:692] global_step/sec: 2.7272
INFO:tensorflow:global_step/sec: 2.71218
I0612 23:56:37.447779 140364053152576 basic_session_run_hooks.py:692] global_step/sec: 2.71218
INFO:tensorflow:global_step/sec: 2.77961
I0612 23:57:13.424033 140364053152576 basic_session_run_hooks.py:692] global_step/sec: 2.77961
INFO:tensorflow:global_step/sec: 2.72342
I0612 23:57:50.142643 140364053152576 basic_session_run_hooks.py:692] global_step/sec: 2.72342
I0612 23:57:50.144306 140364053152576 run_model.py:84] Step 132000: Loss 0.105068
INFO:tensorflow:global_step/sec: 2.74564
I0612 23:58:26.563940 140364053152576 basic_session_run_hooks.py:692] global_step/sec: 2.74564
INFO:tensorflow:global_step/sec: 2.75193
I0612 23:59:02.902108 140364053152576 basic_session_run_hooks.py:692] global_step/sec: 2.75193
INFO:tensorflow:global_step/sec: 2.79337
I0612 23:59:38.701130 140364053152576 basic_session_run_hooks.py:692] global_step/sec: 2.79337
INFO:tensorflow:global_step/sec: 2.75926
I0613 00:00:14.942767 140364053152576 basic_session_run_hooks.py:692] global_step/sec: 2.75926
INFO:tensorflow:global_step/sec: 2.76113
I0613 00:00:51.159837 140364053152576 basic_session_run_hooks.py:692] global_step/sec: 2.76113
INFO:tensorflow:global_step/sec: 2.79077
I0613 00:01:26.992263 140364053152576 basic_session_run_hooks.py:692] global_step/sec: 2.79077
INFO:tensorflow:global_step/sec: 2.71722
I0613 00:02:03.794635 140364053152576 basic_session_run_hooks.py:692] global_step/sec: 2.71722
INFO:tensorflow:global_step/sec: 2.71266
I0613 00:02:40.658884 140364053152576 basic_session_run_hooks.py:692] global_step/sec: 2.71266
INFO:tensorflow:global_step/sec: 2.76429
I0613 00:03:16.834496 140364053152576 basic_session_run_hooks.py:692] global_step/sec: 2.76429
INFO:tensorflow:global_step/sec: 2.74061
I0613 00:03:53.322752 140364053152576 basic_session_run_hooks.py:692] global_step/sec: 2.74061
I0613 00:03:53.323251 140364053152576 run_model.py:84] Step 133000: Loss 0.0817599
INFO:tensorflow:global_step/sec: 2.70616
I0613 00:04:30.275549 140364053152576 basic_session_run_hooks.py:692] global_step/sec: 2.70616
INFO:tensorflow:global_step/sec: 2.7596
I0613 00:05:06.512673 140364053152576 basic_session_run_hooks.py:692] global_step/sec: 2.7596
INFO:tensorflow:Saving checkpoints for 133265 into Data/cylinder_flow/mgn/checkpoint/model.ckpt.
I0613 00:05:29.982472 140364053152576 basic_session_run_hooks.py:606] Saving checkpoints for 133265 into Data/cylinder_flow/mgn/checkpoint/model.ckpt.
INFO:tensorflow:global_step/sec: 2.66164
I0613 00:05:44.083426 140364053152576 basic_session_run_hooks.py:692] global_step/sec: 2.66164
INFO:tensorflow:global_step/sec: 2.71934
I0613 00:06:20.857047 140364053152576 basic_session_run_hooks.py:692] global_step/sec: 2.71934
INFO:tensorflow:global_step/sec: 2.71247
I0613 00:06:57.723834 140364053152576 basic_session_run_hooks.py:692] global_step/sec: 2.71247
INFO:tensorflow:global_step/sec: 2.68991
I0613 00:07:34.899810 140364053152576 basic_session_run_hooks.py:692] global_step/sec: 2.68991
INFO:tensorflow:global_step/sec: 2.74033
I0613 00:08:11.391766 140364053152576 basic_session_run_hooks.py:692] global_step/sec: 2.74033
INFO:tensorflow:global_step/sec: 2.71607
I0613 00:08:48.209666 140364053152576 basic_session_run_hooks.py:692] global_step/sec: 2.71607
INFO:tensorflow:global_step/sec: 2.70834
I0613 00:09:25.132564 140364053152576 basic_session_run_hooks.py:692] global_step/sec: 2.70834
INFO:tensorflow:global_step/sec: 2.72185
I0613 00:10:01.872302 140364053152576 basic_session_run_hooks.py:692] global_step/sec: 2.72185
I0613 00:10:01.873698 140364053152576 run_model.py:84] Step 134000: Loss 0.0335643
INFO:tensorflow:global_step/sec: 2.7018
I0613 00:10:38.884700 140364053152576 basic_session_run_hooks.py:692] global_step/sec: 2.7018
INFO:tensorflow:global_step/sec: 2.68772
I0613 00:11:16.091001 140364053152576 basic_session_run_hooks.py:692] global_step/sec: 2.68772
INFO:tensorflow:global_step/sec: 2.68071
I0613 00:11:53.394524 140364053152576 basic_session_run_hooks.py:692] global_step/sec: 2.68071
INFO:tensorflow:global_step/sec: 2.71312
I0613 00:12:30.252435 140364053152576 basic_session_run_hooks.py:692] global_step/sec: 2.71312
INFO:tensorflow:global_step/sec: 2.68166
I0613 00:13:07.542715 140364053152576 basic_session_run_hooks.py:692] global_step/sec: 2.68166
INFO:tensorflow:global_step/sec: 2.66193
I0613 00:13:45.109390 140364053152576 basic_session_run_hooks.py:692] global_step/sec: 2.66193
INFO:tensorflow:global_step/sec: 2.69964
I0613 00:14:22.151388 140364053152576 basic_session_run_hooks.py:692] global_step/sec: 2.69964
INFO:tensorflow:global_step/sec: 2.69923
I0613 00:14:59.199078 140364053152576 basic_session_run_hooks.py:692] global_step/sec: 2.69923
INFO:tensorflow:Saving checkpoints for 134884 into Data/cylinder_flow/mgn/checkpoint/model.ckpt.
I0613 00:15:30.142454 140364053152576 basic_session_run_hooks.py:606] Saving checkpoints for 134884 into Data/cylinder_flow/mgn/checkpoint/model.ckpt.
INFO:tensorflow:global_step/sec: 2.6265
I0613 00:15:37.272530 140364053152576 basic_session_run_hooks.py:692] global_step/sec: 2.6265
INFO:tensorflow:global_step/sec: 2.66258
I0613 00:16:14.830067 140364053152576 basic_session_run_hooks.py:692] global_step/sec: 2.66258
I0613 00:16:14.830579 140364053152576 run_model.py:84] Step 135000: Loss 0.0765958
INFO:tensorflow:global_step/sec: 2.69455
I0613 00:16:51.942074 140364053152576 basic_session_run_hooks.py:692] global_step/sec: 2.69455
INFO:tensorflow:global_step/sec: 2.66676
I0613 00:17:29.440780 140364053152576 basic_session_run_hooks.py:692] global_step/sec: 2.66676
INFO:tensorflow:global_step/sec: 2.69324
I0613 00:18:06.570877 140364053152576 basic_session_run_hooks.py:692] global_step/sec: 2.69324
INFO:tensorflow:global_step/sec: 2.67208
I0613 00:18:43.994925 140364053152576 basic_session_run_hooks.py:692] global_step/sec: 2.67208
INFO:tensorflow:global_step/sec: 2.67049
I0613 00:19:21.441302 140364053152576 basic_session_run_hooks.py:692] global_step/sec: 2.67049
INFO:tensorflow:global_step/sec: 2.66473
I0613 00:19:58.968585 140364053152576 basic_session_run_hooks.py:692] global_step/sec: 2.66473
INFO:tensorflow:global_step/sec: 2.68416
I0613 00:20:36.224153 140364053152576 basic_session_run_hooks.py:692] global_step/sec: 2.68416
INFO:tensorflow:global_step/sec: 2.67956
I0613 00:21:13.543742 140364053152576 basic_session_run_hooks.py:692] global_step/sec: 2.67956
INFO:tensorflow:global_step/sec: 2.66752
I0613 00:21:51.031779 140364053152576 basic_session_run_hooks.py:692] global_step/sec: 2.66752
INFO:tensorflow:global_step/sec: 2.68268
I0613 00:22:28.307986 140364053152576 basic_session_run_hooks.py:692] global_step/sec: 2.68268
I0613 00:22:28.309063 140364053152576 run_model.py:84] Step 136000: Loss 0.0563608
INFO:tensorflow:global_step/sec: 2.69139
I0613 00:23:05.463438 140364053152576 basic_session_run_hooks.py:692] global_step/sec: 2.69139
INFO:tensorflow:global_step/sec: 2.68043
I0613 00:23:42.770863 140364053152576 basic_session_run_hooks.py:692] global_step/sec: 2.68043
INFO:tensorflow:global_step/sec: 2.67298
I0613 00:24:20.182242 140364053152576 basic_session_run_hooks.py:692] global_step/sec: 2.67298
INFO:tensorflow:global_step/sec: 2.68727
I0613 00:24:57.394670 140364053152576 basic_session_run_hooks.py:692] global_step/sec: 2.68727
INFO:tensorflow:Saving checkpoints for 136489 into Data/cylinder_flow/mgn/checkpoint/model.ckpt.
I0613 00:25:30.209888 140364053152576 basic_session_run_hooks.py:606] Saving checkpoints for 136489 into Data/cylinder_flow/mgn/checkpoint/model.ckpt.
INFO:tensorflow:global_step/sec: 2.63098
I0613 00:25:35.403327 140364053152576 basic_session_run_hooks.py:692] global_step/sec: 2.63098
INFO:tensorflow:global_step/sec: 2.69552
I0613 00:26:12.501842 140364053152576 basic_session_run_hooks.py:692] global_step/sec: 2.69552
INFO:tensorflow:global_step/sec: 2.67949
I0613 00:26:49.822394 140364053152576 basic_session_run_hooks.py:692] global_step/sec: 2.67949
INFO:tensorflow:global_step/sec: 2.71713
I0613 00:27:26.625987 140364053152576 basic_session_run_hooks.py:692] global_step/sec: 2.71713
INFO:tensorflow:global_step/sec: 2.70029
I0613 00:28:03.659061 140364053152576 basic_session_run_hooks.py:692] global_step/sec: 2.70029
INFO:tensorflow:global_step/sec: 2.74604
I0613 00:28:40.075109 140364053152576 basic_session_run_hooks.py:692] global_step/sec: 2.74604
I0613 00:28:40.075739 140364053152576 run_model.py:84] Step 137000: Loss 0.0745395
INFO:tensorflow:global_step/sec: 2.74004
I0613 00:29:16.570907 140364053152576 basic_session_run_hooks.py:692] global_step/sec: 2.74004
INFO:tensorflow:global_step/sec: 2.74367
I0613 00:29:53.018454 140364053152576 basic_session_run_hooks.py:692] global_step/sec: 2.74367
INFO:tensorflow:global_step/sec: 2.75252
I0613 00:30:29.348875 140364053152576 basic_session_run_hooks.py:692] global_step/sec: 2.75252
INFO:tensorflow:global_step/sec: 2.74797
I0613 00:31:05.739360 140364053152576 basic_session_run_hooks.py:692] global_step/sec: 2.74797
INFO:tensorflow:global_step/sec: 2.75335
I0613 00:31:42.058689 140364053152576 basic_session_run_hooks.py:692] global_step/sec: 2.75335
INFO:tensorflow:global_step/sec: 2.74403
I0613 00:32:18.501394 140364053152576 basic_session_run_hooks.py:692] global_step/sec: 2.74403
INFO:tensorflow:global_step/sec: 2.7436
I0613 00:32:54.949845 140364053152576 basic_session_run_hooks.py:692] global_step/sec: 2.7436
INFO:tensorflow:global_step/sec: 2.76563
I0613 00:33:31.107980 140364053152576 basic_session_run_hooks.py:692] global_step/sec: 2.76563
INFO:tensorflow:global_step/sec: 2.75353
I0613 00:34:07.425063 140364053152576 basic_session_run_hooks.py:692] global_step/sec: 2.75353
INFO:tensorflow:global_step/sec: 2.74906
I0613 00:34:43.801080 140364053152576 basic_session_run_hooks.py:692] global_step/sec: 2.74906
I0613 00:34:43.802375 140364053152576 run_model.py:84] Step 138000: Loss 0.0600679
INFO:tensorflow:global_step/sec: 2.74129
I0613 00:35:20.280281 140364053152576 basic_session_run_hooks.py:692] global_step/sec: 2.74129
INFO:tensorflow:Saving checkpoints for 138129 into Data/cylinder_flow/mgn/checkpoint/model.ckpt.
I0613 00:35:30.537158 140364053152576 basic_session_run_hooks.py:606] Saving checkpoints for 138129 into Data/cylinder_flow/mgn/checkpoint/model.ckpt.
INFO:tensorflow:global_step/sec: 2.67638
I0613 00:35:57.644253 140364053152576 basic_session_run_hooks.py:692] global_step/sec: 2.67638
INFO:tensorflow:global_step/sec: 2.71649
I0613 00:36:34.456462 140364053152576 basic_session_run_hooks.py:692] global_step/sec: 2.71649
INFO:tensorflow:global_step/sec: 2.71203
I0613 00:37:11.329170 140364053152576 basic_session_run_hooks.py:692] global_step/sec: 2.71203
INFO:tensorflow:global_step/sec: 2.69701
I0613 00:37:48.407210 140364053152576 basic_session_run_hooks.py:692] global_step/sec: 2.69701
INFO:tensorflow:global_step/sec: 2.72641
I0613 00:38:25.085407 140364053152576 basic_session_run_hooks.py:692] global_step/sec: 2.72641
INFO:tensorflow:global_step/sec: 2.7402
I0613 00:39:01.579127 140364053152576 basic_session_run_hooks.py:692] global_step/sec: 2.7402
INFO:tensorflow:global_step/sec: 2.74949
I0613 00:39:37.949448 140364053152576 basic_session_run_hooks.py:692] global_step/sec: 2.74949
INFO:tensorflow:global_step/sec: 2.77062
I0613 00:40:14.042407 140364053152576 basic_session_run_hooks.py:692] global_step/sec: 2.77062
INFO:tensorflow:global_step/sec: 2.75455
I0613 00:40:50.345968 140364053152576 basic_session_run_hooks.py:692] global_step/sec: 2.75455
I0613 00:40:50.346499 140364053152576 run_model.py:84] Step 139000: Loss 0.0826463
INFO:tensorflow:global_step/sec: 2.78909
I0613 00:41:26.199945 140364053152576 basic_session_run_hooks.py:692] global_step/sec: 2.78909
INFO:tensorflow:global_step/sec: 2.78464
I0613 00:42:02.111242 140364053152576 basic_session_run_hooks.py:692] global_step/sec: 2.78464
INFO:tensorflow:global_step/sec: 2.76662
I0613 00:42:38.256442 140364053152576 basic_session_run_hooks.py:692] global_step/sec: 2.76662
INFO:tensorflow:global_step/sec: 2.7434
I0613 00:43:14.707537 140364053152576 basic_session_run_hooks.py:692] global_step/sec: 2.7434
INFO:tensorflow:global_step/sec: 2.75591
I0613 00:43:50.993175 140364053152576 basic_session_run_hooks.py:692] global_step/sec: 2.75591
INFO:tensorflow:global_step/sec: 2.78996
I0613 00:44:26.836025 140364053152576 basic_session_run_hooks.py:692] global_step/sec: 2.78996
INFO:tensorflow:global_step/sec: 2.75613
I0613 00:45:03.118826 140364053152576 basic_session_run_hooks.py:692] global_step/sec: 2.75613
INFO:tensorflow:Saving checkpoints for 139778 into Data/cylinder_flow/mgn/checkpoint/model.ckpt.
I0613 00:45:30.721000 140364053152576 basic_session_run_hooks.py:606] Saving checkpoints for 139778 into Data/cylinder_flow/mgn/checkpoint/model.ckpt.
INFO:tensorflow:global_step/sec: 2.71775
I0613 00:45:39.914067 140364053152576 basic_session_run_hooks.py:692] global_step/sec: 2.71775
INFO:tensorflow:global_step/sec: 2.78574
I0613 00:46:15.811161 140364053152576 basic_session_run_hooks.py:692] global_step/sec: 2.78574
INFO:tensorflow:global_step/sec: 2.77168
I0613 00:46:51.890364 140364053152576 basic_session_run_hooks.py:692] global_step/sec: 2.77168
I0613 00:46:51.891624 140364053152576 run_model.py:84] Step 140000: Loss 0.111298
INFO:tensorflow:global_step/sec: 2.77494
I0613 00:47:27.927216 140364053152576 basic_session_run_hooks.py:692] global_step/sec: 2.77494
INFO:tensorflow:global_step/sec: 2.79234
I0613 00:48:03.739444 140364053152576 basic_session_run_hooks.py:692] global_step/sec: 2.79234
INFO:tensorflow:global_step/sec: 2.82319
I0613 00:48:39.160350 140364053152576 basic_session_run_hooks.py:692] global_step/sec: 2.82319
INFO:tensorflow:global_step/sec: 2.77677
I0613 00:49:15.173455 140364053152576 basic_session_run_hooks.py:692] global_step/sec: 2.77677
INFO:tensorflow:global_step/sec: 2.75369
I0613 00:49:51.488295 140364053152576 basic_session_run_hooks.py:692] global_step/sec: 2.75369
INFO:tensorflow:global_step/sec: 2.78443
I0613 00:50:27.402271 140364053152576 basic_session_run_hooks.py:692] global_step/sec: 2.78443
INFO:tensorflow:global_step/sec: 2.78064
I0613 00:51:03.365289 140364053152576 basic_session_run_hooks.py:692] global_step/sec: 2.78064
INFO:tensorflow:global_step/sec: 2.77954
I0613 00:51:39.342424 140364053152576 basic_session_run_hooks.py:692] global_step/sec: 2.77954
INFO:tensorflow:global_step/sec: 2.78343
I0613 00:52:15.269363 140364053152576 basic_session_run_hooks.py:692] global_step/sec: 2.78343
INFO:tensorflow:global_step/sec: 2.75783
I0613 00:52:51.529774 140364053152576 basic_session_run_hooks.py:692] global_step/sec: 2.75783
I0613 00:52:51.530274 140364053152576 run_model.py:84] Step 141000: Loss 0.0853216
INFO:tensorflow:global_step/sec: 2.76232
I0613 00:53:27.731297 140364053152576 basic_session_run_hooks.py:692] global_step/sec: 2.76232
INFO:tensorflow:global_step/sec: 2.74131
I0613 00:54:04.210242 140364053152576 basic_session_run_hooks.py:692] global_step/sec: 2.74131
INFO:tensorflow:global_step/sec: 2.74403
I0613 00:54:40.653040 140364053152576 basic_session_run_hooks.py:692] global_step/sec: 2.74403
INFO:tensorflow:global_step/sec: 2.76096
I0613 00:55:16.872364 140364053152576 basic_session_run_hooks.py:692] global_step/sec: 2.76096
INFO:tensorflow:Saving checkpoints for 141439 into Data/cylinder_flow/mgn/checkpoint/model.ckpt.
I0613 00:55:30.936017 140364053152576 basic_session_run_hooks.py:606] Saving checkpoints for 141439 into Data/cylinder_flow/mgn/checkpoint/model.ckpt.
INFO:tensorflow:global_step/sec: 2.66182
I0613 00:55:54.440693 140364053152576 basic_session_run_hooks.py:692] global_step/sec: 2.66182
INFO:tensorflow:global_step/sec: 2.7137
I0613 00:56:31.290634 140364053152576 basic_session_run_hooks.py:692] global_step/sec: 2.7137
INFO:tensorflow:global_step/sec: 2.72136
I0613 00:57:08.036928 140364053152576 basic_session_run_hooks.py:692] global_step/sec: 2.72136
INFO:tensorflow:global_step/sec: 2.76794
I0613 00:57:44.164910 140364053152576 basic_session_run_hooks.py:692] global_step/sec: 2.76794
INFO:tensorflow:global_step/sec: 2.72436
I0613 00:58:20.870753 140364053152576 basic_session_run_hooks.py:692] global_step/sec: 2.72436
INFO:tensorflow:global_step/sec: 2.74293
I0613 00:58:57.328081 140364053152576 basic_session_run_hooks.py:692] global_step/sec: 2.74293
I0613 00:58:57.329281 140364053152576 run_model.py:84] Step 142000: Loss 0.0685497
INFO:tensorflow:global_step/sec: 2.75138
I0613 00:59:33.673546 140364053152576 basic_session_run_hooks.py:692] global_step/sec: 2.75138
INFO:tensorflow:global_step/sec: 2.79244
I0613 01:00:09.484515 140364053152576 basic_session_run_hooks.py:692] global_step/sec: 2.79244
INFO:tensorflow:global_step/sec: 2.77022
I0613 01:00:45.582652 140364053152576 basic_session_run_hooks.py:692] global_step/sec: 2.77022
INFO:tensorflow:global_step/sec: 2.75099
I0613 01:01:21.933211 140364053152576 basic_session_run_hooks.py:692] global_step/sec: 2.75099
INFO:tensorflow:global_step/sec: 2.77633
I0613 01:01:57.951938 140364053152576 basic_session_run_hooks.py:692] global_step/sec: 2.77633
INFO:tensorflow:global_step/sec: 2.7666
I0613 01:02:34.097419 140364053152576 basic_session_run_hooks.py:692] global_step/sec: 2.7666
INFO:tensorflow:global_step/sec: 2.7522
I0613 01:03:10.432095 140364053152576 basic_session_run_hooks.py:692] global_step/sec: 2.7522
INFO:tensorflow:global_step/sec: 2.76098
I0613 01:03:46.651155 140364053152576 basic_session_run_hooks.py:692] global_step/sec: 2.76098
INFO:tensorflow:global_step/sec: 2.79044
I0613 01:04:22.487740 140364053152576 basic_session_run_hooks.py:692] global_step/sec: 2.79044
INFO:tensorflow:global_step/sec: 2.81942
I0613 01:04:57.956066 140364053152576 basic_session_run_hooks.py:692] global_step/sec: 2.81942
I0613 01:04:57.956585 140364053152576 run_model.py:84] Step 143000: Loss 0.0750723
INFO:tensorflow:Saving checkpoints for 143094 into Data/cylinder_flow/mgn/checkpoint/model.ckpt.
I0613 01:05:31.207474 140364053152576 basic_session_run_hooks.py:606] Saving checkpoints for 143094 into Data/cylinder_flow/mgn/checkpoint/model.ckpt.
INFO:tensorflow:global_step/sec: 2.73623
I0613 01:05:34.502745 140364053152576 basic_session_run_hooks.py:692] global_step/sec: 2.73623
INFO:tensorflow:global_step/sec: 2.76559
I0613 01:06:10.661425 140364053152576 basic_session_run_hooks.py:692] global_step/sec: 2.76559
INFO:tensorflow:global_step/sec: 2.77
I0613 01:06:46.762507 140364053152576 basic_session_run_hooks.py:692] global_step/sec: 2.77
INFO:tensorflow:global_step/sec: 2.805
I0613 01:07:22.413110 140364053152576 basic_session_run_hooks.py:692] global_step/sec: 2.805
INFO:tensorflow:global_step/sec: 2.77068
I0613 01:07:58.505320 140364053152576 basic_session_run_hooks.py:692] global_step/sec: 2.77068
INFO:tensorflow:global_step/sec: 2.76721
I0613 01:08:34.642812 140364053152576 basic_session_run_hooks.py:692] global_step/sec: 2.76721
INFO:tensorflow:global_step/sec: 2.77601
I0613 01:09:10.665736 140364053152576 basic_session_run_hooks.py:692] global_step/sec: 2.77601
INFO:tensorflow:global_step/sec: 2.75736
I0613 01:09:46.932393 140364053152576 basic_session_run_hooks.py:692] global_step/sec: 2.75736
INFO:tensorflow:global_step/sec: 2.74084
I0613 01:10:23.417557 140364053152576 basic_session_run_hooks.py:692] global_step/sec: 2.74084
INFO:tensorflow:global_step/sec: 2.73472
I0613 01:10:59.984378 140364053152576 basic_session_run_hooks.py:692] global_step/sec: 2.73472
I0613 01:10:59.985428 140364053152576 run_model.py:84] Step 144000: Loss 0.125368
INFO:tensorflow:global_step/sec: 2.69861
I0613 01:11:37.040535 140364053152576 basic_session_run_hooks.py:692] global_step/sec: 2.69861
INFO:tensorflow:global_step/sec: 2.65476
I0613 01:12:14.708660 140364053152576 basic_session_run_hooks.py:692] global_step/sec: 2.65476
INFO:tensorflow:global_step/sec: 2.68723
I0613 01:12:51.921784 140364053152576 basic_session_run_hooks.py:692] global_step/sec: 2.68723
INFO:tensorflow:global_step/sec: 2.66436
I0613 01:13:29.454195 140364053152576 basic_session_run_hooks.py:692] global_step/sec: 2.66436
INFO:tensorflow:global_step/sec: 2.67407
I0613 01:14:06.850364 140364053152576 basic_session_run_hooks.py:692] global_step/sec: 2.67407
INFO:tensorflow:global_step/sec: 2.6697
I0613 01:14:44.307751 140364053152576 basic_session_run_hooks.py:692] global_step/sec: 2.6697
INFO:tensorflow:global_step/sec: 2.70928
I0613 01:15:21.217947 140364053152576 basic_session_run_hooks.py:692] global_step/sec: 2.70928
INFO:tensorflow:Saving checkpoints for 144729 into Data/cylinder_flow/mgn/checkpoint/model.ckpt.
I0613 01:15:31.559653 140364053152576 basic_session_run_hooks.py:606] Saving checkpoints for 144729 into Data/cylinder_flow/mgn/checkpoint/model.ckpt.
INFO:tensorflow:global_step/sec: 2.66081
I0613 01:15:58.800464 140364053152576 basic_session_run_hooks.py:692] global_step/sec: 2.66081
INFO:tensorflow:global_step/sec: 2.67786
I0613 01:16:36.143695 140364053152576 basic_session_run_hooks.py:692] global_step/sec: 2.67786
INFO:tensorflow:global_step/sec: 2.68728
I0613 01:17:13.356036 140364053152576 basic_session_run_hooks.py:692] global_step/sec: 2.68728
I0613 01:17:13.356532 140364053152576 run_model.py:84] Step 145000: Loss 0.0598558
INFO:tensorflow:global_step/sec: 2.71082
I0613 01:17:50.245186 140364053152576 basic_session_run_hooks.py:692] global_step/sec: 2.71082
INFO:tensorflow:global_step/sec: 2.71484
I0613 01:18:27.079824 140364053152576 basic_session_run_hooks.py:692] global_step/sec: 2.71484
INFO:tensorflow:global_step/sec: 2.66959
I0613 01:19:04.538722 140364053152576 basic_session_run_hooks.py:692] global_step/sec: 2.66959
INFO:tensorflow:global_step/sec: 2.6353
I0613 01:19:42.485111 140364053152576 basic_session_run_hooks.py:692] global_step/sec: 2.6353
INFO:tensorflow:global_step/sec: 2.63875
I0613 01:20:20.381809 140364053152576 basic_session_run_hooks.py:692] global_step/sec: 2.63875
INFO:tensorflow:global_step/sec: 2.68758
I0613 01:20:57.590034 140364053152576 basic_session_run_hooks.py:692] global_step/sec: 2.68758
INFO:tensorflow:global_step/sec: 2.67435
I0613 01:21:34.982205 140364053152576 basic_session_run_hooks.py:692] global_step/sec: 2.67435
INFO:tensorflow:global_step/sec: 2.64453
I0613 01:22:12.796131 140364053152576 basic_session_run_hooks.py:692] global_step/sec: 2.64453
INFO:tensorflow:global_step/sec: 2.68117
I0613 01:22:50.093222 140364053152576 basic_session_run_hooks.py:692] global_step/sec: 2.68117
INFO:tensorflow:global_step/sec: 2.69663
I0613 01:23:27.176529 140364053152576 basic_session_run_hooks.py:692] global_step/sec: 2.69663
I0613 01:23:27.177025 140364053152576 run_model.py:84] Step 146000: Loss 0.168935
INFO:tensorflow:global_step/sec: 2.69448
I0613 01:24:04.289505 140364053152576 basic_session_run_hooks.py:692] global_step/sec: 2.69448
INFO:tensorflow:global_step/sec: 2.6779
I0613 01:24:41.632263 140364053152576 basic_session_run_hooks.py:692] global_step/sec: 2.6779
INFO:tensorflow:global_step/sec: 2.66056
I0613 01:25:19.218389 140364053152576 basic_session_run_hooks.py:692] global_step/sec: 2.66056
INFO:tensorflow:Saving checkpoints for 146334 into Data/cylinder_flow/mgn/checkpoint/model.ckpt.
I0613 01:25:31.618720 140364053152576 basic_session_run_hooks.py:606] Saving checkpoints for 146334 into Data/cylinder_flow/mgn/checkpoint/model.ckpt.
INFO:tensorflow:global_step/sec: 2.6371
I0613 01:25:57.138748 140364053152576 basic_session_run_hooks.py:692] global_step/sec: 2.6371
INFO:tensorflow:global_step/sec: 2.70466
I0613 01:26:34.111995 140364053152576 basic_session_run_hooks.py:692] global_step/sec: 2.70466
INFO:tensorflow:global_step/sec: 2.66769
I0613 01:27:11.597547 140364053152576 basic_session_run_hooks.py:692] global_step/sec: 2.66769
INFO:tensorflow:global_step/sec: 2.71268
I0613 01:27:48.461428 140364053152576 basic_session_run_hooks.py:692] global_step/sec: 2.71268
INFO:tensorflow:global_step/sec: 2.68724
I0613 01:28:25.674289 140364053152576 basic_session_run_hooks.py:692] global_step/sec: 2.68724
INFO:tensorflow:global_step/sec: 2.68675
I0613 01:29:02.893968 140364053152576 basic_session_run_hooks.py:692] global_step/sec: 2.68675
INFO:tensorflow:global_step/sec: 2.70955
I0613 01:29:39.800504 140364053152576 basic_session_run_hooks.py:692] global_step/sec: 2.70955
I0613 01:29:39.801009 140364053152576 run_model.py:84] Step 147000: Loss 0.14733
INFO:tensorflow:global_step/sec: 2.68504
I0613 01:30:17.043901 140364053152576 basic_session_run_hooks.py:692] global_step/sec: 2.68504
INFO:tensorflow:global_step/sec: 2.7137
I0613 01:30:53.893881 140364053152576 basic_session_run_hooks.py:692] global_step/sec: 2.7137
INFO:tensorflow:global_step/sec: 2.70476
I0613 01:31:30.865727 140364053152576 basic_session_run_hooks.py:692] global_step/sec: 2.70476
INFO:tensorflow:global_step/sec: 2.67444
I0613 01:32:08.256800 140364053152576 basic_session_run_hooks.py:692] global_step/sec: 2.67444
INFO:tensorflow:global_step/sec: 2.69062
I0613 01:32:45.422986 140364053152576 basic_session_run_hooks.py:692] global_step/sec: 2.69062
INFO:tensorflow:global_step/sec: 2.68838
I0613 01:33:22.620107 140364053152576 basic_session_run_hooks.py:692] global_step/sec: 2.68838
INFO:tensorflow:global_step/sec: 2.69363
I0613 01:33:59.744673 140364053152576 basic_session_run_hooks.py:692] global_step/sec: 2.69363
INFO:tensorflow:global_step/sec: 2.77164
I0613 01:34:35.824413 140364053152576 basic_session_run_hooks.py:692] global_step/sec: 2.77164
INFO:tensorflow:global_step/sec: 2.74068
I0613 01:35:12.311650 140364053152576 basic_session_run_hooks.py:692] global_step/sec: 2.74068
INFO:tensorflow:Saving checkpoints for 147954 into Data/cylinder_flow/mgn/checkpoint/model.ckpt.
I0613 01:35:31.712313 140364053152576 basic_session_run_hooks.py:606] Saving checkpoints for 147954 into Data/cylinder_flow/mgn/checkpoint/model.ckpt.
INFO:tensorflow:global_step/sec: 2.69061
I0613 01:35:49.477878 140364053152576 basic_session_run_hooks.py:692] global_step/sec: 2.69061
I0613 01:35:49.478372 140364053152576 run_model.py:84] Step 148000: Loss 0.0683611
INFO:tensorflow:global_step/sec: 2.72762
I0613 01:36:26.139906 140364053152576 basic_session_run_hooks.py:692] global_step/sec: 2.72762
INFO:tensorflow:global_step/sec: 2.76831
I0613 01:37:02.262995 140364053152576 basic_session_run_hooks.py:692] global_step/sec: 2.76831
INFO:tensorflow:global_step/sec: 2.73021
I0613 01:37:38.890173 140364053152576 basic_session_run_hooks.py:692] global_step/sec: 2.73021
INFO:tensorflow:global_step/sec: 2.73752
I0613 01:38:15.419600 140364053152576 basic_session_run_hooks.py:692] global_step/sec: 2.73752
INFO:tensorflow:global_step/sec: 2.71489
I0613 01:38:52.253528 140364053152576 basic_session_run_hooks.py:692] global_step/sec: 2.71489
INFO:tensorflow:global_step/sec: 2.73377
I0613 01:39:28.833099 140364053152576 basic_session_run_hooks.py:692] global_step/sec: 2.73377
INFO:tensorflow:global_step/sec: 2.73873
I0613 01:40:05.346336 140364053152576 basic_session_run_hooks.py:692] global_step/sec: 2.73873
INFO:tensorflow:global_step/sec: 2.7346
I0613 01:40:41.914777 140364053152576 basic_session_run_hooks.py:692] global_step/sec: 2.7346
INFO:tensorflow:global_step/sec: 2.73252
I0613 01:41:18.511071 140364053152576 basic_session_run_hooks.py:692] global_step/sec: 2.73252
INFO:tensorflow:global_step/sec: 2.71884
I0613 01:41:55.291405 140364053152576 basic_session_run_hooks.py:692] global_step/sec: 2.71884
I0613 01:41:55.291900 140364053152576 run_model.py:84] Step 149000: Loss 0.133096
INFO:tensorflow:global_step/sec: 2.74022
I0613 01:42:31.784878 140364053152576 basic_session_run_hooks.py:692] global_step/sec: 2.74022
INFO:tensorflow:global_step/sec: 2.71561
I0613 01:43:08.609055 140364053152576 basic_session_run_hooks.py:692] global_step/sec: 2.71561
INFO:tensorflow:global_step/sec: 2.72304
I0613 01:43:45.332719 140364053152576 basic_session_run_hooks.py:692] global_step/sec: 2.72304
INFO:tensorflow:global_step/sec: 2.73166
I0613 01:44:21.940479 140364053152576 basic_session_run_hooks.py:692] global_step/sec: 2.73166
INFO:tensorflow:global_step/sec: 2.71754
I0613 01:44:58.738466 140364053152576 basic_session_run_hooks.py:692] global_step/sec: 2.71754
INFO:tensorflow:Saving checkpoints for 149591 into Data/cylinder_flow/mgn/checkpoint/model.ckpt.
I0613 01:45:32.043073 140364053152576 basic_session_run_hooks.py:606] Saving checkpoints for 149591 into Data/cylinder_flow/mgn/checkpoint/model.ckpt.
INFO:tensorflow:global_step/sec: 2.63982
I0613 01:45:36.619872 140364053152576 basic_session_run_hooks.py:692] global_step/sec: 2.63982
INFO:tensorflow:global_step/sec: 2.69006
I0613 01:46:13.793784 140364053152576 basic_session_run_hooks.py:692] global_step/sec: 2.69006
INFO:tensorflow:global_step/sec: 2.73212
I0613 01:46:50.395347 140364053152576 basic_session_run_hooks.py:692] global_step/sec: 2.73212
INFO:tensorflow:global_step/sec: 2.70611
I0613 01:47:27.348775 140364053152576 basic_session_run_hooks.py:692] global_step/sec: 2.70611
INFO:tensorflow:global_step/sec: 2.69286
I0613 01:48:04.483950 140364053152576 basic_session_run_hooks.py:692] global_step/sec: 2.69286
I0613 01:48:04.484462 140364053152576 run_model.py:84] Step 150000: Loss 0.158937
INFO:tensorflow:global_step/sec: 2.73897
I0613 01:48:40.993987 140364053152576 basic_session_run_hooks.py:692] global_step/sec: 2.73897
INFO:tensorflow:global_step/sec: 2.72436
I0613 01:49:17.699899 140364053152576 basic_session_run_hooks.py:692] global_step/sec: 2.72436
INFO:tensorflow:global_step/sec: 2.74684
I0613 01:49:54.105450 140364053152576 basic_session_run_hooks.py:692] global_step/sec: 2.74684
INFO:tensorflow:global_step/sec: 2.73571
I0613 01:50:30.659052 140364053152576 basic_session_run_hooks.py:692] global_step/sec: 2.73571
INFO:tensorflow:global_step/sec: 2.73424
I0613 01:51:07.232355 140364053152576 basic_session_run_hooks.py:692] global_step/sec: 2.73424
INFO:tensorflow:global_step/sec: 2.73157
I0613 01:51:43.841341 140364053152576 basic_session_run_hooks.py:692] global_step/sec: 2.73157
INFO:tensorflow:global_step/sec: 2.72125
I0613 01:52:20.589139 140364053152576 basic_session_run_hooks.py:692] global_step/sec: 2.72125
INFO:tensorflow:global_step/sec: 2.73013
I0613 01:52:57.217463 140364053152576 basic_session_run_hooks.py:692] global_step/sec: 2.73013
INFO:tensorflow:global_step/sec: 2.73905
I0613 01:53:33.726508 140364053152576 basic_session_run_hooks.py:692] global_step/sec: 2.73905
INFO:tensorflow:global_step/sec: 2.74873
I0613 01:54:10.107007 140364053152576 basic_session_run_hooks.py:692] global_step/sec: 2.74873
I0613 01:54:10.107514 140364053152576 run_model.py:84] Step 151000: Loss 0.0649986
INFO:tensorflow:global_step/sec: 2.74116
I0613 01:54:46.587973 140364053152576 basic_session_run_hooks.py:692] global_step/sec: 2.74116
INFO:tensorflow:global_step/sec: 2.76884
I0613 01:55:22.704112 140364053152576 basic_session_run_hooks.py:692] global_step/sec: 2.76884
INFO:tensorflow:Saving checkpoints for 151227 into Data/cylinder_flow/mgn/checkpoint/model.ckpt.
I0613 01:55:32.113363 140364053152576 basic_session_run_hooks.py:606] Saving checkpoints for 151227 into Data/cylinder_flow/mgn/checkpoint/model.ckpt.
INFO:tensorflow:global_step/sec: 2.74818
I0613 01:55:59.091861 140364053152576 basic_session_run_hooks.py:692] global_step/sec: 2.74818
INFO:tensorflow:global_step/sec: 2.82386
I0613 01:56:34.504418 140364053152576 basic_session_run_hooks.py:692] global_step/sec: 2.82386
INFO:tensorflow:global_step/sec: 2.84507
I0613 01:57:09.652911 140364053152576 basic_session_run_hooks.py:692] global_step/sec: 2.84507
INFO:tensorflow:global_step/sec: 2.82163
I0613 01:57:45.093511 140364053152576 basic_session_run_hooks.py:692] global_step/sec: 2.82163
INFO:tensorflow:global_step/sec: 2.80114
I0613 01:58:20.793200 140364053152576 basic_session_run_hooks.py:692] global_step/sec: 2.80114
INFO:tensorflow:global_step/sec: 2.82127
I0613 01:58:56.238183 140364053152576 basic_session_run_hooks.py:692] global_step/sec: 2.82127
INFO:tensorflow:global_step/sec: 2.88488
I0613 01:59:30.901657 140364053152576 basic_session_run_hooks.py:692] global_step/sec: 2.88488
INFO:tensorflow:global_step/sec: 2.88006
I0613 02:00:05.623183 140364053152576 basic_session_run_hooks.py:692] global_step/sec: 2.88006
I0613 02:00:05.623694 140364053152576 run_model.py:84] Step 152000: Loss 0.077109
INFO:tensorflow:global_step/sec: 2.87011
I0613 02:00:40.465102 140364053152576 basic_session_run_hooks.py:692] global_step/sec: 2.87011
INFO:tensorflow:global_step/sec: 2.87447
I0613 02:01:15.254081 140364053152576 basic_session_run_hooks.py:692] global_step/sec: 2.87447
INFO:tensorflow:global_step/sec: 2.8403
I0613 02:01:50.461655 140364053152576 basic_session_run_hooks.py:692] global_step/sec: 2.8403
INFO:tensorflow:global_step/sec: 2.85203
I0613 02:02:25.524469 140364053152576 basic_session_run_hooks.py:692] global_step/sec: 2.85203
INFO:tensorflow:global_step/sec: 2.73919
I0613 02:03:02.031548 140364053152576 basic_session_run_hooks.py:692] global_step/sec: 2.73919
INFO:tensorflow:global_step/sec: 2.75198
I0613 02:03:38.368974 140364053152576 basic_session_run_hooks.py:692] global_step/sec: 2.75198
INFO:tensorflow:global_step/sec: 2.74312
I0613 02:04:14.823788 140364053152576 basic_session_run_hooks.py:692] global_step/sec: 2.74312
INFO:tensorflow:global_step/sec: 2.74749
I0613 02:04:51.220676 140364053152576 basic_session_run_hooks.py:692] global_step/sec: 2.74749
INFO:tensorflow:global_step/sec: 2.7202
I0613 02:05:27.982600 140364053152576 basic_session_run_hooks.py:692] global_step/sec: 2.7202
INFO:tensorflow:Saving checkpoints for 152913 into Data/cylinder_flow/mgn/checkpoint/model.ckpt.
I0613 02:05:32.342751 140364053152576 basic_session_run_hooks.py:606] Saving checkpoints for 152913 into Data/cylinder_flow/mgn/checkpoint/model.ckpt.
INFO:tensorflow:global_step/sec: 2.7066
I0613 02:06:04.929296 140364053152576 basic_session_run_hooks.py:692] global_step/sec: 2.7066
I0613 02:06:04.929792 140364053152576 run_model.py:84] Step 153000: Loss 0.0639171
INFO:tensorflow:global_step/sec: 2.78742
I0613 02:06:40.804796 140364053152576 basic_session_run_hooks.py:692] global_step/sec: 2.78742
INFO:tensorflow:global_step/sec: 2.75162
I0613 02:07:17.146968 140364053152576 basic_session_run_hooks.py:692] global_step/sec: 2.75162
INFO:tensorflow:global_step/sec: 2.7233
I0613 02:07:53.867089 140364053152576 basic_session_run_hooks.py:692] global_step/sec: 2.7233
INFO:tensorflow:global_step/sec: 2.76343
I0613 02:08:30.053949 140364053152576 basic_session_run_hooks.py:692] global_step/sec: 2.76343
INFO:tensorflow:global_step/sec: 2.77041
I0613 02:09:06.149635 140364053152576 basic_session_run_hooks.py:692] global_step/sec: 2.77041
INFO:tensorflow:global_step/sec: 2.76346
I0613 02:09:42.336169 140364053152576 basic_session_run_hooks.py:692] global_step/sec: 2.76346
INFO:tensorflow:global_step/sec: 2.8335
I0613 02:10:17.628185 140364053152576 basic_session_run_hooks.py:692] global_step/sec: 2.8335
INFO:tensorflow:global_step/sec: 2.82292
I0613 02:10:53.052501 140364053152576 basic_session_run_hooks.py:692] global_step/sec: 2.82292
INFO:tensorflow:global_step/sec: 2.8097
I0613 02:11:28.643524 140364053152576 basic_session_run_hooks.py:692] global_step/sec: 2.8097
INFO:tensorflow:global_step/sec: 2.79959
I0613 02:12:04.363010 140364053152576 basic_session_run_hooks.py:692] global_step/sec: 2.79959
I0613 02:12:04.363509 140364053152576 run_model.py:84] Step 154000: Loss 0.131555
INFO:tensorflow:global_step/sec: 2.79504
I0613 02:12:40.140686 140364053152576 basic_session_run_hooks.py:692] global_step/sec: 2.79504
INFO:tensorflow:global_step/sec: 2.8028
I0613 02:13:15.819244 140364053152576 basic_session_run_hooks.py:692] global_step/sec: 2.8028
INFO:tensorflow:global_step/sec: 2.77066
I0613 02:13:51.911721 140364053152576 basic_session_run_hooks.py:692] global_step/sec: 2.77066
INFO:tensorflow:global_step/sec: 2.73977
I0613 02:14:28.411100 140364053152576 basic_session_run_hooks.py:692] global_step/sec: 2.73977
INFO:tensorflow:global_step/sec: 2.7227
I0613 02:15:05.139326 140364053152576 basic_session_run_hooks.py:692] global_step/sec: 2.7227
INFO:tensorflow:Saving checkpoints for 154576 into Data/cylinder_flow/mgn/checkpoint/model.ckpt.
I0613 02:15:32.458554 140364053152576 basic_session_run_hooks.py:606] Saving checkpoints for 154576 into Data/cylinder_flow/mgn/checkpoint/model.ckpt.
INFO:tensorflow:global_step/sec: 2.69908
I0613 02:15:42.189012 140364053152576 basic_session_run_hooks.py:692] global_step/sec: 2.69908
INFO:tensorflow:global_step/sec: 2.73627
I0613 02:16:18.735062 140364053152576 basic_session_run_hooks.py:692] global_step/sec: 2.73627
INFO:tensorflow:global_step/sec: 2.71017
I0613 02:16:55.633081 140364053152576 basic_session_run_hooks.py:692] global_step/sec: 2.71017
INFO:tensorflow:global_step/sec: 2.76665
I0613 02:17:31.777946 140364053152576 basic_session_run_hooks.py:692] global_step/sec: 2.76665
INFO:tensorflow:global_step/sec: 2.81028
I0613 02:18:07.361563 140364053152576 basic_session_run_hooks.py:692] global_step/sec: 2.81028
I0613 02:18:07.362096 140364053152576 run_model.py:84] Step 155000: Loss 0.191025
INFO:tensorflow:global_step/sec: 2.79012
I0613 02:18:43.202322 140364053152576 basic_session_run_hooks.py:692] global_step/sec: 2.79012
INFO:tensorflow:global_step/sec: 2.77503
I0613 02:19:19.237910 140364053152576 basic_session_run_hooks.py:692] global_step/sec: 2.77503
INFO:tensorflow:global_step/sec: 2.7993
I0613 02:19:54.961189 140364053152576 basic_session_run_hooks.py:692] global_step/sec: 2.7993
INFO:tensorflow:global_step/sec: 2.82665
I0613 02:20:30.338778 140364053152576 basic_session_run_hooks.py:692] global_step/sec: 2.82665
INFO:tensorflow:global_step/sec: 2.82919
I0613 02:21:05.684590 140364053152576 basic_session_run_hooks.py:692] global_step/sec: 2.82919
INFO:tensorflow:global_step/sec: 2.83118
I0613 02:21:41.005614 140364053152576 basic_session_run_hooks.py:692] global_step/sec: 2.83118
INFO:tensorflow:global_step/sec: 2.85157
I0613 02:22:16.073971 140364053152576 basic_session_run_hooks.py:692] global_step/sec: 2.85157
INFO:tensorflow:global_step/sec: 2.86126
I0613 02:22:51.023607 140364053152576 basic_session_run_hooks.py:692] global_step/sec: 2.86126
INFO:tensorflow:global_step/sec: 2.83228
I0613 02:23:26.330889 140364053152576 basic_session_run_hooks.py:692] global_step/sec: 2.83228
INFO:tensorflow:global_step/sec: 2.86199
I0613 02:24:01.271629 140364053152576 basic_session_run_hooks.py:692] global_step/sec: 2.86199
I0613 02:24:01.272136 140364053152576 run_model.py:84] Step 156000: Loss 0.151379
INFO:tensorflow:global_step/sec: 2.79213
I0613 02:24:37.086606 140364053152576 basic_session_run_hooks.py:692] global_step/sec: 2.79213
INFO:tensorflow:global_step/sec: 2.85032
I0613 02:25:12.170343 140364053152576 basic_session_run_hooks.py:692] global_step/sec: 2.85032
INFO:tensorflow:Saving checkpoints for 156259 into Data/cylinder_flow/mgn/checkpoint/model.ckpt.
I0613 02:25:32.621891 140364053152576 basic_session_run_hooks.py:606] Saving checkpoints for 156259 into Data/cylinder_flow/mgn/checkpoint/model.ckpt.
INFO:tensorflow:global_step/sec: 2.75808
I0613 02:25:48.427404 140364053152576 basic_session_run_hooks.py:692] global_step/sec: 2.75808
INFO:tensorflow:global_step/sec: 2.83467
I0613 02:26:23.704833 140364053152576 basic_session_run_hooks.py:692] global_step/sec: 2.83467
INFO:tensorflow:global_step/sec: 2.84094
I0613 02:26:58.904465 140364053152576 basic_session_run_hooks.py:692] global_step/sec: 2.84094
INFO:tensorflow:global_step/sec: 2.80499
I0613 02:27:34.555179 140364053152576 basic_session_run_hooks.py:692] global_step/sec: 2.80499
INFO:tensorflow:global_step/sec: 2.80049
I0613 02:28:10.263212 140364053152576 basic_session_run_hooks.py:692] global_step/sec: 2.80049
INFO:tensorflow:global_step/sec: 2.84681
I0613 02:28:45.390311 140364053152576 basic_session_run_hooks.py:692] global_step/sec: 2.84681
INFO:tensorflow:global_step/sec: 2.82685
I0613 02:29:20.765423 140364053152576 basic_session_run_hooks.py:692] global_step/sec: 2.82685
INFO:tensorflow:global_step/sec: 2.81367
I0613 02:29:56.306195 140364053152576 basic_session_run_hooks.py:692] global_step/sec: 2.81367
I0613 02:29:56.307337 140364053152576 run_model.py:84] Step 157000: Loss 0.107978
INFO:tensorflow:global_step/sec: 2.84109
I0613 02:30:31.504000 140364053152576 basic_session_run_hooks.py:692] global_step/sec: 2.84109
INFO:tensorflow:global_step/sec: 2.8336
I0613 02:31:06.794758 140364053152576 basic_session_run_hooks.py:692] global_step/sec: 2.8336
INFO:tensorflow:global_step/sec: 2.7613
I0613 02:31:43.009608 140364053152576 basic_session_run_hooks.py:692] global_step/sec: 2.7613
INFO:tensorflow:global_step/sec: 2.80158
I0613 02:32:18.703756 140364053152576 basic_session_run_hooks.py:692] global_step/sec: 2.80158
INFO:tensorflow:global_step/sec: 2.83714
I0613 02:32:53.950531 140364053152576 basic_session_run_hooks.py:692] global_step/sec: 2.83714
INFO:tensorflow:global_step/sec: 2.82481
I0613 02:33:29.351156 140364053152576 basic_session_run_hooks.py:692] global_step/sec: 2.82481
INFO:tensorflow:global_step/sec: 2.81236
I0613 02:34:04.908438 140364053152576 basic_session_run_hooks.py:692] global_step/sec: 2.81236
INFO:tensorflow:global_step/sec: 2.79649
I0613 02:34:40.667495 140364053152576 basic_session_run_hooks.py:692] global_step/sec: 2.79649
INFO:tensorflow:global_step/sec: 2.83548
I0613 02:35:15.934848 140364053152576 basic_session_run_hooks.py:692] global_step/sec: 2.83548
INFO:tensorflow:Saving checkpoints for 157950 into Data/cylinder_flow/mgn/checkpoint/model.ckpt.
I0613 02:35:32.975942 140364053152576 basic_session_run_hooks.py:606] Saving checkpoints for 157950 into Data/cylinder_flow/mgn/checkpoint/model.ckpt.
INFO:tensorflow:global_step/sec: 2.77286
I0613 02:35:51.998647 140364053152576 basic_session_run_hooks.py:692] global_step/sec: 2.77286
I0613 02:35:51.999135 140364053152576 run_model.py:84] Step 158000: Loss 0.0588324
INFO:tensorflow:global_step/sec: 2.86965
I0613 02:36:26.846168 140364053152576 basic_session_run_hooks.py:692] global_step/sec: 2.86965
INFO:tensorflow:global_step/sec: 2.84025
I0613 02:37:02.054279 140364053152576 basic_session_run_hooks.py:692] global_step/sec: 2.84025
INFO:tensorflow:global_step/sec: 2.82896
I0613 02:37:37.402936 140364053152576 basic_session_run_hooks.py:692] global_step/sec: 2.82896
INFO:tensorflow:global_step/sec: 2.78437
I0613 02:38:13.317706 140364053152576 basic_session_run_hooks.py:692] global_step/sec: 2.78437
INFO:tensorflow:global_step/sec: 2.80956
I0613 02:38:48.910410 140364053152576 basic_session_run_hooks.py:692] global_step/sec: 2.80956
INFO:tensorflow:global_step/sec: 2.79966
I0613 02:39:24.628986 140364053152576 basic_session_run_hooks.py:692] global_step/sec: 2.79966
INFO:tensorflow:global_step/sec: 2.77655
I0613 02:40:00.644951 140364053152576 basic_session_run_hooks.py:692] global_step/sec: 2.77655
INFO:tensorflow:global_step/sec: 2.78109
I0613 02:40:36.602046 140364053152576 basic_session_run_hooks.py:692] global_step/sec: 2.78109
INFO:tensorflow:global_step/sec: 2.7758
I0613 02:41:12.627738 140364053152576 basic_session_run_hooks.py:692] global_step/sec: 2.7758
INFO:tensorflow:global_step/sec: 2.78442
I0613 02:41:48.541815 140364053152576 basic_session_run_hooks.py:692] global_step/sec: 2.78442
I0613 02:41:48.543016 140364053152576 run_model.py:84] Step 159000: Loss 0.0990101
INFO:tensorflow:global_step/sec: 2.86387
I0613 02:42:23.459594 140364053152576 basic_session_run_hooks.py:692] global_step/sec: 2.86387
INFO:tensorflow:global_step/sec: 2.84689
I0613 02:42:58.585608 140364053152576 basic_session_run_hooks.py:692] global_step/sec: 2.84689
INFO:tensorflow:global_step/sec: 2.84814
I0613 02:43:33.696227 140364053152576 basic_session_run_hooks.py:692] global_step/sec: 2.84814
INFO:tensorflow:global_step/sec: 2.86465
I0613 02:44:08.604560 140364053152576 basic_session_run_hooks.py:692] global_step/sec: 2.86465
INFO:tensorflow:global_step/sec: 2.87454
I0613 02:44:43.392748 140364053152576 basic_session_run_hooks.py:692] global_step/sec: 2.87454
INFO:tensorflow:global_step/sec: 2.84879
I0613 02:45:18.495378 140364053152576 basic_session_run_hooks.py:692] global_step/sec: 2.84879
INFO:tensorflow:Saving checkpoints for 159643 into Data/cylinder_flow/mgn/checkpoint/model.ckpt.
I0613 02:45:33.211381 140364053152576 basic_session_run_hooks.py:606] Saving checkpoints for 159643 into Data/cylinder_flow/mgn/checkpoint/model.ckpt.
INFO:tensorflow:global_step/sec: 2.76319
I0613 02:45:54.685442 140364053152576 basic_session_run_hooks.py:692] global_step/sec: 2.76319
INFO:tensorflow:global_step/sec: 2.82421
I0613 02:46:30.093600 140364053152576 basic_session_run_hooks.py:692] global_step/sec: 2.82421
INFO:tensorflow:global_step/sec: 2.85861
I0613 02:47:05.075624 140364053152576 basic_session_run_hooks.py:692] global_step/sec: 2.85861
INFO:tensorflow:global_step/sec: 2.82183
I0613 02:47:40.513591 140364053152576 basic_session_run_hooks.py:692] global_step/sec: 2.82183
I0613 02:47:40.514080 140364053152576 run_model.py:84] Step 160000: Loss 0.0747021
INFO:tensorflow:global_step/sec: 2.80954
I0613 02:48:16.106598 140364053152576 basic_session_run_hooks.py:692] global_step/sec: 2.80954
INFO:tensorflow:global_step/sec: 2.8407
I0613 02:48:51.309230 140364053152576 basic_session_run_hooks.py:692] global_step/sec: 2.8407
INFO:tensorflow:global_step/sec: 2.8666
I0613 02:49:26.193800 140364053152576 basic_session_run_hooks.py:692] global_step/sec: 2.8666
INFO:tensorflow:global_step/sec: 2.81271
I0613 02:50:01.746740 140364053152576 basic_session_run_hooks.py:692] global_step/sec: 2.81271
INFO:tensorflow:global_step/sec: 2.84971
I0613 02:50:36.838068 140364053152576 basic_session_run_hooks.py:692] global_step/sec: 2.84971
INFO:tensorflow:global_step/sec: 2.85464
I0613 02:51:11.868780 140364053152576 basic_session_run_hooks.py:692] global_step/sec: 2.85464
INFO:tensorflow:global_step/sec: 2.85999
I0613 02:51:46.833894 140364053152576 basic_session_run_hooks.py:692] global_step/sec: 2.85999
INFO:tensorflow:global_step/sec: 2.87576
I0613 02:52:21.607292 140364053152576 basic_session_run_hooks.py:692] global_step/sec: 2.87576
INFO:tensorflow:global_step/sec: 2.75934
I0613 02:52:57.847897 140364053152576 basic_session_run_hooks.py:692] global_step/sec: 2.75934
INFO:tensorflow:global_step/sec: 2.80198
I0613 02:53:33.536919 140364053152576 basic_session_run_hooks.py:692] global_step/sec: 2.80198
I0613 02:53:33.538967 140364053152576 run_model.py:84] Step 161000: Loss 0.069961
INFO:tensorflow:global_step/sec: 2.79343
I0613 02:54:09.335188 140364053152576 basic_session_run_hooks.py:692] global_step/sec: 2.79343
INFO:tensorflow:global_step/sec: 2.77458
I0613 02:54:45.376679 140364053152576 basic_session_run_hooks.py:692] global_step/sec: 2.77458
INFO:tensorflow:global_step/sec: 2.7619
I0613 02:55:21.583715 140364053152576 basic_session_run_hooks.py:692] global_step/sec: 2.7619
INFO:tensorflow:Saving checkpoints for 161334 into Data/cylinder_flow/mgn/checkpoint/model.ckpt.
I0613 02:55:33.451768 140364053152576 basic_session_run_hooks.py:606] Saving checkpoints for 161334 into Data/cylinder_flow/mgn/checkpoint/model.ckpt.
INFO:tensorflow:global_step/sec: 2.7309
I0613 02:55:58.201661 140364053152576 basic_session_run_hooks.py:692] global_step/sec: 2.7309
INFO:tensorflow:global_step/sec: 2.81843
I0613 02:56:33.682465 140364053152576 basic_session_run_hooks.py:692] global_step/sec: 2.81843
INFO:tensorflow:global_step/sec: 2.81708
I0613 02:57:09.180189 140364053152576 basic_session_run_hooks.py:692] global_step/sec: 2.81708
INFO:tensorflow:global_step/sec: 2.8433
I0613 02:57:44.350609 140364053152576 basic_session_run_hooks.py:692] global_step/sec: 2.8433
INFO:tensorflow:global_step/sec: 2.86292
I0613 02:58:19.279959 140364053152576 basic_session_run_hooks.py:692] global_step/sec: 2.86292
INFO:tensorflow:global_step/sec: 2.85478
I0613 02:58:54.308925 140364053152576 basic_session_run_hooks.py:692] global_step/sec: 2.85478
INFO:tensorflow:global_step/sec: 2.83346
I0613 02:59:29.601412 140364053152576 basic_session_run_hooks.py:692] global_step/sec: 2.83346
I0613 02:59:29.601911 140364053152576 run_model.py:84] Step 162000: Loss 0.111125
INFO:tensorflow:global_step/sec: 2.81335
I0613 03:00:05.146188 140364053152576 basic_session_run_hooks.py:692] global_step/sec: 2.81335
INFO:tensorflow:global_step/sec: 2.80304
I0613 03:00:40.821716 140364053152576 basic_session_run_hooks.py:692] global_step/sec: 2.80304
INFO:tensorflow:global_step/sec: 2.81443
I0613 03:01:16.352867 140364053152576 basic_session_run_hooks.py:692] global_step/sec: 2.81443
INFO:tensorflow:global_step/sec: 2.78139
I0613 03:01:52.306149 140364053152576 basic_session_run_hooks.py:692] global_step/sec: 2.78139
INFO:tensorflow:global_step/sec: 2.81309
I0613 03:02:27.854260 140364053152576 basic_session_run_hooks.py:692] global_step/sec: 2.81309
INFO:tensorflow:global_step/sec: 2.81335
I0613 03:03:03.399126 140364053152576 basic_session_run_hooks.py:692] global_step/sec: 2.81335
INFO:tensorflow:global_step/sec: 2.81012
I0613 03:03:38.984774 140364053152576 basic_session_run_hooks.py:692] global_step/sec: 2.81012
INFO:tensorflow:global_step/sec: 2.84378
I0613 03:04:14.149259 140364053152576 basic_session_run_hooks.py:692] global_step/sec: 2.84378
INFO:tensorflow:global_step/sec: 2.82309
I0613 03:04:49.571412 140364053152576 basic_session_run_hooks.py:692] global_step/sec: 2.82309
INFO:tensorflow:global_step/sec: 2.8247
I0613 03:05:24.973443 140364053152576 basic_session_run_hooks.py:692] global_step/sec: 2.8247
I0613 03:05:24.973939 140364053152576 run_model.py:84] Step 163000: Loss 0.0710211
INFO:tensorflow:Saving checkpoints for 163026 into Data/cylinder_flow/mgn/checkpoint/model.ckpt.
I0613 03:05:33.586048 140364053152576 basic_session_run_hooks.py:606] Saving checkpoints for 163026 into Data/cylinder_flow/mgn/checkpoint/model.ckpt.
INFO:tensorflow:global_step/sec: 2.79027
I0613 03:06:00.812297 140364053152576 basic_session_run_hooks.py:692] global_step/sec: 2.79027
INFO:tensorflow:global_step/sec: 2.82342
I0613 03:06:36.230316 140364053152576 basic_session_run_hooks.py:692] global_step/sec: 2.82342
INFO:tensorflow:global_step/sec: 2.82742
I0613 03:07:11.598290 140364053152576 basic_session_run_hooks.py:692] global_step/sec: 2.82742
INFO:tensorflow:global_step/sec: 2.79556
I0613 03:07:47.369291 140364053152576 basic_session_run_hooks.py:692] global_step/sec: 2.79556
INFO:tensorflow:global_step/sec: 2.827
I0613 03:08:22.742531 140364053152576 basic_session_run_hooks.py:692] global_step/sec: 2.827
INFO:tensorflow:global_step/sec: 2.83136
I0613 03:08:58.061278 140364053152576 basic_session_run_hooks.py:692] global_step/sec: 2.83136
INFO:tensorflow:global_step/sec: 2.80616
I0613 03:09:33.697226 140364053152576 basic_session_run_hooks.py:692] global_step/sec: 2.80616
INFO:tensorflow:global_step/sec: 2.80369
I0613 03:10:09.364582 140364053152576 basic_session_run_hooks.py:692] global_step/sec: 2.80369
INFO:tensorflow:global_step/sec: 2.84037
I0613 03:10:44.571323 140364053152576 basic_session_run_hooks.py:692] global_step/sec: 2.84037
INFO:tensorflow:global_step/sec: 2.79902
I0613 03:11:20.298135 140364053152576 basic_session_run_hooks.py:692] global_step/sec: 2.79902
I0613 03:11:20.298696 140364053152576 run_model.py:84] Step 164000: Loss 0.0291682
INFO:tensorflow:global_step/sec: 2.79473
I0613 03:11:56.079703 140364053152576 basic_session_run_hooks.py:692] global_step/sec: 2.79473
INFO:tensorflow:global_step/sec: 2.79335
I0613 03:12:31.879022 140364053152576 basic_session_run_hooks.py:692] global_step/sec: 2.79335
INFO:tensorflow:global_step/sec: 2.77684
I0613 03:13:07.891149 140364053152576 basic_session_run_hooks.py:692] global_step/sec: 2.77684
INFO:tensorflow:global_step/sec: 2.80332
I0613 03:13:43.563112 140364053152576 basic_session_run_hooks.py:692] global_step/sec: 2.80332
INFO:tensorflow:global_step/sec: 2.82183
I0613 03:14:19.001078 140364053152576 basic_session_run_hooks.py:692] global_step/sec: 2.82183
INFO:tensorflow:global_step/sec: 2.80539
I0613 03:14:54.646769 140364053152576 basic_session_run_hooks.py:692] global_step/sec: 2.80539
INFO:tensorflow:global_step/sec: 2.79378
I0613 03:15:30.440546 140364053152576 basic_session_run_hooks.py:692] global_step/sec: 2.79378
INFO:tensorflow:Saving checkpoints for 164710 into Data/cylinder_flow/mgn/checkpoint/model.ckpt.
I0613 03:15:33.634475 140364053152576 basic_session_run_hooks.py:606] Saving checkpoints for 164710 into Data/cylinder_flow/mgn/checkpoint/model.ckpt.
INFO:tensorflow:global_step/sec: 2.7249
I0613 03:16:07.139091 140364053152576 basic_session_run_hooks.py:692] global_step/sec: 2.7249
INFO:tensorflow:global_step/sec: 2.81217
I0613 03:16:42.698850 140364053152576 basic_session_run_hooks.py:692] global_step/sec: 2.81217
INFO:tensorflow:global_step/sec: 2.78295
I0613 03:17:18.631972 140364053152576 basic_session_run_hooks.py:692] global_step/sec: 2.78295
I0613 03:17:18.632448 140364053152576 run_model.py:84] Step 165000: Loss 0.117755
INFO:tensorflow:global_step/sec: 2.78655
I0613 03:17:54.518650 140364053152576 basic_session_run_hooks.py:692] global_step/sec: 2.78655
INFO:tensorflow:global_step/sec: 2.80269
I0613 03:18:30.198677 140364053152576 basic_session_run_hooks.py:692] global_step/sec: 2.80269
INFO:tensorflow:global_step/sec: 2.79088
I0613 03:19:06.029656 140364053152576 basic_session_run_hooks.py:692] global_step/sec: 2.79088
INFO:tensorflow:global_step/sec: 2.78926
I0613 03:19:41.881445 140364053152576 basic_session_run_hooks.py:692] global_step/sec: 2.78926
INFO:tensorflow:global_step/sec: 2.84093
I0613 03:20:17.081171 140364053152576 basic_session_run_hooks.py:692] global_step/sec: 2.84093
INFO:tensorflow:global_step/sec: 2.78134
I0613 03:20:53.035063 140364053152576 basic_session_run_hooks.py:692] global_step/sec: 2.78134
INFO:tensorflow:global_step/sec: 2.78552
I0613 03:21:28.935028 140364053152576 basic_session_run_hooks.py:692] global_step/sec: 2.78552
INFO:tensorflow:global_step/sec: 2.80942
I0613 03:22:04.529516 140364053152576 basic_session_run_hooks.py:692] global_step/sec: 2.80942
INFO:tensorflow:global_step/sec: 2.80995
I0613 03:22:40.117274 140364053152576 basic_session_run_hooks.py:692] global_step/sec: 2.80995
INFO:tensorflow:global_step/sec: 2.77719
I0613 03:23:16.124942 140364053152576 basic_session_run_hooks.py:692] global_step/sec: 2.77719
I0613 03:23:16.125456 140364053152576 run_model.py:84] Step 166000: Loss 0.0368639
INFO:tensorflow:global_step/sec: 2.7353
I0613 03:23:52.683927 140364053152576 basic_session_run_hooks.py:692] global_step/sec: 2.7353
INFO:tensorflow:global_step/sec: 2.79556
I0613 03:24:28.454978 140364053152576 basic_session_run_hooks.py:692] global_step/sec: 2.79556
INFO:tensorflow:global_step/sec: 2.81212
I0613 03:25:04.015380 140364053152576 basic_session_run_hooks.py:692] global_step/sec: 2.81212
INFO:tensorflow:Saving checkpoints for 166384 into Data/cylinder_flow/mgn/checkpoint/model.ckpt.
I0613 03:25:33.831415 140364053152576 basic_session_run_hooks.py:606] Saving checkpoints for 166384 into Data/cylinder_flow/mgn/checkpoint/model.ckpt.
INFO:tensorflow:global_step/sec: 2.73913
I0613 03:25:40.523346 140364053152576 basic_session_run_hooks.py:692] global_step/sec: 2.73913
INFO:tensorflow:global_step/sec: 2.80593
I0613 03:26:16.162205 140364053152576 basic_session_run_hooks.py:692] global_step/sec: 2.80593
INFO:tensorflow:global_step/sec: 2.78413
I0613 03:26:52.080080 140364053152576 basic_session_run_hooks.py:692] global_step/sec: 2.78413
INFO:tensorflow:global_step/sec: 2.77822
I0613 03:27:28.074378 140364053152576 basic_session_run_hooks.py:692] global_step/sec: 2.77822
INFO:tensorflow:global_step/sec: 2.83222
I0613 03:28:03.382328 140364053152576 basic_session_run_hooks.py:692] global_step/sec: 2.83222
INFO:tensorflow:global_step/sec: 2.77672
I0613 03:28:39.396059 140364053152576 basic_session_run_hooks.py:692] global_step/sec: 2.77672
INFO:tensorflow:global_step/sec: 2.80426
I0613 03:29:15.056141 140364053152576 basic_session_run_hooks.py:692] global_step/sec: 2.80426
I0613 03:29:15.056650 140364053152576 run_model.py:84] Step 167000: Loss 0.0526086
INFO:tensorflow:global_step/sec: 2.78423
I0613 03:29:50.972665 140364053152576 basic_session_run_hooks.py:692] global_step/sec: 2.78423
INFO:tensorflow:global_step/sec: 2.7732
I0613 03:30:27.032028 140364053152576 basic_session_run_hooks.py:692] global_step/sec: 2.7732
INFO:tensorflow:global_step/sec: 2.80002
I0613 03:31:02.746082 140364053152576 basic_session_run_hooks.py:692] global_step/sec: 2.80002
INFO:tensorflow:global_step/sec: 2.80751
I0613 03:31:38.364875 140364053152576 basic_session_run_hooks.py:692] global_step/sec: 2.80751
INFO:tensorflow:global_step/sec: 2.78254
I0613 03:32:14.303293 140364053152576 basic_session_run_hooks.py:692] global_step/sec: 2.78254
INFO:tensorflow:global_step/sec: 2.75313
I0613 03:32:50.625670 140364053152576 basic_session_run_hooks.py:692] global_step/sec: 2.75313
INFO:tensorflow:global_step/sec: 2.77105
I0613 03:33:26.713005 140364053152576 basic_session_run_hooks.py:692] global_step/sec: 2.77105
INFO:tensorflow:global_step/sec: 2.79009
I0613 03:34:02.554105 140364053152576 basic_session_run_hooks.py:692] global_step/sec: 2.79009
INFO:tensorflow:global_step/sec: 2.77941
I0613 03:34:38.533024 140364053152576 basic_session_run_hooks.py:692] global_step/sec: 2.77941
INFO:tensorflow:global_step/sec: 2.81456
I0613 03:35:14.062563 140364053152576 basic_session_run_hooks.py:692] global_step/sec: 2.81456
I0613 03:35:14.063060 140364053152576 run_model.py:84] Step 168000: Loss 0.106915
INFO:tensorflow:Saving checkpoints for 168058 into Data/cylinder_flow/mgn/checkpoint/model.ckpt.
I0613 03:35:34.133679 140364053152576 basic_session_run_hooks.py:606] Saving checkpoints for 168058 into Data/cylinder_flow/mgn/checkpoint/model.ckpt.
INFO:tensorflow:global_step/sec: 2.79533
I0613 03:35:49.836528 140364053152576 basic_session_run_hooks.py:692] global_step/sec: 2.79533
INFO:tensorflow:global_step/sec: 2.88333
I0613 03:36:24.518653 140364053152576 basic_session_run_hooks.py:692] global_step/sec: 2.88333
INFO:tensorflow:global_step/sec: 2.8342
I0613 03:36:59.802029 140364053152576 basic_session_run_hooks.py:692] global_step/sec: 2.8342
INFO:tensorflow:global_step/sec: 2.81636
I0613 03:37:35.308765 140364053152576 basic_session_run_hooks.py:692] global_step/sec: 2.81636
INFO:tensorflow:global_step/sec: 2.81772
I0613 03:38:10.798404 140364053152576 basic_session_run_hooks.py:692] global_step/sec: 2.81772
INFO:tensorflow:global_step/sec: 2.79324
I0613 03:38:46.599134 140364053152576 basic_session_run_hooks.py:692] global_step/sec: 2.79324
INFO:tensorflow:global_step/sec: 2.80875
I0613 03:39:22.202187 140364053152576 basic_session_run_hooks.py:692] global_step/sec: 2.80875
INFO:tensorflow:global_step/sec: 2.81109
I0613 03:39:57.775521 140364053152576 basic_session_run_hooks.py:692] global_step/sec: 2.81109
INFO:tensorflow:global_step/sec: 2.81215
I0613 03:40:33.335576 140364053152576 basic_session_run_hooks.py:692] global_step/sec: 2.81215
INFO:tensorflow:global_step/sec: 2.83239
I0613 03:41:08.641403 140364053152576 basic_session_run_hooks.py:692] global_step/sec: 2.83239
I0613 03:41:08.641927 140364053152576 run_model.py:84] Step 169000: Loss 0.0411163
INFO:tensorflow:global_step/sec: 2.80952
I0613 03:41:44.234713 140364053152576 basic_session_run_hooks.py:692] global_step/sec: 2.80952
INFO:tensorflow:global_step/sec: 2.82499
I0613 03:42:19.633060 140364053152576 basic_session_run_hooks.py:692] global_step/sec: 2.82499
INFO:tensorflow:global_step/sec: 2.84494
I0613 03:42:54.783178 140364053152576 basic_session_run_hooks.py:692] global_step/sec: 2.84494
INFO:tensorflow:global_step/sec: 2.83195
I0613 03:43:30.094509 140364053152576 basic_session_run_hooks.py:692] global_step/sec: 2.83195
INFO:tensorflow:global_step/sec: 2.84594
I0613 03:44:05.232198 140364053152576 basic_session_run_hooks.py:692] global_step/sec: 2.84594
INFO:tensorflow:global_step/sec: 2.82444
I0613 03:44:40.637489 140364053152576 basic_session_run_hooks.py:692] global_step/sec: 2.82444
INFO:tensorflow:global_step/sec: 2.86946
I0613 03:45:15.487242 140364053152576 basic_session_run_hooks.py:692] global_step/sec: 2.86946
INFO:tensorflow:Saving checkpoints for 169754 into Data/cylinder_flow/mgn/checkpoint/model.ckpt.
I0613 03:45:34.346481 140364053152576 basic_session_run_hooks.py:606] Saving checkpoints for 169754 into Data/cylinder_flow/mgn/checkpoint/model.ckpt.
INFO:tensorflow:global_step/sec: 2.71472
I0613 03:45:52.323401 140364053152576 basic_session_run_hooks.py:692] global_step/sec: 2.71472
INFO:tensorflow:global_step/sec: 2.76024
I0613 03:46:28.552187 140364053152576 basic_session_run_hooks.py:692] global_step/sec: 2.76024
INFO:tensorflow:global_step/sec: 2.75721
I0613 03:47:04.820729 140364053152576 basic_session_run_hooks.py:692] global_step/sec: 2.75721
I0613 03:47:04.822444 140364053152576 run_model.py:84] Step 170000: Loss 0.0605736
INFO:tensorflow:global_step/sec: 2.76826
I0613 03:47:40.944515 140364053152576 basic_session_run_hooks.py:692] global_step/sec: 2.76826
INFO:tensorflow:global_step/sec: 2.76097
I0613 03:48:17.163685 140364053152576 basic_session_run_hooks.py:692] global_step/sec: 2.76097
INFO:tensorflow:global_step/sec: 2.76685
I0613 03:48:53.305878 140364053152576 basic_session_run_hooks.py:692] global_step/sec: 2.76685
INFO:tensorflow:global_step/sec: 2.76975
I0613 03:49:29.410273 140364053152576 basic_session_run_hooks.py:692] global_step/sec: 2.76975
INFO:tensorflow:global_step/sec: 2.7941
I0613 03:50:05.200020 140364053152576 basic_session_run_hooks.py:692] global_step/sec: 2.7941
INFO:tensorflow:global_step/sec: 2.82327
I0613 03:50:40.619970 140364053152576 basic_session_run_hooks.py:692] global_step/sec: 2.82327
INFO:tensorflow:global_step/sec: 2.79666
I0613 03:51:16.376886 140364053152576 basic_session_run_hooks.py:692] global_step/sec: 2.79666
INFO:tensorflow:global_step/sec: 2.78637
I0613 03:51:52.265942 140364053152576 basic_session_run_hooks.py:692] global_step/sec: 2.78637
INFO:tensorflow:global_step/sec: 2.7974
I0613 03:52:28.013360 140364053152576 basic_session_run_hooks.py:692] global_step/sec: 2.7974
INFO:tensorflow:global_step/sec: 2.77316
I0613 03:53:04.073281 140364053152576 basic_session_run_hooks.py:692] global_step/sec: 2.77316
I0613 03:53:04.073759 140364053152576 run_model.py:84] Step 171000: Loss 0.0786537
INFO:tensorflow:global_step/sec: 2.78417
I0613 03:53:39.990602 140364053152576 basic_session_run_hooks.py:692] global_step/sec: 2.78417
INFO:tensorflow:global_step/sec: 2.77337
I0613 03:54:16.047816 140364053152576 basic_session_run_hooks.py:692] global_step/sec: 2.77337
INFO:tensorflow:global_step/sec: 2.77748
I0613 03:54:52.051681 140364053152576 basic_session_run_hooks.py:692] global_step/sec: 2.77748
INFO:tensorflow:global_step/sec: 2.81753
I0613 03:55:27.543696 140364053152576 basic_session_run_hooks.py:692] global_step/sec: 2.81753
INFO:tensorflow:Saving checkpoints for 171420 into Data/cylinder_flow/mgn/checkpoint/model.ckpt.
I0613 03:55:34.392073 140364053152576 basic_session_run_hooks.py:606] Saving checkpoints for 171420 into Data/cylinder_flow/mgn/checkpoint/model.ckpt.
INFO:tensorflow:global_step/sec: 2.70753
I0613 03:56:04.477732 140364053152576 basic_session_run_hooks.py:692] global_step/sec: 2.70753
INFO:tensorflow:global_step/sec: 2.77465
I0613 03:56:40.518275 140364053152576 basic_session_run_hooks.py:692] global_step/sec: 2.77465
INFO:tensorflow:global_step/sec: 2.81769
I0613 03:57:16.008389 140364053152576 basic_session_run_hooks.py:692] global_step/sec: 2.81769
INFO:tensorflow:global_step/sec: 2.7829
I0613 03:57:51.942172 140364053152576 basic_session_run_hooks.py:692] global_step/sec: 2.7829
INFO:tensorflow:global_step/sec: 2.77428
I0613 03:58:27.987510 140364053152576 basic_session_run_hooks.py:692] global_step/sec: 2.77428
INFO:tensorflow:global_step/sec: 2.76952
I0613 03:59:04.094916 140364053152576 basic_session_run_hooks.py:692] global_step/sec: 2.76952
I0613 03:59:04.096168 140364053152576 run_model.py:84] Step 172000: Loss 0.080501
INFO:tensorflow:global_step/sec: 2.75233
I0613 03:59:40.427740 140364053152576 basic_session_run_hooks.py:692] global_step/sec: 2.75233
INFO:tensorflow:global_step/sec: 2.74376
I0613 04:00:16.874122 140364053152576 basic_session_run_hooks.py:692] global_step/sec: 2.74376
INFO:tensorflow:global_step/sec: 2.85175
I0613 04:00:51.940320 140364053152576 basic_session_run_hooks.py:692] global_step/sec: 2.85175
INFO:tensorflow:global_step/sec: 2.81578
I0613 04:01:27.454466 140364053152576 basic_session_run_hooks.py:692] global_step/sec: 2.81578
INFO:tensorflow:global_step/sec: 2.80089
I0613 04:02:03.157382 140364053152576 basic_session_run_hooks.py:692] global_step/sec: 2.80089
INFO:tensorflow:global_step/sec: 2.81127
I0613 04:02:38.728502 140364053152576 basic_session_run_hooks.py:692] global_step/sec: 2.81127
INFO:tensorflow:global_step/sec: 2.82789
I0613 04:03:14.090508 140364053152576 basic_session_run_hooks.py:692] global_step/sec: 2.82789
INFO:tensorflow:global_step/sec: 2.84215
I0613 04:03:49.275127 140364053152576 basic_session_run_hooks.py:692] global_step/sec: 2.84215
INFO:tensorflow:global_step/sec: 2.81657
I0613 04:04:24.779356 140364053152576 basic_session_run_hooks.py:692] global_step/sec: 2.81657
INFO:tensorflow:global_step/sec: 2.82403
I0613 04:05:00.189734 140364053152576 basic_session_run_hooks.py:692] global_step/sec: 2.82403
I0613 04:05:00.190369 140364053152576 run_model.py:84] Step 173000: Loss 0.0296596
INFO:tensorflow:Saving checkpoints for 173097 into Data/cylinder_flow/mgn/checkpoint/model.ckpt.
I0613 04:05:34.393687 140364053152576 basic_session_run_hooks.py:606] Saving checkpoints for 173097 into Data/cylinder_flow/mgn/checkpoint/model.ckpt.
INFO:tensorflow:global_step/sec: 2.74259
I0613 04:05:36.651642 140364053152576 basic_session_run_hooks.py:692] global_step/sec: 2.74259
INFO:tensorflow:global_step/sec: 2.79773
I0613 04:06:12.394942 140364053152576 basic_session_run_hooks.py:692] global_step/sec: 2.79773
INFO:tensorflow:global_step/sec: 2.80727
I0613 04:06:48.016694 140364053152576 basic_session_run_hooks.py:692] global_step/sec: 2.80727
INFO:tensorflow:global_step/sec: 2.82149
I0613 04:07:23.458981 140364053152576 basic_session_run_hooks.py:692] global_step/sec: 2.82149
INFO:tensorflow:global_step/sec: 2.84554
I0613 04:07:58.601693 140364053152576 basic_session_run_hooks.py:692] global_step/sec: 2.84554
INFO:tensorflow:global_step/sec: 2.87205
I0613 04:08:33.420049 140364053152576 basic_session_run_hooks.py:692] global_step/sec: 2.87205
INFO:tensorflow:global_step/sec: 2.82691
I0613 04:09:08.794415 140364053152576 basic_session_run_hooks.py:692] global_step/sec: 2.82691
INFO:tensorflow:global_step/sec: 2.85475
I0613 04:09:43.823759 140364053152576 basic_session_run_hooks.py:692] global_step/sec: 2.85475
INFO:tensorflow:global_step/sec: 2.82262
I0613 04:10:19.251901 140364053152576 basic_session_run_hooks.py:692] global_step/sec: 2.82262
INFO:tensorflow:global_step/sec: 2.81517
I0613 04:10:54.773739 140364053152576 basic_session_run_hooks.py:692] global_step/sec: 2.81517
I0613 04:10:54.774888 140364053152576 run_model.py:84] Step 174000: Loss 0.0329447
INFO:tensorflow:global_step/sec: 2.82173
I0613 04:11:30.213010 140364053152576 basic_session_run_hooks.py:692] global_step/sec: 2.82173
INFO:tensorflow:global_step/sec: 2.81899
I0613 04:12:05.686748 140364053152576 basic_session_run_hooks.py:692] global_step/sec: 2.81899
INFO:tensorflow:global_step/sec: 2.80613
I0613 04:12:41.323094 140364053152576 basic_session_run_hooks.py:692] global_step/sec: 2.80613
INFO:tensorflow:global_step/sec: 2.82721
I0613 04:13:16.693591 140364053152576 basic_session_run_hooks.py:692] global_step/sec: 2.82721
INFO:tensorflow:global_step/sec: 2.82738
I0613 04:13:52.061997 140364053152576 basic_session_run_hooks.py:692] global_step/sec: 2.82738
INFO:tensorflow:global_step/sec: 2.85641
I0613 04:14:27.070951 140364053152576 basic_session_run_hooks.py:692] global_step/sec: 2.85641
INFO:tensorflow:global_step/sec: 2.83608
I0613 04:15:02.330870 140364053152576 basic_session_run_hooks.py:692] global_step/sec: 2.83608
INFO:tensorflow:Saving checkpoints for 174792 into Data/cylinder_flow/mgn/checkpoint/model.ckpt.
I0613 04:15:34.447295 140364053152576 basic_session_run_hooks.py:606] Saving checkpoints for 174792 into Data/cylinder_flow/mgn/checkpoint/model.ckpt.
INFO:tensorflow:global_step/sec: 2.77026
I0613 04:15:38.428540 140364053152576 basic_session_run_hooks.py:692] global_step/sec: 2.77026
INFO:tensorflow:global_step/sec: 2.86436
I0613 04:16:13.340390 140364053152576 basic_session_run_hooks.py:692] global_step/sec: 2.86436
INFO:tensorflow:global_step/sec: 2.83679
I0613 04:16:48.591474 140364053152576 basic_session_run_hooks.py:692] global_step/sec: 2.83679
I0613 04:16:48.592006 140364053152576 run_model.py:84] Step 175000: Loss 0.052798
INFO:tensorflow:global_step/sec: 2.85581
I0613 04:17:23.607795 140364053152576 basic_session_run_hooks.py:692] global_step/sec: 2.85581
INFO:tensorflow:global_step/sec: 2.81565
I0613 04:17:59.123636 140364053152576 basic_session_run_hooks.py:692] global_step/sec: 2.81565
INFO:tensorflow:global_step/sec: 2.80062
I0613 04:18:34.830051 140364053152576 basic_session_run_hooks.py:692] global_step/sec: 2.80062
INFO:tensorflow:global_step/sec: 2.76289
I0613 04:19:11.024003 140364053152576 basic_session_run_hooks.py:692] global_step/sec: 2.76289
INFO:tensorflow:global_step/sec: 2.79865
I0613 04:19:46.755531 140364053152576 basic_session_run_hooks.py:692] global_step/sec: 2.79865
INFO:tensorflow:global_step/sec: 2.77908
I0613 04:20:22.738659 140364053152576 basic_session_run_hooks.py:692] global_step/sec: 2.77908
INFO:tensorflow:global_step/sec: 2.79334
I0613 04:20:58.538144 140364053152576 basic_session_run_hooks.py:692] global_step/sec: 2.79334
INFO:tensorflow:global_step/sec: 2.78607
I0613 04:21:34.431002 140364053152576 basic_session_run_hooks.py:692] global_step/sec: 2.78607
INFO:tensorflow:global_step/sec: 2.7995
I0613 04:22:10.151701 140364053152576 basic_session_run_hooks.py:692] global_step/sec: 2.7995
INFO:tensorflow:global_step/sec: 2.79488
I0613 04:22:45.931373 140364053152576 basic_session_run_hooks.py:692] global_step/sec: 2.79488
I0613 04:22:45.932795 140364053152576 run_model.py:84] Step 176000: Loss 0.0552375
INFO:tensorflow:global_step/sec: 2.8087
I0613 04:23:21.535055 140364053152576 basic_session_run_hooks.py:692] global_step/sec: 2.8087
INFO:tensorflow:global_step/sec: 2.84459
I0613 04:23:56.689484 140364053152576 basic_session_run_hooks.py:692] global_step/sec: 2.84459
INFO:tensorflow:global_step/sec: 2.80027
I0613 04:24:32.400310 140364053152576 basic_session_run_hooks.py:692] global_step/sec: 2.80027
INFO:tensorflow:global_step/sec: 2.7957
I0613 04:25:08.169496 140364053152576 basic_session_run_hooks.py:692] global_step/sec: 2.7957
INFO:tensorflow:Saving checkpoints for 176476 into Data/cylinder_flow/mgn/checkpoint/model.ckpt.
I0613 04:25:34.759268 140364053152576 basic_session_run_hooks.py:606] Saving checkpoints for 176476 into Data/cylinder_flow/mgn/checkpoint/model.ckpt.
INFO:tensorflow:global_step/sec: 2.74955
I0613 04:25:44.539129 140364053152576 basic_session_run_hooks.py:692] global_step/sec: 2.74955
INFO:tensorflow:global_step/sec: 2.81411
I0613 04:26:20.074329 140364053152576 basic_session_run_hooks.py:692] global_step/sec: 2.81411
INFO:tensorflow:global_step/sec: 2.8211
I0613 04:26:55.521513 140364053152576 basic_session_run_hooks.py:692] global_step/sec: 2.8211
INFO:tensorflow:global_step/sec: 2.79814
I0613 04:27:31.259547 140364053152576 basic_session_run_hooks.py:692] global_step/sec: 2.79814
INFO:tensorflow:global_step/sec: 2.7973
I0613 04:28:07.008337 140364053152576 basic_session_run_hooks.py:692] global_step/sec: 2.7973
INFO:tensorflow:global_step/sec: 2.83972
I0613 04:28:42.223049 140364053152576 basic_session_run_hooks.py:692] global_step/sec: 2.83972
I0613 04:28:42.223569 140364053152576 run_model.py:84] Step 177000: Loss 0.214086
INFO:tensorflow:global_step/sec: 2.86316
I0613 04:29:17.149426 140364053152576 basic_session_run_hooks.py:692] global_step/sec: 2.86316
INFO:tensorflow:global_step/sec: 2.82739
I0613 04:29:52.517761 140364053152576 basic_session_run_hooks.py:692] global_step/sec: 2.82739
INFO:tensorflow:global_step/sec: 2.84977
I0613 04:30:27.608312 140364053152576 basic_session_run_hooks.py:692] global_step/sec: 2.84977
INFO:tensorflow:global_step/sec: 2.85966
I0613 04:31:02.577458 140364053152576 basic_session_run_hooks.py:692] global_step/sec: 2.85966
INFO:tensorflow:global_step/sec: 2.86141
I0613 04:31:37.525297 140364053152576 basic_session_run_hooks.py:692] global_step/sec: 2.86141
INFO:tensorflow:global_step/sec: 2.79556
I0613 04:32:13.296316 140364053152576 basic_session_run_hooks.py:692] global_step/sec: 2.79556
INFO:tensorflow:global_step/sec: 2.7753
I0613 04:32:49.328468 140364053152576 basic_session_run_hooks.py:692] global_step/sec: 2.7753
INFO:tensorflow:global_step/sec: 2.77561
I0613 04:33:25.356549 140364053152576 basic_session_run_hooks.py:692] global_step/sec: 2.77561
INFO:tensorflow:global_step/sec: 2.76562
I0613 04:34:01.514836 140364053152576 basic_session_run_hooks.py:692] global_step/sec: 2.76562
INFO:tensorflow:global_step/sec: 2.75798
I0613 04:34:37.773217 140364053152576 basic_session_run_hooks.py:692] global_step/sec: 2.75798
I0613 04:34:37.774330 140364053152576 run_model.py:84] Step 178000: Loss 0.052606
INFO:tensorflow:global_step/sec: 2.78032
I0613 04:35:13.740304 140364053152576 basic_session_run_hooks.py:692] global_step/sec: 2.78032
INFO:tensorflow:Saving checkpoints for 178160 into Data/cylinder_flow/mgn/checkpoint/model.ckpt.
I0613 04:35:34.898670 140364053152576 basic_session_run_hooks.py:606] Saving checkpoints for 178160 into Data/cylinder_flow/mgn/checkpoint/model.ckpt.
INFO:tensorflow:global_step/sec: 2.76225
I0613 04:35:49.942718 140364053152576 basic_session_run_hooks.py:692] global_step/sec: 2.76225
INFO:tensorflow:global_step/sec: 2.83064
I0613 04:36:25.270419 140364053152576 basic_session_run_hooks.py:692] global_step/sec: 2.83064
INFO:tensorflow:global_step/sec: 2.79647
I0613 04:37:01.029828 140364053152576 basic_session_run_hooks.py:692] global_step/sec: 2.79647
INFO:tensorflow:global_step/sec: 2.79961
I0613 04:37:36.749040 140364053152576 basic_session_run_hooks.py:692] global_step/sec: 2.79961
INFO:tensorflow:global_step/sec: 2.81788
I0613 04:38:12.236701 140364053152576 basic_session_run_hooks.py:692] global_step/sec: 2.81788
INFO:tensorflow:global_step/sec: 2.81275
I0613 04:38:47.789089 140364053152576 basic_session_run_hooks.py:692] global_step/sec: 2.81275
INFO:tensorflow:global_step/sec: 2.85089
I0613 04:39:22.865790 140364053152576 basic_session_run_hooks.py:692] global_step/sec: 2.85089
INFO:tensorflow:global_step/sec: 2.8312
I0613 04:39:58.186531 140364053152576 basic_session_run_hooks.py:692] global_step/sec: 2.8312
INFO:tensorflow:global_step/sec: 2.83063
I0613 04:40:33.514441 140364053152576 basic_session_run_hooks.py:692] global_step/sec: 2.83063
I0613 04:40:33.514970 140364053152576 run_model.py:84] Step 179000: Loss 0.0392316
INFO:tensorflow:global_step/sec: 2.82715
I0613 04:41:08.885708 140364053152576 basic_session_run_hooks.py:692] global_step/sec: 2.82715
INFO:tensorflow:global_step/sec: 2.85617
I0613 04:41:43.897619 140364053152576 basic_session_run_hooks.py:692] global_step/sec: 2.85617
INFO:tensorflow:global_step/sec: 2.86415
I0613 04:42:18.811960 140364053152576 basic_session_run_hooks.py:692] global_step/sec: 2.86415
INFO:tensorflow:global_step/sec: 2.83834
I0613 04:42:54.043793 140364053152576 basic_session_run_hooks.py:692] global_step/sec: 2.83834
INFO:tensorflow:global_step/sec: 2.8151
I0613 04:43:29.566524 140364053152576 basic_session_run_hooks.py:692] global_step/sec: 2.8151
INFO:tensorflow:global_step/sec: 2.79622
I0613 04:44:05.329120 140364053152576 basic_session_run_hooks.py:692] global_step/sec: 2.79622
INFO:tensorflow:global_step/sec: 2.80152
I0613 04:44:41.024047 140364053152576 basic_session_run_hooks.py:692] global_step/sec: 2.80152
INFO:tensorflow:global_step/sec: 2.81039
I0613 04:45:16.606300 140364053152576 basic_session_run_hooks.py:692] global_step/sec: 2.81039
INFO:tensorflow:Saving checkpoints for 179853 into Data/cylinder_flow/mgn/checkpoint/model.ckpt.
I0613 04:45:34.972584 140364053152576 basic_session_run_hooks.py:606] Saving checkpoints for 179853 into Data/cylinder_flow/mgn/checkpoint/model.ckpt.
INFO:tensorflow:global_step/sec: 2.76148
I0613 04:45:52.818744 140364053152576 basic_session_run_hooks.py:692] global_step/sec: 2.76148
INFO:tensorflow:global_step/sec: 2.88565
I0613 04:46:27.473036 140364053152576 basic_session_run_hooks.py:692] global_step/sec: 2.88565
I0613 04:46:27.473869 140364053152576 run_model.py:84] Step 180000: Loss 0.0330706
INFO:tensorflow:global_step/sec: 2.84385
I0613 04:47:02.636636 140364053152576 basic_session_run_hooks.py:692] global_step/sec: 2.84385
INFO:tensorflow:global_step/sec: 2.83126
I0613 04:47:37.956676 140364053152576 basic_session_run_hooks.py:692] global_step/sec: 2.83126
INFO:tensorflow:global_step/sec: 2.87359
I0613 04:48:12.756309 140364053152576 basic_session_run_hooks.py:692] global_step/sec: 2.87359
INFO:tensorflow:global_step/sec: 2.81903
I0613 04:48:48.229547 140364053152576 basic_session_run_hooks.py:692] global_step/sec: 2.81903
INFO:tensorflow:global_step/sec: 2.82071
I0613 04:49:23.681587 140364053152576 basic_session_run_hooks.py:692] global_step/sec: 2.82071
INFO:tensorflow:global_step/sec: 2.82611
I0613 04:49:59.065893 140364053152576 basic_session_run_hooks.py:692] global_step/sec: 2.82611
INFO:tensorflow:global_step/sec: 2.78661
I0613 04:50:34.951786 140364053152576 basic_session_run_hooks.py:692] global_step/sec: 2.78661
INFO:tensorflow:global_step/sec: 2.8042
I0613 04:51:10.612548 140364053152576 basic_session_run_hooks.py:692] global_step/sec: 2.8042
INFO:tensorflow:global_step/sec: 2.80635
I0613 04:51:46.246047 140364053152576 basic_session_run_hooks.py:692] global_step/sec: 2.80635
INFO:tensorflow:global_step/sec: 2.79875
I0613 04:52:21.976309 140364053152576 basic_session_run_hooks.py:692] global_step/sec: 2.79875
I0613 04:52:21.976805 140364053152576 run_model.py:84] Step 181000: Loss 0.144655
INFO:tensorflow:global_step/sec: 2.84787
I0613 04:52:57.090302 140364053152576 basic_session_run_hooks.py:692] global_step/sec: 2.84787
INFO:tensorflow:global_step/sec: 2.83456
I0613 04:53:32.369167 140364053152576 basic_session_run_hooks.py:692] global_step/sec: 2.83456
INFO:tensorflow:global_step/sec: 2.85238
I0613 04:54:07.427637 140364053152576 basic_session_run_hooks.py:692] global_step/sec: 2.85238
INFO:tensorflow:global_step/sec: 2.86067
I0613 04:54:42.384407 140364053152576 basic_session_run_hooks.py:692] global_step/sec: 2.86067
INFO:tensorflow:global_step/sec: 2.84228
I0613 04:55:17.567396 140364053152576 basic_session_run_hooks.py:692] global_step/sec: 2.84228
INFO:tensorflow:Saving checkpoints for 181552 into Data/cylinder_flow/mgn/checkpoint/model.ckpt.
I0613 04:55:35.259552 140364053152576 basic_session_run_hooks.py:606] Saving checkpoints for 181552 into Data/cylinder_flow/mgn/checkpoint/model.ckpt.
INFO:tensorflow:global_step/sec: 2.81161
I0613 04:55:53.134168 140364053152576 basic_session_run_hooks.py:692] global_step/sec: 2.81161
INFO:tensorflow:global_step/sec: 2.86683
I0613 04:56:28.015929 140364053152576 basic_session_run_hooks.py:692] global_step/sec: 2.86683
INFO:tensorflow:global_step/sec: 2.8717
I0613 04:57:02.838544 140364053152576 basic_session_run_hooks.py:692] global_step/sec: 2.8717
INFO:tensorflow:global_step/sec: 2.84373
I0613 04:57:38.003619 140364053152576 basic_session_run_hooks.py:692] global_step/sec: 2.84373
INFO:tensorflow:global_step/sec: 2.87697
I0613 04:58:12.762442 140364053152576 basic_session_run_hooks.py:692] global_step/sec: 2.87697
I0613 04:58:12.762943 140364053152576 run_model.py:84] Step 182000: Loss 0.0294129
INFO:tensorflow:global_step/sec: 2.8592
I0613 04:58:47.737230 140364053152576 basic_session_run_hooks.py:692] global_step/sec: 2.8592
INFO:tensorflow:global_step/sec: 2.86145
I0613 04:59:22.684520 140364053152576 basic_session_run_hooks.py:692] global_step/sec: 2.86145
INFO:tensorflow:global_step/sec: 2.87912
I0613 04:59:57.417329 140364053152576 basic_session_run_hooks.py:692] global_step/sec: 2.87912
INFO:tensorflow:global_step/sec: 2.83017
I0613 05:00:32.750894 140364053152576 basic_session_run_hooks.py:692] global_step/sec: 2.83017
INFO:tensorflow:global_step/sec: 2.84356
I0613 05:01:07.918044 140364053152576 basic_session_run_hooks.py:692] global_step/sec: 2.84356
INFO:tensorflow:global_step/sec: 2.85853
I0613 05:01:42.901041 140364053152576 basic_session_run_hooks.py:692] global_step/sec: 2.85853
INFO:tensorflow:global_step/sec: 2.81668
I0613 05:02:18.403830 140364053152576 basic_session_run_hooks.py:692] global_step/sec: 2.81668
INFO:tensorflow:global_step/sec: 2.79956
I0613 05:02:54.123730 140364053152576 basic_session_run_hooks.py:692] global_step/sec: 2.79956
INFO:tensorflow:global_step/sec: 2.82925
I0613 05:03:29.468773 140364053152576 basic_session_run_hooks.py:692] global_step/sec: 2.82925
INFO:tensorflow:global_step/sec: 2.84688
I0613 05:04:04.594909 140364053152576 basic_session_run_hooks.py:692] global_step/sec: 2.84688
I0613 05:04:04.595436 140364053152576 run_model.py:84] Step 183000: Loss 0.149879
INFO:tensorflow:global_step/sec: 2.83601
I0613 05:04:39.855802 140364053152576 basic_session_run_hooks.py:692] global_step/sec: 2.83601
INFO:tensorflow:global_step/sec: 2.8467
I0613 05:05:14.984200 140364053152576 basic_session_run_hooks.py:692] global_step/sec: 2.8467
INFO:tensorflow:Saving checkpoints for 183260 into Data/cylinder_flow/mgn/checkpoint/model.ckpt.
I0613 05:05:35.330329 140364053152576 basic_session_run_hooks.py:606] Saving checkpoints for 183260 into Data/cylinder_flow/mgn/checkpoint/model.ckpt.
INFO:tensorflow:global_step/sec: 2.83809
I0613 05:05:50.219151 140364053152576 basic_session_run_hooks.py:692] global_step/sec: 2.83809
INFO:tensorflow:global_step/sec: 2.84555
I0613 05:06:25.361782 140364053152576 basic_session_run_hooks.py:692] global_step/sec: 2.84555
INFO:tensorflow:global_step/sec: 2.82753
I0613 05:07:00.728343 140364053152576 basic_session_run_hooks.py:692] global_step/sec: 2.82753
INFO:tensorflow:global_step/sec: 2.84001
I0613 05:07:35.939494 140364053152576 basic_session_run_hooks.py:692] global_step/sec: 2.84001
INFO:tensorflow:global_step/sec: 2.82537
I0613 05:08:11.333080 140364053152576 basic_session_run_hooks.py:692] global_step/sec: 2.82537
INFO:tensorflow:global_step/sec: 2.82328
I0613 05:08:46.752949 140364053152576 basic_session_run_hooks.py:692] global_step/sec: 2.82328
INFO:tensorflow:global_step/sec: 2.83851
I0613 05:09:21.982686 140364053152576 basic_session_run_hooks.py:692] global_step/sec: 2.83851
INFO:tensorflow:global_step/sec: 2.8614
I0613 05:09:56.930598 140364053152576 basic_session_run_hooks.py:692] global_step/sec: 2.8614
I0613 05:09:56.931123 140364053152576 run_model.py:84] Step 184000: Loss 0.0946954
INFO:tensorflow:global_step/sec: 2.84428
I0613 05:10:32.088966 140364053152576 basic_session_run_hooks.py:692] global_step/sec: 2.84428
INFO:tensorflow:global_step/sec: 2.83393
I0613 05:11:07.375688 140364053152576 basic_session_run_hooks.py:692] global_step/sec: 2.83393
INFO:tensorflow:global_step/sec: 2.82162
I0613 05:11:42.816276 140364053152576 basic_session_run_hooks.py:692] global_step/sec: 2.82162
INFO:tensorflow:global_step/sec: 2.77023
I0613 05:12:18.914315 140364053152576 basic_session_run_hooks.py:692] global_step/sec: 2.77023
INFO:tensorflow:global_step/sec: 2.80313
I0613 05:12:54.588715 140364053152576 basic_session_run_hooks.py:692] global_step/sec: 2.80313
INFO:tensorflow:global_step/sec: 2.82339
I0613 05:13:30.007119 140364053152576 basic_session_run_hooks.py:692] global_step/sec: 2.82339
INFO:tensorflow:global_step/sec: 2.84201
I0613 05:14:05.193469 140364053152576 basic_session_run_hooks.py:692] global_step/sec: 2.84201
INFO:tensorflow:global_step/sec: 2.80201
I0613 05:14:40.882095 140364053152576 basic_session_run_hooks.py:692] global_step/sec: 2.80201
INFO:tensorflow:global_step/sec: 2.82243
I0613 05:15:16.312508 140364053152576 basic_session_run_hooks.py:692] global_step/sec: 2.82243
INFO:tensorflow:Saving checkpoints for 184955 into Data/cylinder_flow/mgn/checkpoint/model.ckpt.
I0613 05:15:35.416340 140364053152576 basic_session_run_hooks.py:606] Saving checkpoints for 184955 into Data/cylinder_flow/mgn/checkpoint/model.ckpt.
INFO:tensorflow:global_step/sec: 2.76029
I0613 05:15:52.540647 140364053152576 basic_session_run_hooks.py:692] global_step/sec: 2.76029
I0613 05:15:52.541131 140364053152576 run_model.py:84] Step 185000: Loss 0.0923579
INFO:tensorflow:global_step/sec: 2.83598
I0613 05:16:27.801829 140364053152576 basic_session_run_hooks.py:692] global_step/sec: 2.83598
INFO:tensorflow:global_step/sec: 2.78733
I0613 05:17:03.678524 140364053152576 basic_session_run_hooks.py:692] global_step/sec: 2.78733
INFO:tensorflow:global_step/sec: 2.85095
I0613 05:17:38.754479 140364053152576 basic_session_run_hooks.py:692] global_step/sec: 2.85095
INFO:tensorflow:global_step/sec: 2.7742
I0613 05:18:14.800923 140364053152576 basic_session_run_hooks.py:692] global_step/sec: 2.7742
INFO:tensorflow:global_step/sec: 2.73783
I0613 05:18:51.326215 140364053152576 basic_session_run_hooks.py:692] global_step/sec: 2.73783
INFO:tensorflow:global_step/sec: 2.7704
I0613 05:19:27.422136 140364053152576 basic_session_run_hooks.py:692] global_step/sec: 2.7704
INFO:tensorflow:global_step/sec: 2.76692
I0613 05:20:03.563358 140364053152576 basic_session_run_hooks.py:692] global_step/sec: 2.76692
INFO:tensorflow:global_step/sec: 2.78381
I0613 05:20:39.485380 140364053152576 basic_session_run_hooks.py:692] global_step/sec: 2.78381
INFO:tensorflow:global_step/sec: 2.77426
I0613 05:21:15.531073 140364053152576 basic_session_run_hooks.py:692] global_step/sec: 2.77426
INFO:tensorflow:global_step/sec: 2.75248
I0613 05:21:51.861927 140364053152576 basic_session_run_hooks.py:692] global_step/sec: 2.75248
I0613 05:21:51.862433 140364053152576 run_model.py:84] Step 186000: Loss 0.065938
INFO:tensorflow:global_step/sec: 2.73972
I0613 05:22:28.361998 140364053152576 basic_session_run_hooks.py:692] global_step/sec: 2.73972
INFO:tensorflow:global_step/sec: 2.72683
I0613 05:23:05.034569 140364053152576 basic_session_run_hooks.py:692] global_step/sec: 2.72683
INFO:tensorflow:global_step/sec: 2.77053
I0613 05:23:41.128757 140364053152576 basic_session_run_hooks.py:692] global_step/sec: 2.77053
INFO:tensorflow:global_step/sec: 2.80166
I0613 05:24:16.821858 140364053152576 basic_session_run_hooks.py:692] global_step/sec: 2.80166
INFO:tensorflow:global_step/sec: 2.7188
I0613 05:24:53.602824 140364053152576 basic_session_run_hooks.py:692] global_step/sec: 2.7188
INFO:tensorflow:global_step/sec: 2.78795
I0613 05:25:29.471405 140364053152576 basic_session_run_hooks.py:692] global_step/sec: 2.78795
INFO:tensorflow:Saving checkpoints for 186618 into Data/cylinder_flow/mgn/checkpoint/model.ckpt.
I0613 05:25:35.608053 140364053152576 basic_session_run_hooks.py:606] Saving checkpoints for 186618 into Data/cylinder_flow/mgn/checkpoint/model.ckpt.
INFO:tensorflow:global_step/sec: 2.69254
I0613 05:26:06.611070 140364053152576 basic_session_run_hooks.py:692] global_step/sec: 2.69254
INFO:tensorflow:global_step/sec: 2.77363
I0613 05:26:42.664856 140364053152576 basic_session_run_hooks.py:692] global_step/sec: 2.77363
INFO:tensorflow:global_step/sec: 2.77888
I0613 05:27:18.650538 140364053152576 basic_session_run_hooks.py:692] global_step/sec: 2.77888
INFO:tensorflow:global_step/sec: 2.8189
I0613 05:27:54.125379 140364053152576 basic_session_run_hooks.py:692] global_step/sec: 2.8189
I0613 05:27:54.125894 140364053152576 run_model.py:84] Step 187000: Loss 0.126637
INFO:tensorflow:global_step/sec: 2.77868
I0613 05:28:30.113724 140364053152576 basic_session_run_hooks.py:692] global_step/sec: 2.77868
INFO:tensorflow:global_step/sec: 2.81199
I0613 05:29:05.675775 140364053152576 basic_session_run_hooks.py:692] global_step/sec: 2.81199
INFO:tensorflow:global_step/sec: 2.78764
I0613 05:29:41.548321 140364053152576 basic_session_run_hooks.py:692] global_step/sec: 2.78764
INFO:tensorflow:global_step/sec: 2.82628
I0613 05:30:16.930493 140364053152576 basic_session_run_hooks.py:692] global_step/sec: 2.82628
INFO:tensorflow:global_step/sec: 2.83593
I0613 05:30:52.192245 140364053152576 basic_session_run_hooks.py:692] global_step/sec: 2.83593
INFO:tensorflow:global_step/sec: 2.8203
I0613 05:31:27.649448 140364053152576 basic_session_run_hooks.py:692] global_step/sec: 2.8203
INFO:tensorflow:global_step/sec: 2.8153
I0613 05:32:03.169585 140364053152576 basic_session_run_hooks.py:692] global_step/sec: 2.8153
INFO:tensorflow:global_step/sec: 2.82089
I0613 05:32:38.619376 140364053152576 basic_session_run_hooks.py:692] global_step/sec: 2.82089
INFO:tensorflow:global_step/sec: 2.82927
I0613 05:33:13.964145 140364053152576 basic_session_run_hooks.py:692] global_step/sec: 2.82927
INFO:tensorflow:global_step/sec: 2.82218
I0613 05:33:49.397717 140364053152576 basic_session_run_hooks.py:692] global_step/sec: 2.82218
I0613 05:33:49.398230 140364053152576 run_model.py:84] Step 188000: Loss 0.0323427
INFO:tensorflow:global_step/sec: 2.83757
I0613 05:34:24.639154 140364053152576 basic_session_run_hooks.py:692] global_step/sec: 2.83757
INFO:tensorflow:global_step/sec: 2.80994
I0613 05:35:00.227102 140364053152576 basic_session_run_hooks.py:692] global_step/sec: 2.80994
INFO:tensorflow:global_step/sec: 2.83334
I0613 05:35:35.521130 140364053152576 basic_session_run_hooks.py:692] global_step/sec: 2.83334
INFO:tensorflow:Saving checkpoints for 188302 into Data/cylinder_flow/mgn/checkpoint/model.ckpt.
I0613 05:35:35.892071 140364053152576 basic_session_run_hooks.py:606] Saving checkpoints for 188302 into Data/cylinder_flow/mgn/checkpoint/model.ckpt.
INFO:tensorflow:global_step/sec: 2.79498
I0613 05:36:11.299561 140364053152576 basic_session_run_hooks.py:692] global_step/sec: 2.79498
INFO:tensorflow:global_step/sec: 2.82642
I0613 05:36:46.680077 140364053152576 basic_session_run_hooks.py:692] global_step/sec: 2.82642
INFO:tensorflow:global_step/sec: 2.83648
I0613 05:37:21.935005 140364053152576 basic_session_run_hooks.py:692] global_step/sec: 2.83648
INFO:tensorflow:global_step/sec: 2.837
I0613 05:37:57.183539 140364053152576 basic_session_run_hooks.py:692] global_step/sec: 2.837
INFO:tensorflow:global_step/sec: 2.86489
I0613 05:38:32.088878 140364053152576 basic_session_run_hooks.py:692] global_step/sec: 2.86489
INFO:tensorflow:global_step/sec: 2.79329
I0613 05:39:07.889006 140364053152576 basic_session_run_hooks.py:692] global_step/sec: 2.79329
INFO:tensorflow:global_step/sec: 2.77703
I0613 05:39:43.898713 140364053152576 basic_session_run_hooks.py:692] global_step/sec: 2.77703
I0613 05:39:43.899225 140364053152576 run_model.py:84] Step 189000: Loss 0.180589
INFO:tensorflow:global_step/sec: 2.81362
I0613 05:40:19.440129 140364053152576 basic_session_run_hooks.py:692] global_step/sec: 2.81362
INFO:tensorflow:global_step/sec: 2.74277
I0613 05:40:55.899639 140364053152576 basic_session_run_hooks.py:692] global_step/sec: 2.74277
INFO:tensorflow:global_step/sec: 2.75956
I0613 05:41:32.137282 140364053152576 basic_session_run_hooks.py:692] global_step/sec: 2.75956
INFO:tensorflow:global_step/sec: 2.74876
I0613 05:42:08.517330 140364053152576 basic_session_run_hooks.py:692] global_step/sec: 2.74876
INFO:tensorflow:global_step/sec: 2.79292
I0613 05:42:44.322108 140364053152576 basic_session_run_hooks.py:692] global_step/sec: 2.79292
INFO:tensorflow:global_step/sec: 2.84649
I0613 05:43:19.453118 140364053152576 basic_session_run_hooks.py:692] global_step/sec: 2.84649
INFO:tensorflow:global_step/sec: 2.79474
I0613 05:43:55.234539 140364053152576 basic_session_run_hooks.py:692] global_step/sec: 2.79474
INFO:tensorflow:global_step/sec: 2.79517
I0613 05:44:31.010563 140364053152576 basic_session_run_hooks.py:692] global_step/sec: 2.79517
INFO:tensorflow:global_step/sec: 2.81821
I0613 05:45:06.494032 140364053152576 basic_session_run_hooks.py:692] global_step/sec: 2.81821
INFO:tensorflow:Saving checkpoints for 189984 into Data/cylinder_flow/mgn/checkpoint/model.ckpt.
I0613 05:45:36.108912 140364053152576 basic_session_run_hooks.py:606] Saving checkpoints for 189984 into Data/cylinder_flow/mgn/checkpoint/model.ckpt.
INFO:tensorflow:global_step/sec: 2.74572
I0613 05:45:42.914348 140364053152576 basic_session_run_hooks.py:692] global_step/sec: 2.74572
I0613 05:45:42.914848 140364053152576 run_model.py:84] Step 190000: Loss 0.0882272
INFO:tensorflow:global_step/sec: 2.81327
I0613 05:46:18.460176 140364053152576 basic_session_run_hooks.py:692] global_step/sec: 2.81327
INFO:tensorflow:global_step/sec: 2.76664
I0613 05:46:54.605099 140364053152576 basic_session_run_hooks.py:692] global_step/sec: 2.76664
INFO:tensorflow:global_step/sec: 2.76045
I0613 05:47:30.831000 140364053152576 basic_session_run_hooks.py:692] global_step/sec: 2.76045
INFO:tensorflow:global_step/sec: 2.81438
I0613 05:48:06.362759 140364053152576 basic_session_run_hooks.py:692] global_step/sec: 2.81438
INFO:tensorflow:global_step/sec: 2.77071
I0613 05:48:42.454559 140364053152576 basic_session_run_hooks.py:692] global_step/sec: 2.77071
INFO:tensorflow:global_step/sec: 2.74827
I0613 05:49:18.841137 140364053152576 basic_session_run_hooks.py:692] global_step/sec: 2.74827
INFO:tensorflow:global_step/sec: 2.79542
I0613 05:49:54.613877 140364053152576 basic_session_run_hooks.py:692] global_step/sec: 2.79542
INFO:tensorflow:global_step/sec: 2.84122
I0613 05:50:29.809983 140364053152576 basic_session_run_hooks.py:692] global_step/sec: 2.84122
INFO:tensorflow:global_step/sec: 2.83756
I0613 05:51:05.051535 140364053152576 basic_session_run_hooks.py:692] global_step/sec: 2.83756
INFO:tensorflow:global_step/sec: 2.81222
I0613 05:51:40.610548 140364053152576 basic_session_run_hooks.py:692] global_step/sec: 2.81222
I0613 05:51:40.611066 140364053152576 run_model.py:84] Step 191000: Loss 0.0391662
INFO:tensorflow:global_step/sec: 2.80626
I0613 05:52:16.245117 140364053152576 basic_session_run_hooks.py:692] global_step/sec: 2.80626
INFO:tensorflow:global_step/sec: 2.83019
I0613 05:52:51.578374 140364053152576 basic_session_run_hooks.py:692] global_step/sec: 2.83019
INFO:tensorflow:global_step/sec: 2.80036
I0613 05:53:27.288033 140364053152576 basic_session_run_hooks.py:692] global_step/sec: 2.80036
INFO:tensorflow:global_step/sec: 2.80366
I0613 05:54:02.955779 140364053152576 basic_session_run_hooks.py:692] global_step/sec: 2.80366
INFO:tensorflow:global_step/sec: 2.78228
I0613 05:54:38.897561 140364053152576 basic_session_run_hooks.py:692] global_step/sec: 2.78228
INFO:tensorflow:global_step/sec: 2.78224
I0613 05:55:14.839850 140364053152576 basic_session_run_hooks.py:692] global_step/sec: 2.78224
INFO:tensorflow:Saving checkpoints for 191661 into Data/cylinder_flow/mgn/checkpoint/model.ckpt.
I0613 05:55:36.288991 140364053152576 basic_session_run_hooks.py:606] Saving checkpoints for 191661 into Data/cylinder_flow/mgn/checkpoint/model.ckpt.
INFO:tensorflow:global_step/sec: 2.72366
I0613 05:55:51.555176 140364053152576 basic_session_run_hooks.py:692] global_step/sec: 2.72366
INFO:tensorflow:global_step/sec: 2.80272
I0613 05:56:27.234791 140364053152576 basic_session_run_hooks.py:692] global_step/sec: 2.80272
INFO:tensorflow:global_step/sec: 2.79448
I0613 05:57:03.019595 140364053152576 basic_session_run_hooks.py:692] global_step/sec: 2.79448
INFO:tensorflow:global_step/sec: 2.77209
I0613 05:57:39.093419 140364053152576 basic_session_run_hooks.py:692] global_step/sec: 2.77209
I0613 05:57:39.093924 140364053152576 run_model.py:84] Step 192000: Loss 0.0731797
INFO:tensorflow:global_step/sec: 2.79926
I0613 05:58:14.817077 140364053152576 basic_session_run_hooks.py:692] global_step/sec: 2.79926
INFO:tensorflow:global_step/sec: 2.79494
I0613 05:58:50.596026 140364053152576 basic_session_run_hooks.py:692] global_step/sec: 2.79494
INFO:tensorflow:global_step/sec: 2.74219
I0613 05:59:27.063154 140364053152576 basic_session_run_hooks.py:692] global_step/sec: 2.74219
INFO:tensorflow:global_step/sec: 2.78497
I0613 06:00:02.970259 140364053152576 basic_session_run_hooks.py:692] global_step/sec: 2.78497
INFO:tensorflow:global_step/sec: 2.78645
I0613 06:00:38.858156 140364053152576 basic_session_run_hooks.py:692] global_step/sec: 2.78645
INFO:tensorflow:global_step/sec: 2.79026
I0613 06:01:14.697131 140364053152576 basic_session_run_hooks.py:692] global_step/sec: 2.79026
INFO:tensorflow:global_step/sec: 2.77922
I0613 06:01:50.678414 140364053152576 basic_session_run_hooks.py:692] global_step/sec: 2.77922
INFO:tensorflow:global_step/sec: 2.73801
I0613 06:02:27.201328 140364053152576 basic_session_run_hooks.py:692] global_step/sec: 2.73801
INFO:tensorflow:global_step/sec: 2.75513
I0613 06:03:03.497280 140364053152576 basic_session_run_hooks.py:692] global_step/sec: 2.75513
INFO:tensorflow:global_step/sec: 2.77799
I0613 06:03:39.494469 140364053152576 basic_session_run_hooks.py:692] global_step/sec: 2.77799
I0613 06:03:39.494976 140364053152576 run_model.py:84] Step 193000: Loss 0.0563758
INFO:tensorflow:global_step/sec: 2.78545
I0613 06:04:15.395278 140364053152576 basic_session_run_hooks.py:692] global_step/sec: 2.78545
INFO:tensorflow:global_step/sec: 2.75047
I0613 06:04:51.752712 140364053152576 basic_session_run_hooks.py:692] global_step/sec: 2.75047
INFO:tensorflow:global_step/sec: 2.7879
I0613 06:05:27.621975 140364053152576 basic_session_run_hooks.py:692] global_step/sec: 2.7879
INFO:tensorflow:Saving checkpoints for 193325 into Data/cylinder_flow/mgn/checkpoint/model.ckpt.
I0613 06:05:36.322895 140364053152576 basic_session_run_hooks.py:606] Saving checkpoints for 193325 into Data/cylinder_flow/mgn/checkpoint/model.ckpt.
INFO:tensorflow:global_step/sec: 2.72306
I0613 06:06:04.345315 140364053152576 basic_session_run_hooks.py:692] global_step/sec: 2.72306
INFO:tensorflow:global_step/sec: 2.78344
I0613 06:06:40.272049 140364053152576 basic_session_run_hooks.py:692] global_step/sec: 2.78344
INFO:tensorflow:global_step/sec: 2.80677
I0613 06:07:15.900211 140364053152576 basic_session_run_hooks.py:692] global_step/sec: 2.80677
INFO:tensorflow:global_step/sec: 2.78923
I0613 06:07:51.752414 140364053152576 basic_session_run_hooks.py:692] global_step/sec: 2.78923
INFO:tensorflow:global_step/sec: 2.756
I0613 06:08:28.036929 140364053152576 basic_session_run_hooks.py:692] global_step/sec: 2.756
INFO:tensorflow:global_step/sec: 2.80886
I0613 06:09:03.638549 140364053152576 basic_session_run_hooks.py:692] global_step/sec: 2.80886
INFO:tensorflow:global_step/sec: 2.76507
I0613 06:09:39.803991 140364053152576 basic_session_run_hooks.py:692] global_step/sec: 2.76507
I0613 06:09:39.804484 140364053152576 run_model.py:84] Step 194000: Loss 0.0305955
INFO:tensorflow:global_step/sec: 2.7645
I0613 06:10:15.976900 140364053152576 basic_session_run_hooks.py:692] global_step/sec: 2.7645
INFO:tensorflow:global_step/sec: 2.79937
I0613 06:10:51.699289 140364053152576 basic_session_run_hooks.py:692] global_step/sec: 2.79937
INFO:tensorflow:global_step/sec: 2.77866
I0613 06:11:27.687880 140364053152576 basic_session_run_hooks.py:692] global_step/sec: 2.77866
INFO:tensorflow:global_step/sec: 2.76922
I0613 06:12:03.799157 140364053152576 basic_session_run_hooks.py:692] global_step/sec: 2.76922
INFO:tensorflow:global_step/sec: 2.77699
I0613 06:12:39.809436 140364053152576 basic_session_run_hooks.py:692] global_step/sec: 2.77699
INFO:tensorflow:global_step/sec: 2.77592
I0613 06:13:15.833595 140364053152576 basic_session_run_hooks.py:692] global_step/sec: 2.77592
INFO:tensorflow:global_step/sec: 2.79907
I0613 06:13:51.559657 140364053152576 basic_session_run_hooks.py:692] global_step/sec: 2.79907
INFO:tensorflow:global_step/sec: 2.77438
I0613 06:14:27.603783 140364053152576 basic_session_run_hooks.py:692] global_step/sec: 2.77438
INFO:tensorflow:global_step/sec: 2.77087
I0613 06:15:03.693499 140364053152576 basic_session_run_hooks.py:692] global_step/sec: 2.77087
INFO:tensorflow:Saving checkpoints for 194993 into Data/cylinder_flow/mgn/checkpoint/model.ckpt.
I0613 06:15:36.626365 140364053152576 basic_session_run_hooks.py:606] Saving checkpoints for 194993 into Data/cylinder_flow/mgn/checkpoint/model.ckpt.
INFO:tensorflow:global_step/sec: 2.73907
I0613 06:15:40.202305 140364053152576 basic_session_run_hooks.py:692] global_step/sec: 2.73907
I0613 06:15:40.202793 140364053152576 run_model.py:84] Step 195000: Loss 0.0293419
INFO:tensorflow:global_step/sec: 2.78506
I0613 06:16:16.108208 140364053152576 basic_session_run_hooks.py:692] global_step/sec: 2.78506
INFO:tensorflow:global_step/sec: 2.78529
I0613 06:16:52.011048 140364053152576 basic_session_run_hooks.py:692] global_step/sec: 2.78529
INFO:tensorflow:global_step/sec: 2.76458
I0613 06:17:28.182900 140364053152576 basic_session_run_hooks.py:692] global_step/sec: 2.76458
INFO:tensorflow:global_step/sec: 2.78752
I0613 06:18:04.057063 140364053152576 basic_session_run_hooks.py:692] global_step/sec: 2.78752
INFO:tensorflow:global_step/sec: 2.81491
I0613 06:18:39.582098 140364053152576 basic_session_run_hooks.py:692] global_step/sec: 2.81491
INFO:tensorflow:global_step/sec: 2.84579
I0613 06:19:14.721787 140364053152576 basic_session_run_hooks.py:692] global_step/sec: 2.84579
INFO:tensorflow:global_step/sec: 2.85884
I0613 06:19:49.700964 140364053152576 basic_session_run_hooks.py:692] global_step/sec: 2.85884
INFO:tensorflow:global_step/sec: 2.85146
I0613 06:20:24.770693 140364053152576 basic_session_run_hooks.py:692] global_step/sec: 2.85146
INFO:tensorflow:global_step/sec: 2.86075
I0613 06:20:59.726551 140364053152576 basic_session_run_hooks.py:692] global_step/sec: 2.86075
INFO:tensorflow:global_step/sec: 2.84181
I0613 06:21:34.915410 140364053152576 basic_session_run_hooks.py:692] global_step/sec: 2.84181
I0613 06:21:34.915942 140364053152576 run_model.py:84] Step 196000: Loss 0.0394182
INFO:tensorflow:global_step/sec: 2.80604
I0613 06:22:10.552772 140364053152576 basic_session_run_hooks.py:692] global_step/sec: 2.80604
INFO:tensorflow:global_step/sec: 2.78084
I0613 06:22:46.513168 140364053152576 basic_session_run_hooks.py:692] global_step/sec: 2.78084
INFO:tensorflow:global_step/sec: 2.7865
I0613 06:23:22.400439 140364053152576 basic_session_run_hooks.py:692] global_step/sec: 2.7865
INFO:tensorflow:global_step/sec: 2.75204
I0613 06:23:58.737119 140364053152576 basic_session_run_hooks.py:692] global_step/sec: 2.75204
INFO:tensorflow:global_step/sec: 2.7689
I0613 06:24:34.852630 140364053152576 basic_session_run_hooks.py:692] global_step/sec: 2.7689
INFO:tensorflow:global_step/sec: 2.75726
I0613 06:25:11.120410 140364053152576 basic_session_run_hooks.py:692] global_step/sec: 2.75726
INFO:tensorflow:Saving checkpoints for 196671 into Data/cylinder_flow/mgn/checkpoint/model.ckpt.
I0613 06:25:36.703193 140364053152576 basic_session_run_hooks.py:606] Saving checkpoints for 196671 into Data/cylinder_flow/mgn/checkpoint/model.ckpt.
INFO:tensorflow:global_step/sec: 2.6925
I0613 06:25:48.260615 140364053152576 basic_session_run_hooks.py:692] global_step/sec: 2.6925
INFO:tensorflow:global_step/sec: 2.81359
I0613 06:26:23.802384 140364053152576 basic_session_run_hooks.py:692] global_step/sec: 2.81359
INFO:tensorflow:global_step/sec: 2.77848
I0613 06:26:59.793261 140364053152576 basic_session_run_hooks.py:692] global_step/sec: 2.77848
INFO:tensorflow:global_step/sec: 2.79715
I0613 06:27:35.543913 140364053152576 basic_session_run_hooks.py:692] global_step/sec: 2.79715
I0613 06:27:35.544417 140364053152576 run_model.py:84] Step 197000: Loss 0.124915
INFO:tensorflow:global_step/sec: 2.81793
I0613 06:28:11.030979 140364053152576 basic_session_run_hooks.py:692] global_step/sec: 2.81793
INFO:tensorflow:global_step/sec: 2.76167
I0613 06:28:47.240909 140364053152576 basic_session_run_hooks.py:692] global_step/sec: 2.76167
INFO:tensorflow:global_step/sec: 2.78458
I0613 06:29:23.152915 140364053152576 basic_session_run_hooks.py:692] global_step/sec: 2.78458
INFO:tensorflow:global_step/sec: 2.82212
I0613 06:29:58.587288 140364053152576 basic_session_run_hooks.py:692] global_step/sec: 2.82212
INFO:tensorflow:global_step/sec: 2.76635
I0613 06:30:34.735939 140364053152576 basic_session_run_hooks.py:692] global_step/sec: 2.76635
INFO:tensorflow:global_step/sec: 2.77187
I0613 06:31:10.812659 140364053152576 basic_session_run_hooks.py:692] global_step/sec: 2.77187
INFO:tensorflow:global_step/sec: 2.79199
I0613 06:31:46.629437 140364053152576 basic_session_run_hooks.py:692] global_step/sec: 2.79199
INFO:tensorflow:global_step/sec: 2.81416
I0613 06:32:22.164011 140364053152576 basic_session_run_hooks.py:692] global_step/sec: 2.81416
INFO:tensorflow:global_step/sec: 2.80314
I0613 06:32:57.838351 140364053152576 basic_session_run_hooks.py:692] global_step/sec: 2.80314
INFO:tensorflow:global_step/sec: 2.86521
I0613 06:33:32.739779 140364053152576 basic_session_run_hooks.py:692] global_step/sec: 2.86521
I0613 06:33:32.740291 140364053152576 run_model.py:84] Step 198000: Loss 0.077068
INFO:tensorflow:global_step/sec: 2.83878
I0613 06:34:07.966150 140364053152576 basic_session_run_hooks.py:692] global_step/sec: 2.83878
INFO:tensorflow:global_step/sec: 2.83377
I0613 06:34:43.254828 140364053152576 basic_session_run_hooks.py:692] global_step/sec: 2.83377
INFO:tensorflow:global_step/sec: 2.82009
I0613 06:35:18.714741 140364053152576 basic_session_run_hooks.py:692] global_step/sec: 2.82009
INFO:tensorflow:Saving checkpoints for 198353 into Data/cylinder_flow/mgn/checkpoint/model.ckpt.
I0613 06:35:36.806115 140364053152576 basic_session_run_hooks.py:606] Saving checkpoints for 198353 into Data/cylinder_flow/mgn/checkpoint/model.ckpt.
INFO:tensorflow:global_step/sec: 2.78555
I0613 06:35:54.614259 140364053152576 basic_session_run_hooks.py:692] global_step/sec: 2.78555
INFO:tensorflow:global_step/sec: 2.79264
I0613 06:36:30.422709 140364053152576 basic_session_run_hooks.py:692] global_step/sec: 2.79264
INFO:tensorflow:global_step/sec: 2.77332
I0613 06:37:06.480566 140364053152576 basic_session_run_hooks.py:692] global_step/sec: 2.77332
INFO:tensorflow:global_step/sec: 2.79701
I0613 06:37:42.232993 140364053152576 basic_session_run_hooks.py:692] global_step/sec: 2.79701
INFO:tensorflow:global_step/sec: 2.80743
I0613 06:38:17.852791 140364053152576 basic_session_run_hooks.py:692] global_step/sec: 2.80743
INFO:tensorflow:global_step/sec: 2.78009
I0613 06:38:53.822782 140364053152576 basic_session_run_hooks.py:692] global_step/sec: 2.78009
INFO:tensorflow:global_step/sec: 2.76725
I0613 06:39:29.959785 140364053152576 basic_session_run_hooks.py:692] global_step/sec: 2.76725
I0613 06:39:29.960288 140364053152576 run_model.py:84] Step 199000: Loss 0.0717609
INFO:tensorflow:global_step/sec: 2.80423
I0613 06:40:05.620251 140364053152576 basic_session_run_hooks.py:692] global_step/sec: 2.80423
INFO:tensorflow:global_step/sec: 2.80029
I0613 06:40:41.330809 140364053152576 basic_session_run_hooks.py:692] global_step/sec: 2.80029
INFO:tensorflow:global_step/sec: 2.79183
I0613 06:41:17.149670 140364053152576 basic_session_run_hooks.py:692] global_step/sec: 2.79183
INFO:tensorflow:global_step/sec: 2.77551
I0613 06:41:53.179168 140364053152576 basic_session_run_hooks.py:692] global_step/sec: 2.77551
INFO:tensorflow:global_step/sec: 2.79616
I0613 06:42:28.942404 140364053152576 basic_session_run_hooks.py:692] global_step/sec: 2.79616
INFO:tensorflow:global_step/sec: 2.79087
I0613 06:43:04.773589 140364053152576 basic_session_run_hooks.py:692] global_step/sec: 2.79087
INFO:tensorflow:global_step/sec: 2.79458
I0613 06:43:40.557194 140364053152576 basic_session_run_hooks.py:692] global_step/sec: 2.79458
INFO:tensorflow:global_step/sec: 2.81168
I0613 06:44:16.123090 140364053152576 basic_session_run_hooks.py:692] global_step/sec: 2.81168
INFO:tensorflow:global_step/sec: 2.79857
I0613 06:44:51.855667 140364053152576 basic_session_run_hooks.py:692] global_step/sec: 2.79857
I0613 06:45:27.343434 140364053152576 run_model.py:85] Training complete.
INFO:tensorflow:Saving checkpoints for 200000 into Data/cylinder_flow/mgn/checkpoint/model.ckpt.
I0613 06:45:27.343841 140364053152576 basic_session_run_hooks.py:606] Saving checkpoints for 200000 into Data/cylinder_flow/mgn/checkpoint/model.ckpt.
WARNING:tensorflow:From /home/cril/arafat/miniconda3/envs/mgn/lib/python3.6/site-packages/tensorflow_core/python/ops/resource_variable_ops.py:1630: calling BaseResourceVariable.__init__ (from tensorflow.python.ops.resource_variable_ops) with constraint is deprecated and will be removed in a future version.
Instructions for updating:
If using Keras pass *_constraint arguments to layers.
W0613 06:45:38.828498 139780530762560 deprecation.py:506] From /home/cril/arafat/miniconda3/envs/mgn/lib/python3.6/site-packages/tensorflow_core/python/ops/resource_variable_ops.py:1630: calling BaseResourceVariable.__init__ (from tensorflow.python.ops.resource_variable_ops) with constraint is deprecated and will be removed in a future version.
Instructions for updating:
If using Keras pass *_constraint arguments to layers.
WARNING:tensorflow:From /home/cril/arafat/miniconda3/envs/mgn/lib/python3.6/site-packages/sonnet/python/modules/basic.py:127: calling TruncatedNormal.__init__ (from tensorflow.python.ops.init_ops) with dtype is deprecated and will be removed in a future version.
Instructions for updating:
Call initializer instance with the dtype argument instead of passing it to the constructor
W0613 06:45:39.325798 139780530762560 deprecation.py:506] From /home/cril/arafat/miniconda3/envs/mgn/lib/python3.6/site-packages/sonnet/python/modules/basic.py:127: calling TruncatedNormal.__init__ (from tensorflow.python.ops.init_ops) with dtype is deprecated and will be removed in a future version.
Instructions for updating:
Call initializer instance with the dtype argument instead of passing it to the constructor
WARNING:tensorflow:From /home/cril/arafat/miniconda3/envs/mgn/lib/python3.6/site-packages/sonnet/python/modules/basic.py:132: calling Zeros.__init__ (from tensorflow.python.ops.init_ops) with dtype is deprecated and will be removed in a future version.
Instructions for updating:
Call initializer instance with the dtype argument instead of passing it to the constructor
W0613 06:45:39.325993 139780530762560 deprecation.py:506] From /home/cril/arafat/miniconda3/envs/mgn/lib/python3.6/site-packages/sonnet/python/modules/basic.py:132: calling Zeros.__init__ (from tensorflow.python.ops.init_ops) with dtype is deprecated and will be removed in a future version.
Instructions for updating:
Call initializer instance with the dtype argument instead of passing it to the constructor
WARNING:tensorflow:From /home/cril/arafat/MGN-C/meshgraphnets/cfd_eval.py:33: where (from tensorflow.python.ops.array_ops) is deprecated and will be removed in a future version.
Instructions for updating:
Use tf.where in 2.0, which has the same broadcast rule as np.where
W0613 06:45:40.995473 139780530762560 deprecation.py:323] From /home/cril/arafat/MGN-C/meshgraphnets/cfd_eval.py:33: where (from tensorflow.python.ops.array_ops) is deprecated and will be removed in a future version.
Instructions for updating:
Use tf.where in 2.0, which has the same broadcast rule as np.where
WARNING:tensorflow:From /home/cril/arafat/miniconda3/envs/mgn/lib/python3.6/site-packages/tensorflow_core/python/training/training_util.py:236: Variable.initialized_value (from tensorflow.python.ops.variables) is deprecated and will be removed in a future version.
Instructions for updating:
Use Variable.read_value. Variables in 2.X are initialized automatically both in eager and graph (inside tf.defun) contexts.
W0613 06:45:41.264783 139780530762560 deprecation.py:323] From /home/cril/arafat/miniconda3/envs/mgn/lib/python3.6/site-packages/tensorflow_core/python/training/training_util.py:236: Variable.initialized_value (from tensorflow.python.ops.variables) is deprecated and will be removed in a future version.
Instructions for updating:
Use Variable.read_value. Variables in 2.X are initialized automatically both in eager and graph (inside tf.defun) contexts.
INFO:tensorflow:Graph was finalized.
I0613 06:45:41.703430 139780530762560 monitored_session.py:240] Graph was finalized.
2026-06-13 06:45:41.706298: I tensorflow/stream_executor/platform/default/dso_loader.cc:44] Successfully opened dynamic library libcuda.so.1
2026-06-13 06:45:41.880959: I tensorflow/core/common_runtime/gpu/gpu_device.cc:1639] Found device 0 with properties: 
name: Quadro RTX 8000 major: 7 minor: 5 memoryClockRate(GHz): 1.62
pciBusID: 0000:b1:00.0
2026-06-13 06:45:41.881983: W tensorflow/stream_executor/platform/default/dso_loader.cc:55] Could not load dynamic library 'libcudart.so.10.0'; dlerror: libcudart.so.10.0: cannot open shared object file: No such file or directory
2026-06-13 06:45:41.882667: W tensorflow/stream_executor/platform/default/dso_loader.cc:55] Could not load dynamic library 'libcublas.so.10.0'; dlerror: libcublas.so.10.0: cannot open shared object file: No such file or directory
2026-06-13 06:45:41.883297: W tensorflow/stream_executor/platform/default/dso_loader.cc:55] Could not load dynamic library 'libcufft.so.10.0'; dlerror: libcufft.so.10.0: cannot open shared object file: No such file or directory
2026-06-13 06:45:41.883993: W tensorflow/stream_executor/platform/default/dso_loader.cc:55] Could not load dynamic library 'libcurand.so.10.0'; dlerror: libcurand.so.10.0: cannot open shared object file: No such file or directory
2026-06-13 06:45:41.884464: W tensorflow/stream_executor/platform/default/dso_loader.cc:55] Could not load dynamic library 'libcusolver.so.10.0'; dlerror: libcusolver.so.10.0: cannot open shared object file: No such file or directory
2026-06-13 06:45:41.885032: W tensorflow/stream_executor/platform/default/dso_loader.cc:55] Could not load dynamic library 'libcusparse.so.10.0'; dlerror: libcusparse.so.10.0: cannot open shared object file: No such file or directory
2026-06-13 06:45:41.885667: W tensorflow/stream_executor/platform/default/dso_loader.cc:55] Could not load dynamic library 'libcudnn.so.7'; dlerror: libcudnn.so.7: cannot open shared object file: No such file or directory
2026-06-13 06:45:41.885684: W tensorflow/core/common_runtime/gpu/gpu_device.cc:1662] Cannot dlopen some GPU libraries. Please make sure the missing libraries mentioned above are installed properly if you would like to use GPU. Follow the guide at https://www.tensorflow.org/install/gpu for how to download and setup the required libraries for your platform.
Skipping registering GPU devices...
2026-06-13 06:45:41.886081: I tensorflow/core/platform/cpu_feature_guard.cc:142] Your CPU supports instructions that this TensorFlow binary was not compiled to use: AVX2 AVX512F FMA
2026-06-13 06:45:41.891294: I tensorflow/core/platform/profile_utils/cpu_utils.cc:94] CPU Frequency: 2900000000 Hz
2026-06-13 06:45:41.891975: I tensorflow/compiler/xla/service/service.cc:168] XLA service 0x5590a85c0220 initialized for platform Host (this does not guarantee that XLA will be used). Devices:
2026-06-13 06:45:41.891991: I tensorflow/compiler/xla/service/service.cc:176]   StreamExecutor device (0): Host, Default Version
2026-06-13 06:45:42.032965: I tensorflow/compiler/xla/service/service.cc:168] XLA service 0x5590a73b5f40 initialized for platform CUDA (this does not guarantee that XLA will be used). Devices:
2026-06-13 06:45:42.033016: I tensorflow/compiler/xla/service/service.cc:176]   StreamExecutor device (0): Quadro RTX 8000, Compute Capability 7.5
2026-06-13 06:45:42.033172: I tensorflow/core/common_runtime/gpu/gpu_device.cc:1180] Device interconnect StreamExecutor with strength 1 edge matrix:
2026-06-13 06:45:42.033188: I tensorflow/core/common_runtime/gpu/gpu_device.cc:1186]      
INFO:tensorflow:Restoring parameters from Data/cylinder_flow/mgn/checkpoint/model.ckpt-200000
I0613 06:45:42.038392 139780530762560 saver.py:1284] Restoring parameters from Data/cylinder_flow/mgn/checkpoint/model.ckpt-200000
WARNING:tensorflow:From /home/cril/arafat/miniconda3/envs/mgn/lib/python3.6/site-packages/tensorflow_core/python/training/saver.py:1069: get_checkpoint_mtimes (from tensorflow.python.training.checkpoint_management) is deprecated and will be removed in a future version.
Instructions for updating:
Use standard file utilities to get mtimes.
W0613 06:45:42.402568 139780530762560 deprecation.py:323] From /home/cril/arafat/miniconda3/envs/mgn/lib/python3.6/site-packages/tensorflow_core/python/training/saver.py:1069: get_checkpoint_mtimes (from tensorflow.python.training.checkpoint_management) is deprecated and will be removed in a future version.
Instructions for updating:
Use standard file utilities to get mtimes.
INFO:tensorflow:Running local_init_op.
I0613 06:45:42.616641 139780530762560 session_manager.py:500] Running local_init_op.
INFO:tensorflow:Done running local_init_op.
I0613 06:45:42.670036 139780530762560 session_manager.py:502] Done running local_init_op.
I0613 06:45:42.862111 139780530762560 run_model.py:103] Rollout trajectory 0
I0613 06:46:50.060544 139780530762560 run_model.py:103] Rollout trajectory 1
WARNING:tensorflow:It seems that global step (tf.train.get_global_step) has not been increased. Current value (could be stable): 200000 vs previous value: 200000. You could increase the global step by passing tf.train.get_global_step() to Optimizer.apply_gradients or Optimizer.minimize.
W0613 06:47:52.747920 139780530762560 basic_session_run_hooks.py:724] It seems that global step (tf.train.get_global_step) has not been increased. Current value (could be stable): 200000 vs previous value: 200000. You could increase the global step by passing tf.train.get_global_step() to Optimizer.apply_gradients or Optimizer.minimize.
I0613 06:47:52.748163 139780530762560 run_model.py:103] Rollout trajectory 2
WARNING:tensorflow:It seems that global step (tf.train.get_global_step) has not been increased. Current value (could be stable): 200000 vs previous value: 200000. You could increase the global step by passing tf.train.get_global_step() to Optimizer.apply_gradients or Optimizer.minimize.
W0613 06:48:59.188581 139780530762560 basic_session_run_hooks.py:724] It seems that global step (tf.train.get_global_step) has not been increased. Current value (could be stable): 200000 vs previous value: 200000. You could increase the global step by passing tf.train.get_global_step() to Optimizer.apply_gradients or Optimizer.minimize.
I0613 06:48:59.189085 139780530762560 run_model.py:103] Rollout trajectory 3
WARNING:tensorflow:It seems that global step (tf.train.get_global_step) has not been increased. Current value (could be stable): 200000 vs previous value: 200000. You could increase the global step by passing tf.train.get_global_step() to Optimizer.apply_gradients or Optimizer.minimize.
W0613 06:50:07.332127 139780530762560 basic_session_run_hooks.py:724] It seems that global step (tf.train.get_global_step) has not been increased. Current value (could be stable): 200000 vs previous value: 200000. You could increase the global step by passing tf.train.get_global_step() to Optimizer.apply_gradients or Optimizer.minimize.
I0613 06:50:07.332771 139780530762560 run_model.py:103] Rollout trajectory 4
WARNING:tensorflow:It seems that global step (tf.train.get_global_step) has not been increased. Current value (could be stable): 200000 vs previous value: 200000. You could increase the global step by passing tf.train.get_global_step() to Optimizer.apply_gradients or Optimizer.minimize.
W0613 06:51:12.353680 139780530762560 basic_session_run_hooks.py:724] It seems that global step (tf.train.get_global_step) has not been increased. Current value (could be stable): 200000 vs previous value: 200000. You could increase the global step by passing tf.train.get_global_step() to Optimizer.apply_gradients or Optimizer.minimize.
I0613 06:51:12.353883 139780530762560 run_model.py:103] Rollout trajectory 5
WARNING:tensorflow:It seems that global step (tf.train.get_global_step) has not been increased. Current value (could be stable): 200000 vs previous value: 200000. You could increase the global step by passing tf.train.get_global_step() to Optimizer.apply_gradients or Optimizer.minimize.
W0613 06:52:13.862472 139780530762560 basic_session_run_hooks.py:724] It seems that global step (tf.train.get_global_step) has not been increased. Current value (could be stable): 200000 vs previous value: 200000. You could increase the global step by passing tf.train.get_global_step() to Optimizer.apply_gradients or Optimizer.minimize.
I0613 06:52:13.862665 139780530762560 run_model.py:103] Rollout trajectory 6
I0613 06:53:17.823870 139780530762560 run_model.py:103] Rollout trajectory 7
I0613 06:54:15.426644 139780530762560 run_model.py:103] Rollout trajectory 8
I0613 06:55:15.830434 139780530762560 run_model.py:103] Rollout trajectory 9
I0613 06:56:21.904042 139780530762560 run_model.py:103] Rollout trajectory 10
I0613 06:57:30.475986 139780530762560 run_model.py:103] Rollout trajectory 11
I0613 06:58:35.108062 139780530762560 run_model.py:103] Rollout trajectory 12
I0613 06:59:39.105625 139780530762560 run_model.py:103] Rollout trajectory 13
I0613 07:00:42.828378 139780530762560 run_model.py:103] Rollout trajectory 14
I0613 07:01:48.083539 139780530762560 run_model.py:103] Rollout trajectory 15
I0613 07:02:45.139175 139780530762560 run_model.py:103] Rollout trajectory 16
I0613 07:03:49.586428 139780530762560 run_model.py:103] Rollout trajectory 17
I0613 07:04:51.498652 139780530762560 run_model.py:103] Rollout trajectory 18
I0613 07:05:57.719051 139780530762560 run_model.py:103] Rollout trajectory 19
I0613 07:06:58.468679 139780530762560 run_model.py:103] Rollout trajectory 20
I0613 07:08:03.858470 139780530762560 run_model.py:103] Rollout trajectory 21
I0613 07:09:08.978732 139780530762560 run_model.py:103] Rollout trajectory 22
I0613 07:10:14.257496 139780530762560 run_model.py:103] Rollout trajectory 23
I0613 07:11:16.718389 139780530762560 run_model.py:103] Rollout trajectory 24
I0613 07:12:21.347609 139780530762560 run_model.py:103] Rollout trajectory 25
I0613 07:13:25.594815 139780530762560 run_model.py:103] Rollout trajectory 26
I0613 07:14:31.911097 139780530762560 run_model.py:103] Rollout trajectory 27
I0613 07:15:36.298663 139780530762560 run_model.py:103] Rollout trajectory 28
I0613 07:16:37.583672 139780530762560 run_model.py:103] Rollout trajectory 29
I0613 07:17:44.101516 139780530762560 run_model.py:103] Rollout trajectory 30
I0613 07:18:43.499301 139780530762560 run_model.py:103] Rollout trajectory 31
I0613 07:19:45.735703 139780530762560 run_model.py:103] Rollout trajectory 32
I0613 07:20:53.941257 139780530762560 run_model.py:103] Rollout trajectory 33
I0613 07:21:59.921253 139780530762560 run_model.py:103] Rollout trajectory 34
I0613 07:23:05.163249 139780530762560 run_model.py:103] Rollout trajectory 35
I0613 07:24:08.868052 139780530762560 run_model.py:103] Rollout trajectory 36
I0613 07:25:12.275408 139780530762560 run_model.py:103] Rollout trajectory 37
I0613 07:26:24.697435 139780530762560 run_model.py:103] Rollout trajectory 38
I0613 07:27:24.791806 139780530762560 run_model.py:103] Rollout trajectory 39
I0613 07:28:31.255703 139780530762560 run_model.py:103] Rollout trajectory 40
I0613 07:29:37.201240 139780530762560 run_model.py:103] Rollout trajectory 41
I0613 07:30:37.952050 139780530762560 run_model.py:103] Rollout trajectory 42
I0613 07:31:42.850221 139780530762560 run_model.py:103] Rollout trajectory 43
I0613 07:32:50.487706 139780530762560 run_model.py:103] Rollout trajectory 44
I0613 07:33:56.072493 139780530762560 run_model.py:103] Rollout trajectory 45
I0613 07:35:00.302870 139780530762560 run_model.py:103] Rollout trajectory 46
I0613 07:36:11.165239 139780530762560 run_model.py:103] Rollout trajectory 47
I0613 07:37:13.259840 139780530762560 run_model.py:103] Rollout trajectory 48
I0613 07:38:07.284557 139780530762560 run_model.py:103] Rollout trajectory 49
I0613 07:39:18.644517 139780530762560 run_model.py:103] Rollout trajectory 50
I0613 07:40:16.580238 139780530762560 run_model.py:103] Rollout trajectory 51
I0613 07:41:27.083879 139780530762560 run_model.py:103] Rollout trajectory 52
I0613 07:42:39.488621 139780530762560 run_model.py:103] Rollout trajectory 53
I0613 07:43:47.760973 139780530762560 run_model.py:103] Rollout trajectory 54
I0613 07:44:51.651479 139780530762560 run_model.py:103] Rollout trajectory 55
I0613 07:45:53.977326 139780530762560 run_model.py:103] Rollout trajectory 56
I0613 07:46:57.527385 139780530762560 run_model.py:103] Rollout trajectory 57
I0613 07:47:55.209746 139780530762560 run_model.py:103] Rollout trajectory 58
I0613 07:49:00.726269 139780530762560 run_model.py:103] Rollout trajectory 59
I0613 07:50:03.312768 139780530762560 run_model.py:103] Rollout trajectory 60
I0613 07:51:11.758698 139780530762560 run_model.py:103] Rollout trajectory 61
I0613 07:52:22.862071 139780530762560 run_model.py:103] Rollout trajectory 62
I0613 07:53:19.537612 139780530762560 run_model.py:103] Rollout trajectory 63
I0613 07:54:29.325559 139780530762560 run_model.py:103] Rollout trajectory 64
I0613 07:55:29.435672 139780530762560 run_model.py:103] Rollout trajectory 65
I0613 07:56:40.402976 139780530762560 run_model.py:103] Rollout trajectory 66
I0613 07:57:50.714129 139780530762560 run_model.py:103] Rollout trajectory 67
I0613 07:58:56.859419 139780530762560 run_model.py:103] Rollout trajectory 68
I0613 08:00:02.284926 139780530762560 run_model.py:103] Rollout trajectory 69
I0613 08:00:58.598671 139780530762560 run_model.py:103] Rollout trajectory 70
I0613 08:02:09.226745 139780530762560 run_model.py:103] Rollout trajectory 71
I0613 08:03:17.904674 139780530762560 run_model.py:103] Rollout trajectory 72
I0613 08:04:27.404668 139780530762560 run_model.py:103] Rollout trajectory 73
I0613 08:05:32.099673 139780530762560 run_model.py:103] Rollout trajectory 74
I0613 08:06:33.277122 139780530762560 run_model.py:103] Rollout trajectory 75
I0613 08:07:42.285090 139780530762560 run_model.py:103] Rollout trajectory 76
I0613 08:08:53.136560 139780530762560 run_model.py:103] Rollout trajectory 77
I0613 08:10:03.365219 139780530762560 run_model.py:103] Rollout trajectory 78
I0613 08:11:14.642362 139780530762560 run_model.py:103] Rollout trajectory 79
I0613 08:12:17.496290 139780530762560 run_model.py:103] Rollout trajectory 80
I0613 08:13:33.981395 139780530762560 run_model.py:103] Rollout trajectory 81
I0613 08:14:36.828040 139780530762560 run_model.py:103] Rollout trajectory 82
I0613 08:15:40.507587 139780530762560 run_model.py:103] Rollout trajectory 83
I0613 08:16:40.449332 139780530762560 run_model.py:103] Rollout trajectory 84
I0613 08:17:46.008841 139780530762560 run_model.py:103] Rollout trajectory 85
I0613 08:18:50.127742 139780530762560 run_model.py:103] Rollout trajectory 86
I0613 08:19:58.250804 139780530762560 run_model.py:103] Rollout trajectory 87
I0613 08:21:01.658082 139780530762560 run_model.py:103] Rollout trajectory 88
I0613 08:22:05.456826 139780530762560 run_model.py:103] Rollout trajectory 89
I0613 08:23:05.173886 139780530762560 run_model.py:103] Rollout trajectory 90
I0613 08:24:16.200882 139780530762560 run_model.py:103] Rollout trajectory 91
I0613 08:25:29.896380 139780530762560 run_model.py:103] Rollout trajectory 92
I0613 08:26:31.157283 139780530762560 run_model.py:103] Rollout trajectory 93
I0613 08:27:40.690161 139780530762560 run_model.py:103] Rollout trajectory 94
I0613 08:28:45.993327 139780530762560 run_model.py:103] Rollout trajectory 95
I0613 08:29:53.813444 139780530762560 run_model.py:103] Rollout trajectory 96
I0613 08:30:57.649351 139780530762560 run_model.py:103] Rollout trajectory 97
I0613 08:32:03.052300 139780530762560 run_model.py:103] Rollout trajectory 98
I0613 08:33:10.822862 139780530762560 run_model.py:103] Rollout trajectory 99
I0613 08:34:16.473747 139780530762560 run_model.py:108] mse_1_steps: 3.99242e-05
I0613 08:34:16.474267 139780530762560 run_model.py:108] mse_10_steps: 0.00017854
I0613 08:34:16.474367 139780530762560 run_model.py:108] mse_20_steps: 0.00032996
I0613 08:34:16.474442 139780530762560 run_model.py:108] mse_50_steps: 0.000819931
I0613 08:34:16.474512 139780530762560 run_model.py:108] mse_100_steps: 0.00190395
I0613 08:34:16.474580 139780530762560 run_model.py:108] mse_200_steps: 0.00447326
WARNING:tensorflow:From /home/cril/arafat/miniconda3/envs/mgn/lib/python3.6/site-packages/tensorflow_core/python/ops/resource_variable_ops.py:1630: calling BaseResourceVariable.__init__ (from tensorflow.python.ops.resource_variable_ops) with constraint is deprecated and will be removed in a future version.
Instructions for updating:
If using Keras pass *_constraint arguments to layers.
W0613 08:34:34.971916 139918092940096 deprecation.py:506] From /home/cril/arafat/miniconda3/envs/mgn/lib/python3.6/site-packages/tensorflow_core/python/ops/resource_variable_ops.py:1630: calling BaseResourceVariable.__init__ (from tensorflow.python.ops.resource_variable_ops) with constraint is deprecated and will be removed in a future version.
Instructions for updating:
If using Keras pass *_constraint arguments to layers.
WARNING:tensorflow:From /home/cril/arafat/MGN-C/mgtn/dataset.py:113: where (from tensorflow.python.ops.array_ops) is deprecated and will be removed in a future version.
Instructions for updating:
Use tf.where in 2.0, which has the same broadcast rule as np.where
W0613 08:34:35.520106 139918092940096 deprecation.py:323] From /home/cril/arafat/MGN-C/mgtn/dataset.py:113: where (from tensorflow.python.ops.array_ops) is deprecated and will be removed in a future version.
Instructions for updating:
Use tf.where in 2.0, which has the same broadcast rule as np.where
WARNING:tensorflow:From /home/cril/arafat/miniconda3/envs/mgn/lib/python3.6/site-packages/sonnet/python/modules/basic.py:127: calling TruncatedNormal.__init__ (from tensorflow.python.ops.init_ops) with dtype is deprecated and will be removed in a future version.
Instructions for updating:
Call initializer instance with the dtype argument instead of passing it to the constructor
W0613 08:34:35.609332 139918092940096 deprecation.py:506] From /home/cril/arafat/miniconda3/envs/mgn/lib/python3.6/site-packages/sonnet/python/modules/basic.py:127: calling TruncatedNormal.__init__ (from tensorflow.python.ops.init_ops) with dtype is deprecated and will be removed in a future version.
Instructions for updating:
Call initializer instance with the dtype argument instead of passing it to the constructor
WARNING:tensorflow:From /home/cril/arafat/miniconda3/envs/mgn/lib/python3.6/site-packages/sonnet/python/modules/basic.py:132: calling Zeros.__init__ (from tensorflow.python.ops.init_ops) with dtype is deprecated and will be removed in a future version.
Instructions for updating:
Call initializer instance with the dtype argument instead of passing it to the constructor
W0613 08:34:35.609497 139918092940096 deprecation.py:506] From /home/cril/arafat/miniconda3/envs/mgn/lib/python3.6/site-packages/sonnet/python/modules/basic.py:132: calling Zeros.__init__ (from tensorflow.python.ops.init_ops) with dtype is deprecated and will be removed in a future version.
Instructions for updating:
Call initializer instance with the dtype argument instead of passing it to the constructor
WARNING:tensorflow:From /home/cril/arafat/MGN-C/mgtn/TransformerBlock.py:68: dropout (from tensorflow.python.layers.core) is deprecated and will be removed in a future version.
Instructions for updating:
Use keras.layers.dropout instead.
W0613 08:34:35.869394 139918092940096 deprecation.py:323] From /home/cril/arafat/MGN-C/mgtn/TransformerBlock.py:68: dropout (from tensorflow.python.layers.core) is deprecated and will be removed in a future version.
Instructions for updating:
Use keras.layers.dropout instead.
WARNING:tensorflow:From /home/cril/arafat/miniconda3/envs/mgn/lib/python3.6/site-packages/tensorflow_core/python/layers/core.py:271: Layer.apply (from tensorflow.python.keras.engine.base_layer) is deprecated and will be removed in a future version.
Instructions for updating:
Please use `layer.__call__` method instead.
W0613 08:34:35.869775 139918092940096 deprecation.py:323] From /home/cril/arafat/miniconda3/envs/mgn/lib/python3.6/site-packages/tensorflow_core/python/layers/core.py:271: Layer.apply (from tensorflow.python.keras.engine.base_layer) is deprecated and will be removed in a future version.
Instructions for updating:
Please use `layer.__call__` method instead.
/home/cril/arafat/miniconda3/envs/mgn/lib/python3.6/site-packages/tensorflow_core/python/framework/indexed_slices.py:424: UserWarning: Converting sparse IndexedSlices to a dense Tensor of unknown shape. This may consume a large amount of memory.
  "Converting sparse IndexedSlices to a dense Tensor of unknown shape. "
/home/cril/arafat/miniconda3/envs/mgn/lib/python3.6/site-packages/tensorflow_core/python/framework/indexed_slices.py:424: UserWarning: Converting sparse IndexedSlices to a dense Tensor of unknown shape. This may consume a large amount of memory.
  "Converting sparse IndexedSlices to a dense Tensor of unknown shape. "
/home/cril/arafat/miniconda3/envs/mgn/lib/python3.6/site-packages/tensorflow_core/python/framework/indexed_slices.py:424: UserWarning: Converting sparse IndexedSlices to a dense Tensor of unknown shape. This may consume a large amount of memory.
  "Converting sparse IndexedSlices to a dense Tensor of unknown shape. "
/home/cril/arafat/miniconda3/envs/mgn/lib/python3.6/site-packages/tensorflow_core/python/framework/indexed_slices.py:424: UserWarning: Converting sparse IndexedSlices to a dense Tensor of unknown shape. This may consume a large amount of memory.
  "Converting sparse IndexedSlices to a dense Tensor of unknown shape. "
/home/cril/arafat/miniconda3/envs/mgn/lib/python3.6/site-packages/tensorflow_core/python/framework/indexed_slices.py:424: UserWarning: Converting sparse IndexedSlices to a dense Tensor of unknown shape. This may consume a large amount of memory.
  "Converting sparse IndexedSlices to a dense Tensor of unknown shape. "
/home/cril/arafat/miniconda3/envs/mgn/lib/python3.6/site-packages/tensorflow_core/python/framework/indexed_slices.py:424: UserWarning: Converting sparse IndexedSlices to a dense Tensor of unknown shape. This may consume a large amount of memory.
  "Converting sparse IndexedSlices to a dense Tensor of unknown shape. "
/home/cril/arafat/miniconda3/envs/mgn/lib/python3.6/site-packages/tensorflow_core/python/framework/indexed_slices.py:424: UserWarning: Converting sparse IndexedSlices to a dense Tensor of unknown shape. This may consume a large amount of memory.
  "Converting sparse IndexedSlices to a dense Tensor of unknown shape. "
/home/cril/arafat/miniconda3/envs/mgn/lib/python3.6/site-packages/tensorflow_core/python/framework/indexed_slices.py:424: UserWarning: Converting sparse IndexedSlices to a dense Tensor of unknown shape. This may consume a large amount of memory.
  "Converting sparse IndexedSlices to a dense Tensor of unknown shape. "
/home/cril/arafat/miniconda3/envs/mgn/lib/python3.6/site-packages/tensorflow_core/python/framework/indexed_slices.py:424: UserWarning: Converting sparse IndexedSlices to a dense Tensor of unknown shape. This may consume a large amount of memory.
  "Converting sparse IndexedSlices to a dense Tensor of unknown shape. "
/home/cril/arafat/miniconda3/envs/mgn/lib/python3.6/site-packages/tensorflow_core/python/framework/indexed_slices.py:424: UserWarning: Converting sparse IndexedSlices to a dense Tensor of unknown shape. This may consume a large amount of memory.
  "Converting sparse IndexedSlices to a dense Tensor of unknown shape. "
/home/cril/arafat/miniconda3/envs/mgn/lib/python3.6/site-packages/tensorflow_core/python/framework/indexed_slices.py:424: UserWarning: Converting sparse IndexedSlices to a dense Tensor of unknown shape. This may consume a large amount of memory.
  "Converting sparse IndexedSlices to a dense Tensor of unknown shape. "
/home/cril/arafat/miniconda3/envs/mgn/lib/python3.6/site-packages/tensorflow_core/python/framework/indexed_slices.py:424: UserWarning: Converting sparse IndexedSlices to a dense Tensor of unknown shape. This may consume a large amount of memory.
  "Converting sparse IndexedSlices to a dense Tensor of unknown shape. "
/home/cril/arafat/miniconda3/envs/mgn/lib/python3.6/site-packages/tensorflow_core/python/framework/indexed_slices.py:424: UserWarning: Converting sparse IndexedSlices to a dense Tensor of unknown shape. This may consume a large amount of memory.
  "Converting sparse IndexedSlices to a dense Tensor of unknown shape. "
/home/cril/arafat/miniconda3/envs/mgn/lib/python3.6/site-packages/tensorflow_core/python/framework/indexed_slices.py:424: UserWarning: Converting sparse IndexedSlices to a dense Tensor of unknown shape. This may consume a large amount of memory.
  "Converting sparse IndexedSlices to a dense Tensor of unknown shape. "
/home/cril/arafat/miniconda3/envs/mgn/lib/python3.6/site-packages/tensorflow_core/python/framework/indexed_slices.py:424: UserWarning: Converting sparse IndexedSlices to a dense Tensor of unknown shape. This may consume a large amount of memory.
  "Converting sparse IndexedSlices to a dense Tensor of unknown shape. "
INFO:tensorflow:Create CheckpointSaverHook.
I0613 08:34:49.115533 139918092940096 basic_session_run_hooks.py:541] Create CheckpointSaverHook.
WARNING:tensorflow:From /home/cril/arafat/miniconda3/envs/mgn/lib/python3.6/site-packages/tensorflow_core/python/training/training_util.py:236: Variable.initialized_value (from tensorflow.python.ops.variables) is deprecated and will be removed in a future version.
Instructions for updating:
Use Variable.read_value. Variables in 2.X are initialized automatically both in eager and graph (inside tf.defun) contexts.
W0613 08:34:51.185699 139918092940096 deprecation.py:323] From /home/cril/arafat/miniconda3/envs/mgn/lib/python3.6/site-packages/tensorflow_core/python/training/training_util.py:236: Variable.initialized_value (from tensorflow.python.ops.variables) is deprecated and will be removed in a future version.
Instructions for updating:
Use Variable.read_value. Variables in 2.X are initialized automatically both in eager and graph (inside tf.defun) contexts.
INFO:tensorflow:Graph was finalized.
I0613 08:34:53.049967 139918092940096 monitored_session.py:240] Graph was finalized.
2026-06-13 08:34:53.069060: I tensorflow/stream_executor/platform/default/dso_loader.cc:44] Successfully opened dynamic library libcuda.so.1
2026-06-13 08:34:53.302586: I tensorflow/core/common_runtime/gpu/gpu_device.cc:1639] Found device 0 with properties: 
name: Quadro RTX 8000 major: 7 minor: 5 memoryClockRate(GHz): 1.62
pciBusID: 0000:b1:00.0
2026-06-13 08:34:53.314789: W tensorflow/stream_executor/platform/default/dso_loader.cc:55] Could not load dynamic library 'libcudart.so.10.0'; dlerror: libcudart.so.10.0: cannot open shared object file: No such file or directory
2026-06-13 08:34:53.329222: W tensorflow/stream_executor/platform/default/dso_loader.cc:55] Could not load dynamic library 'libcublas.so.10.0'; dlerror: libcublas.so.10.0: cannot open shared object file: No such file or directory
2026-06-13 08:34:53.343002: W tensorflow/stream_executor/platform/default/dso_loader.cc:55] Could not load dynamic library 'libcufft.so.10.0'; dlerror: libcufft.so.10.0: cannot open shared object file: No such file or directory
2026-06-13 08:34:53.356344: W tensorflow/stream_executor/platform/default/dso_loader.cc:55] Could not load dynamic library 'libcurand.so.10.0'; dlerror: libcurand.so.10.0: cannot open shared object file: No such file or directory
2026-06-13 08:34:53.370976: W tensorflow/stream_executor/platform/default/dso_loader.cc:55] Could not load dynamic library 'libcusolver.so.10.0'; dlerror: libcusolver.so.10.0: cannot open shared object file: No such file or directory
2026-06-13 08:34:53.371611: W tensorflow/stream_executor/platform/default/dso_loader.cc:55] Could not load dynamic library 'libcusparse.so.10.0'; dlerror: libcusparse.so.10.0: cannot open shared object file: No such file or directory
2026-06-13 08:34:53.372095: W tensorflow/stream_executor/platform/default/dso_loader.cc:55] Could not load dynamic library 'libcudnn.so.7'; dlerror: libcudnn.so.7: cannot open shared object file: No such file or directory
2026-06-13 08:34:53.372113: W tensorflow/core/common_runtime/gpu/gpu_device.cc:1662] Cannot dlopen some GPU libraries. Please make sure the missing libraries mentioned above are installed properly if you would like to use GPU. Follow the guide at https://www.tensorflow.org/install/gpu for how to download and setup the required libraries for your platform.
Skipping registering GPU devices...
2026-06-13 08:34:53.372578: I tensorflow/core/platform/cpu_feature_guard.cc:142] Your CPU supports instructions that this TensorFlow binary was not compiled to use: AVX2 AVX512F FMA
2026-06-13 08:34:53.383907: I tensorflow/core/platform/profile_utils/cpu_utils.cc:94] CPU Frequency: 2900000000 Hz
2026-06-13 08:34:53.384949: I tensorflow/compiler/xla/service/service.cc:168] XLA service 0x557f9c215210 initialized for platform Host (this does not guarantee that XLA will be used). Devices:
2026-06-13 08:34:53.384968: I tensorflow/compiler/xla/service/service.cc:176]   StreamExecutor device (0): Host, Default Version
2026-06-13 08:34:53.530265: I tensorflow/compiler/xla/service/service.cc:168] XLA service 0x557f9a31f2f0 initialized for platform CUDA (this does not guarantee that XLA will be used). Devices:
2026-06-13 08:34:53.530316: I tensorflow/compiler/xla/service/service.cc:176]   StreamExecutor device (0): Quadro RTX 8000, Compute Capability 7.5
2026-06-13 08:34:53.530462: I tensorflow/core/common_runtime/gpu/gpu_device.cc:1180] Device interconnect StreamExecutor with strength 1 edge matrix:
2026-06-13 08:34:53.530490: I tensorflow/core/common_runtime/gpu/gpu_device.cc:1186]      
INFO:tensorflow:Restoring parameters from Data/cylinder_flow/mgtn/checkpoint/model.ckpt-50000
I0613 08:34:53.979085 139918092940096 saver.py:1284] Restoring parameters from Data/cylinder_flow/mgtn/checkpoint/model.ckpt-50000
WARNING:tensorflow:From /home/cril/arafat/miniconda3/envs/mgn/lib/python3.6/site-packages/tensorflow_core/python/training/saver.py:1069: get_checkpoint_mtimes (from tensorflow.python.training.checkpoint_management) is deprecated and will be removed in a future version.
Instructions for updating:
Use standard file utilities to get mtimes.
W0613 08:34:58.530400 139918092940096 deprecation.py:323] From /home/cril/arafat/miniconda3/envs/mgn/lib/python3.6/site-packages/tensorflow_core/python/training/saver.py:1069: get_checkpoint_mtimes (from tensorflow.python.training.checkpoint_management) is deprecated and will be removed in a future version.
Instructions for updating:
Use standard file utilities to get mtimes.
INFO:tensorflow:Running local_init_op.
I0613 08:35:00.031088 139918092940096 session_manager.py:500] Running local_init_op.
INFO:tensorflow:Done running local_init_op.
I0613 08:35:00.535167 139918092940096 session_manager.py:502] Done running local_init_op.
INFO:tensorflow:Saving checkpoints for 50000 into Data/cylinder_flow/mgtn/checkpoint/model.ckpt.
I0613 08:35:10.789036 139918092940096 basic_session_run_hooks.py:606] Saving checkpoints for 50000 into Data/cylinder_flow/mgtn/checkpoint/model.ckpt.
I0613 08:35:29.810876 139918092940096 run_model.py:87] Step 50000: Loss 0.121596
INFO:tensorflow:global_step/sec: 0.960443
I0613 08:37:13.929336 139918092940096 basic_session_run_hooks.py:692] global_step/sec: 0.960443
INFO:tensorflow:global_step/sec: 1.00192
I0613 08:38:53.737653 139918092940096 basic_session_run_hooks.py:692] global_step/sec: 1.00192
INFO:tensorflow:global_step/sec: 1.00877
I0613 08:40:32.868091 139918092940096 basic_session_run_hooks.py:692] global_step/sec: 1.00877
INFO:tensorflow:global_step/sec: 1.01173
I0613 08:42:11.708435 139918092940096 basic_session_run_hooks.py:692] global_step/sec: 1.01173
INFO:tensorflow:global_step/sec: 1.01653
I0613 08:43:50.082667 139918092940096 basic_session_run_hooks.py:692] global_step/sec: 1.01653
INFO:tensorflow:Saving checkpoints for 50587 into Data/cylinder_flow/mgtn/checkpoint/model.ckpt.
I0613 08:45:14.964977 139918092940096 basic_session_run_hooks.py:606] Saving checkpoints for 50587 into Data/cylinder_flow/mgtn/checkpoint/model.ckpt.
WARNING:tensorflow:From /home/cril/arafat/miniconda3/envs/mgn/lib/python3.6/site-packages/tensorflow_core/python/training/saver.py:963: remove_checkpoint (from tensorflow.python.training.checkpoint_management) is deprecated and will be removed in a future version.
Instructions for updating:
Use standard file APIs to delete files with this prefix.
W0613 08:45:15.144990 139918092940096 deprecation.py:323] From /home/cril/arafat/miniconda3/envs/mgn/lib/python3.6/site-packages/tensorflow_core/python/training/saver.py:963: remove_checkpoint (from tensorflow.python.training.checkpoint_management) is deprecated and will be removed in a future version.
Instructions for updating:
Use standard file APIs to delete files with this prefix.
INFO:tensorflow:global_step/sec: 0.997494
I0613 08:45:30.334007 139918092940096 basic_session_run_hooks.py:692] global_step/sec: 0.997494
INFO:tensorflow:global_step/sec: 1.02415
I0613 08:47:07.976245 139918092940096 basic_session_run_hooks.py:692] global_step/sec: 1.02415
INFO:tensorflow:global_step/sec: 1.01973
I0613 08:48:46.041208 139918092940096 basic_session_run_hooks.py:692] global_step/sec: 1.01973
INFO:tensorflow:global_step/sec: 1.0212
I0613 08:50:23.965174 139918092940096 basic_session_run_hooks.py:692] global_step/sec: 1.0212
INFO:tensorflow:global_step/sec: 1.02625
I0613 08:52:01.407518 139918092940096 basic_session_run_hooks.py:692] global_step/sec: 1.02625
I0613 08:52:01.414304 139918092940096 run_model.py:87] Step 51000: Loss 0.066418
INFO:tensorflow:global_step/sec: 1.0099
I0613 08:53:40.427456 139918092940096 basic_session_run_hooks.py:692] global_step/sec: 1.0099
INFO:tensorflow:Saving checkpoints for 51198 into Data/cylinder_flow/mgtn/checkpoint/model.ckpt.
I0613 08:55:15.857304 139918092940096 basic_session_run_hooks.py:606] Saving checkpoints for 51198 into Data/cylinder_flow/mgtn/checkpoint/model.ckpt.
INFO:tensorflow:global_step/sec: 1.00066
I0613 08:55:20.362030 139918092940096 basic_session_run_hooks.py:692] global_step/sec: 1.00066
INFO:tensorflow:global_step/sec: 1.02205
I0613 08:56:58.204348 139918092940096 basic_session_run_hooks.py:692] global_step/sec: 1.02205
INFO:tensorflow:global_step/sec: 1.01991
I0613 08:58:36.252217 139918092940096 basic_session_run_hooks.py:692] global_step/sec: 1.01991
INFO:tensorflow:global_step/sec: 1.0227
I0613 09:00:14.032534 139918092940096 basic_session_run_hooks.py:692] global_step/sec: 1.0227
INFO:tensorflow:global_step/sec: 1.01924
I0613 09:01:52.144664 139918092940096 basic_session_run_hooks.py:692] global_step/sec: 1.01924
INFO:tensorflow:global_step/sec: 1.02854
I0613 09:03:29.370281 139918092940096 basic_session_run_hooks.py:692] global_step/sec: 1.02854
INFO:tensorflow:global_step/sec: 1.02742
I0613 09:05:06.701272 139918092940096 basic_session_run_hooks.py:692] global_step/sec: 1.02742
INFO:tensorflow:Saving checkpoints for 51811 into Data/cylinder_flow/mgtn/checkpoint/model.ckpt.
I0613 09:05:16.588280 139918092940096 basic_session_run_hooks.py:606] Saving checkpoints for 51811 into Data/cylinder_flow/mgtn/checkpoint/model.ckpt.
INFO:tensorflow:global_step/sec: 1.00081
I0613 09:06:46.620419 139918092940096 basic_session_run_hooks.py:692] global_step/sec: 1.00081
INFO:tensorflow:global_step/sec: 1.01523
I0613 09:08:25.120497 139918092940096 basic_session_run_hooks.py:692] global_step/sec: 1.01523
I0613 09:08:25.121263 139918092940096 run_model.py:87] Step 52000: Loss 0.0800799
INFO:tensorflow:global_step/sec: 1.016
I0613 09:10:03.546116 139918092940096 basic_session_run_hooks.py:692] global_step/sec: 1.016
INFO:tensorflow:global_step/sec: 1.02278
I0613 09:11:41.318961 139918092940096 basic_session_run_hooks.py:692] global_step/sec: 1.02278
INFO:tensorflow:global_step/sec: 1.03272
I0613 09:13:18.150727 139918092940096 basic_session_run_hooks.py:692] global_step/sec: 1.03272
INFO:tensorflow:global_step/sec: 1.04407
I0613 09:14:53.930008 139918092940096 basic_session_run_hooks.py:692] global_step/sec: 1.04407
INFO:tensorflow:Saving checkpoints for 52425 into Data/cylinder_flow/mgtn/checkpoint/model.ckpt.
I0613 09:15:16.814252 139918092940096 basic_session_run_hooks.py:606] Saving checkpoints for 52425 into Data/cylinder_flow/mgtn/checkpoint/model.ckpt.
INFO:tensorflow:global_step/sec: 1.02538
I0613 09:16:31.454375 139918092940096 basic_session_run_hooks.py:692] global_step/sec: 1.02538
INFO:tensorflow:global_step/sec: 1.01872
I0613 09:18:09.617159 139918092940096 basic_session_run_hooks.py:692] global_step/sec: 1.01872
INFO:tensorflow:global_step/sec: 1.01821
I0613 09:19:47.828497 139918092940096 basic_session_run_hooks.py:692] global_step/sec: 1.01821
INFO:tensorflow:global_step/sec: 1.03261
I0613 09:21:24.670995 139918092940096 basic_session_run_hooks.py:692] global_step/sec: 1.03261
INFO:tensorflow:global_step/sec: 1.01291
I0613 09:23:03.396499 139918092940096 basic_session_run_hooks.py:692] global_step/sec: 1.01291
INFO:tensorflow:global_step/sec: 1.02909
I0613 09:24:40.569854 139918092940096 basic_session_run_hooks.py:692] global_step/sec: 1.02909
I0613 09:24:40.571584 139918092940096 run_model.py:87] Step 53000: Loss 0.0596823
INFO:tensorflow:Saving checkpoints for 53038 into Data/cylinder_flow/mgtn/checkpoint/model.ckpt.
I0613 09:25:16.856564 139918092940096 basic_session_run_hooks.py:606] Saving checkpoints for 53038 into Data/cylinder_flow/mgtn/checkpoint/model.ckpt.
INFO:tensorflow:global_step/sec: 1.01497
I0613 09:26:19.095387 139918092940096 basic_session_run_hooks.py:692] global_step/sec: 1.01497
INFO:tensorflow:global_step/sec: 1.01636
I0613 09:27:57.485590 139918092940096 basic_session_run_hooks.py:692] global_step/sec: 1.01636
INFO:tensorflow:global_step/sec: 1.01461
I0613 09:29:36.046075 139918092940096 basic_session_run_hooks.py:692] global_step/sec: 1.01461
INFO:tensorflow:global_step/sec: 1.00934
I0613 09:31:15.120732 139918092940096 basic_session_run_hooks.py:692] global_step/sec: 1.00934
INFO:tensorflow:global_step/sec: 1.01432
I0613 09:32:53.709075 139918092940096 basic_session_run_hooks.py:692] global_step/sec: 1.01432
INFO:tensorflow:global_step/sec: 1.01778
I0613 09:34:31.962339 139918092940096 basic_session_run_hooks.py:692] global_step/sec: 1.01778
INFO:tensorflow:Saving checkpoints for 53648 into Data/cylinder_flow/mgtn/checkpoint/model.ckpt.
I0613 09:35:17.561423 139918092940096 basic_session_run_hooks.py:606] Saving checkpoints for 53648 into Data/cylinder_flow/mgtn/checkpoint/model.ckpt.
INFO:tensorflow:global_step/sec: 1.00659
I0613 09:36:11.307951 139918092940096 basic_session_run_hooks.py:692] global_step/sec: 1.00659
INFO:tensorflow:global_step/sec: 1.01624
I0613 09:37:49.709679 139918092940096 basic_session_run_hooks.py:692] global_step/sec: 1.01624
INFO:tensorflow:global_step/sec: 1.00217
I0613 09:39:29.492754 139918092940096 basic_session_run_hooks.py:692] global_step/sec: 1.00217
INFO:tensorflow:global_step/sec: 1.01199
I0613 09:41:08.307524 139918092940096 basic_session_run_hooks.py:692] global_step/sec: 1.01199
I0613 09:41:08.308538 139918092940096 run_model.py:87] Step 54000: Loss 0.0767405
INFO:tensorflow:global_step/sec: 1.01925
I0613 09:42:46.418503 139918092940096 basic_session_run_hooks.py:692] global_step/sec: 1.01925
INFO:tensorflow:global_step/sec: 1.01528
I0613 09:44:24.913844 139918092940096 basic_session_run_hooks.py:692] global_step/sec: 1.01528
INFO:tensorflow:Saving checkpoints for 54254 into Data/cylinder_flow/mgtn/checkpoint/model.ckpt.
I0613 09:45:18.109146 139918092940096 basic_session_run_hooks.py:606] Saving checkpoints for 54254 into Data/cylinder_flow/mgtn/checkpoint/model.ckpt.
INFO:tensorflow:global_step/sec: 0.986434
I0613 09:46:06.289047 139918092940096 basic_session_run_hooks.py:692] global_step/sec: 0.986434
INFO:tensorflow:global_step/sec: 1.01053
I0613 09:47:45.247037 139918092940096 basic_session_run_hooks.py:692] global_step/sec: 1.01053
INFO:tensorflow:global_step/sec: 1.00811
I0613 09:49:24.443046 139918092940096 basic_session_run_hooks.py:692] global_step/sec: 1.00811
INFO:tensorflow:global_step/sec: 1.01737
I0613 09:51:02.735435 139918092940096 basic_session_run_hooks.py:692] global_step/sec: 1.01737
INFO:tensorflow:global_step/sec: 1.00282
I0613 09:52:42.453846 139918092940096 basic_session_run_hooks.py:692] global_step/sec: 1.00282
INFO:tensorflow:global_step/sec: 1.00922
I0613 09:54:21.539871 139918092940096 basic_session_run_hooks.py:692] global_step/sec: 1.00922
INFO:tensorflow:Saving checkpoints for 54858 into Data/cylinder_flow/mgtn/checkpoint/model.ckpt.
I0613 09:55:18.175815 139918092940096 basic_session_run_hooks.py:606] Saving checkpoints for 54858 into Data/cylinder_flow/mgtn/checkpoint/model.ckpt.
INFO:tensorflow:global_step/sec: 0.987763
I0613 09:56:02.778834 139918092940096 basic_session_run_hooks.py:692] global_step/sec: 0.987763
INFO:tensorflow:global_step/sec: 0.988955
I0613 09:57:43.895582 139918092940096 basic_session_run_hooks.py:692] global_step/sec: 0.988955
I0613 09:57:43.896703 139918092940096 run_model.py:87] Step 55000: Loss 0.0730316
INFO:tensorflow:global_step/sec: 1.01372
I0613 09:59:22.542390 139918092940096 basic_session_run_hooks.py:692] global_step/sec: 1.01372
INFO:tensorflow:global_step/sec: 1.0167
I0613 10:01:00.900272 139918092940096 basic_session_run_hooks.py:692] global_step/sec: 1.0167
INFO:tensorflow:global_step/sec: 0.987717
I0613 10:02:42.143873 139918092940096 basic_session_run_hooks.py:692] global_step/sec: 0.987717
INFO:tensorflow:global_step/sec: 0.982176
I0613 10:04:23.958539 139918092940096 basic_session_run_hooks.py:692] global_step/sec: 0.982176
INFO:tensorflow:Saving checkpoints for 55456 into Data/cylinder_flow/mgtn/checkpoint/model.ckpt.
I0613 10:05:18.305532 139918092940096 basic_session_run_hooks.py:606] Saving checkpoints for 55456 into Data/cylinder_flow/mgtn/checkpoint/model.ckpt.
INFO:tensorflow:global_step/sec: 0.993123
I0613 10:06:04.651144 139918092940096 basic_session_run_hooks.py:692] global_step/sec: 0.993123
INFO:tensorflow:global_step/sec: 0.985155
I0613 10:07:46.157955 139918092940096 basic_session_run_hooks.py:692] global_step/sec: 0.985155
INFO:tensorflow:global_step/sec: 0.987824
I0613 10:09:27.390609 139918092940096 basic_session_run_hooks.py:692] global_step/sec: 0.987824
INFO:tensorflow:global_step/sec: 0.990494
I0613 10:11:08.350276 139918092940096 basic_session_run_hooks.py:692] global_step/sec: 0.990494
INFO:tensorflow:global_step/sec: 0.983742
I0613 10:12:50.003015 139918092940096 basic_session_run_hooks.py:692] global_step/sec: 0.983742
INFO:tensorflow:global_step/sec: 0.976623
I0613 10:14:32.396560 139918092940096 basic_session_run_hooks.py:692] global_step/sec: 0.976623
I0613 10:14:32.397621 139918092940096 run_model.py:87] Step 56000: Loss 0.0703555
INFO:tensorflow:Saving checkpoints for 56046 into Data/cylinder_flow/mgtn/checkpoint/model.ckpt.
I0613 10:15:18.426770 139918092940096 basic_session_run_hooks.py:606] Saving checkpoints for 56046 into Data/cylinder_flow/mgtn/checkpoint/model.ckpt.
INFO:tensorflow:global_step/sec: 0.960079
I0613 10:16:16.554702 139918092940096 basic_session_run_hooks.py:692] global_step/sec: 0.960079
INFO:tensorflow:global_step/sec: 0.990729
I0613 10:17:57.490502 139918092940096 basic_session_run_hooks.py:692] global_step/sec: 0.990729
INFO:tensorflow:global_step/sec: 1.00478
I0613 10:19:37.015131 139918092940096 basic_session_run_hooks.py:692] global_step/sec: 1.00478
INFO:tensorflow:global_step/sec: 1.00623
I0613 10:21:16.396093 139918092940096 basic_session_run_hooks.py:692] global_step/sec: 1.00623
INFO:tensorflow:global_step/sec: 1.01341
I0613 10:22:55.072457 139918092940096 basic_session_run_hooks.py:692] global_step/sec: 1.01341
INFO:tensorflow:global_step/sec: 1.01351
I0613 10:24:33.739304 139918092940096 basic_session_run_hooks.py:692] global_step/sec: 1.01351
INFO:tensorflow:Saving checkpoints for 56647 into Data/cylinder_flow/mgtn/checkpoint/model.ckpt.
I0613 10:25:19.261554 139918092940096 basic_session_run_hooks.py:606] Saving checkpoints for 56647 into Data/cylinder_flow/mgtn/checkpoint/model.ckpt.
INFO:tensorflow:global_step/sec: 0.993454
I0613 10:26:14.398278 139918092940096 basic_session_run_hooks.py:692] global_step/sec: 0.993454
INFO:tensorflow:global_step/sec: 1.01274
I0613 10:27:53.140190 139918092940096 basic_session_run_hooks.py:692] global_step/sec: 1.01274
INFO:tensorflow:global_step/sec: 1.01057
I0613 10:29:32.093827 139918092940096 basic_session_run_hooks.py:692] global_step/sec: 1.01057
INFO:tensorflow:global_step/sec: 1.00658
I0613 10:31:11.440435 139918092940096 basic_session_run_hooks.py:692] global_step/sec: 1.00658
I0613 10:31:11.441443 139918092940096 run_model.py:87] Step 57000: Loss 0.187632
INFO:tensorflow:global_step/sec: 1.01977
I0613 10:32:49.501842 139918092940096 basic_session_run_hooks.py:692] global_step/sec: 1.01977
INFO:tensorflow:global_step/sec: 1.0208
I0613 10:34:27.464397 139918092940096 basic_session_run_hooks.py:692] global_step/sec: 1.0208
INFO:tensorflow:Saving checkpoints for 57255 into Data/cylinder_flow/mgtn/checkpoint/model.ckpt.
I0613 10:35:19.681216 139918092940096 basic_session_run_hooks.py:606] Saving checkpoints for 57255 into Data/cylinder_flow/mgtn/checkpoint/model.ckpt.
INFO:tensorflow:global_step/sec: 1.01024
I0613 10:36:06.451082 139918092940096 basic_session_run_hooks.py:692] global_step/sec: 1.01024
INFO:tensorflow:global_step/sec: 0.98851
I0613 10:37:47.613429 139918092940096 basic_session_run_hooks.py:692] global_step/sec: 0.98851
INFO:tensorflow:global_step/sec: 1.00046
I0613 10:39:27.567679 139918092940096 basic_session_run_hooks.py:692] global_step/sec: 1.00046
INFO:tensorflow:global_step/sec: 0.992606
I0613 10:41:08.312679 139918092940096 basic_session_run_hooks.py:692] global_step/sec: 0.992606
INFO:tensorflow:global_step/sec: 0.986406
I0613 10:42:49.690756 139918092940096 basic_session_run_hooks.py:692] global_step/sec: 0.986406
INFO:tensorflow:global_step/sec: 0.997604
I0613 10:44:29.930976 139918092940096 basic_session_run_hooks.py:692] global_step/sec: 0.997604
INFO:tensorflow:Saving checkpoints for 57851 into Data/cylinder_flow/mgtn/checkpoint/model.ckpt.
I0613 10:45:20.264372 139918092940096 basic_session_run_hooks.py:606] Saving checkpoints for 57851 into Data/cylinder_flow/mgtn/checkpoint/model.ckpt.
INFO:tensorflow:global_step/sec: 0.989797
I0613 10:46:10.961788 139918092940096 basic_session_run_hooks.py:692] global_step/sec: 0.989797
INFO:tensorflow:global_step/sec: 1.0244
I0613 10:47:48.580197 139918092940096 basic_session_run_hooks.py:692] global_step/sec: 1.0244
I0613 10:47:48.581248 139918092940096 run_model.py:87] Step 58000: Loss 0.0453245
INFO:tensorflow:global_step/sec: 1.01018
I0613 10:49:27.572300 139918092940096 basic_session_run_hooks.py:692] global_step/sec: 1.01018
INFO:tensorflow:global_step/sec: 1.02291
I0613 10:51:05.332177 139918092940096 basic_session_run_hooks.py:692] global_step/sec: 1.02291
INFO:tensorflow:global_step/sec: 1.01698
I0613 10:52:43.662564 139918092940096 basic_session_run_hooks.py:692] global_step/sec: 1.01698
INFO:tensorflow:global_step/sec: 1.01813
I0613 10:54:21.882292 139918092940096 basic_session_run_hooks.py:692] global_step/sec: 1.01813
INFO:tensorflow:Saving checkpoints for 58461 into Data/cylinder_flow/mgtn/checkpoint/model.ckpt.
I0613 10:55:21.092539 139918092940096 basic_session_run_hooks.py:606] Saving checkpoints for 58461 into Data/cylinder_flow/mgtn/checkpoint/model.ckpt.
INFO:tensorflow:global_step/sec: 0.998612
I0613 10:56:02.021247 139918092940096 basic_session_run_hooks.py:692] global_step/sec: 0.998612
INFO:tensorflow:global_step/sec: 1.0171
I0613 10:57:40.340079 139918092940096 basic_session_run_hooks.py:692] global_step/sec: 1.0171
INFO:tensorflow:global_step/sec: 1.02747
I0613 10:59:17.666502 139918092940096 basic_session_run_hooks.py:692] global_step/sec: 1.02747
INFO:tensorflow:global_step/sec: 1.01838
I0613 11:00:55.861640 139918092940096 basic_session_run_hooks.py:692] global_step/sec: 1.01838
INFO:tensorflow:global_step/sec: 1.01333
I0613 11:02:34.545736 139918092940096 basic_session_run_hooks.py:692] global_step/sec: 1.01333
INFO:tensorflow:global_step/sec: 1.0134
I0613 11:04:13.223104 139918092940096 basic_session_run_hooks.py:692] global_step/sec: 1.0134
I0613 11:04:13.224596 139918092940096 run_model.py:87] Step 59000: Loss 0.080996
INFO:tensorflow:Saving checkpoints for 59070 into Data/cylinder_flow/mgtn/checkpoint/model.ckpt.
I0613 11:05:21.212918 139918092940096 basic_session_run_hooks.py:606] Saving checkpoints for 59070 into Data/cylinder_flow/mgtn/checkpoint/model.ckpt.
INFO:tensorflow:global_step/sec: 0.988086
I0613 11:05:54.428850 139918092940096 basic_session_run_hooks.py:692] global_step/sec: 0.988086
INFO:tensorflow:global_step/sec: 0.995546
I0613 11:07:34.876121 139918092940096 basic_session_run_hooks.py:692] global_step/sec: 0.995546
INFO:tensorflow:global_step/sec: 0.988411
I0613 11:09:16.048611 139918092940096 basic_session_run_hooks.py:692] global_step/sec: 0.988411
INFO:tensorflow:global_step/sec: 0.993582
I0613 11:10:56.694601 139918092940096 basic_session_run_hooks.py:692] global_step/sec: 0.993582
INFO:tensorflow:global_step/sec: 0.971215
I0613 11:12:39.658391 139918092940096 basic_session_run_hooks.py:692] global_step/sec: 0.971215
INFO:tensorflow:global_step/sec: 0.998822
I0613 11:14:19.776372 139918092940096 basic_session_run_hooks.py:692] global_step/sec: 0.998822
INFO:tensorflow:Saving checkpoints for 59664 into Data/cylinder_flow/mgtn/checkpoint/model.ckpt.
I0613 11:15:21.820368 139918092940096 basic_session_run_hooks.py:606] Saving checkpoints for 59664 into Data/cylinder_flow/mgtn/checkpoint/model.ckpt.
INFO:tensorflow:global_step/sec: 0.996994
I0613 11:16:00.077864 139918092940096 basic_session_run_hooks.py:692] global_step/sec: 0.996994
INFO:tensorflow:global_step/sec: 1.01316
I0613 11:17:38.779058 139918092940096 basic_session_run_hooks.py:692] global_step/sec: 1.01316
INFO:tensorflow:global_step/sec: 1.0042
I0613 11:19:18.361158 139918092940096 basic_session_run_hooks.py:692] global_step/sec: 1.0042
INFO:tensorflow:global_step/sec: 1.01825
I0613 11:20:56.569047 139918092940096 basic_session_run_hooks.py:692] global_step/sec: 1.01825
I0613 11:20:56.570205 139918092940096 run_model.py:87] Step 60000: Loss 0.231423
INFO:tensorflow:global_step/sec: 1.01733
I0613 11:22:34.865742 139918092940096 basic_session_run_hooks.py:692] global_step/sec: 1.01733
INFO:tensorflow:global_step/sec: 1.01418
I0613 11:24:13.467367 139918092940096 basic_session_run_hooks.py:692] global_step/sec: 1.01418
INFO:tensorflow:Saving checkpoints for 60269 into Data/cylinder_flow/mgtn/checkpoint/model.ckpt.
I0613 11:25:22.168026 139918092940096 basic_session_run_hooks.py:606] Saving checkpoints for 60269 into Data/cylinder_flow/mgtn/checkpoint/model.ckpt.
INFO:tensorflow:global_step/sec: 0.975493
I0613 11:25:55.979550 139918092940096 basic_session_run_hooks.py:692] global_step/sec: 0.975493
INFO:tensorflow:global_step/sec: 0.98861
I0613 11:27:37.131660 139918092940096 basic_session_run_hooks.py:692] global_step/sec: 0.98861
INFO:tensorflow:global_step/sec: 0.969957
I0613 11:29:20.228978 139918092940096 basic_session_run_hooks.py:692] global_step/sec: 0.969957
INFO:tensorflow:global_step/sec: 0.993823
I0613 11:31:00.850530 139918092940096 basic_session_run_hooks.py:692] global_step/sec: 0.993823
INFO:tensorflow:global_step/sec: 0.959
I0613 11:32:45.125781 139918092940096 basic_session_run_hooks.py:692] global_step/sec: 0.959
INFO:tensorflow:global_step/sec: 0.977238
I0613 11:34:27.455060 139918092940096 basic_session_run_hooks.py:692] global_step/sec: 0.977238
INFO:tensorflow:Saving checkpoints for 60855 into Data/cylinder_flow/mgtn/checkpoint/model.ckpt.
I0613 11:35:22.717899 139918092940096 basic_session_run_hooks.py:606] Saving checkpoints for 60855 into Data/cylinder_flow/mgtn/checkpoint/model.ckpt.
INFO:tensorflow:global_step/sec: 0.968752
I0613 11:36:10.680765 139918092940096 basic_session_run_hooks.py:692] global_step/sec: 0.968752
INFO:tensorflow:global_step/sec: 1.00482
I0613 11:37:50.201237 139918092940096 basic_session_run_hooks.py:692] global_step/sec: 1.00482
I0613 11:37:50.202195 139918092940096 run_model.py:87] Step 61000: Loss 0.10712
INFO:tensorflow:global_step/sec: 0.996975
I0613 11:39:30.504692 139918092940096 basic_session_run_hooks.py:692] global_step/sec: 0.996975
INFO:tensorflow:global_step/sec: 0.999232
I0613 11:41:10.581527 139918092940096 basic_session_run_hooks.py:692] global_step/sec: 0.999232
INFO:tensorflow:global_step/sec: 1.00166
I0613 11:42:50.415529 139918092940096 basic_session_run_hooks.py:692] global_step/sec: 1.00166
INFO:tensorflow:global_step/sec: 0.984265
I0613 11:44:32.014153 139918092940096 basic_session_run_hooks.py:692] global_step/sec: 0.984265
INFO:tensorflow:Saving checkpoints for 61452 into Data/cylinder_flow/mgtn/checkpoint/model.ckpt.
I0613 11:45:23.192679 139918092940096 basic_session_run_hooks.py:606] Saving checkpoints for 61452 into Data/cylinder_flow/mgtn/checkpoint/model.ckpt.
INFO:tensorflow:global_step/sec: 0.98057
I0613 11:46:13.995694 139918092940096 basic_session_run_hooks.py:692] global_step/sec: 0.98057
INFO:tensorflow:global_step/sec: 0.992406
I0613 11:47:54.760842 139918092940096 basic_session_run_hooks.py:692] global_step/sec: 0.992406
INFO:tensorflow:global_step/sec: 1.00123
I0613 11:49:34.637809 139918092940096 basic_session_run_hooks.py:692] global_step/sec: 1.00123
INFO:tensorflow:global_step/sec: 1.01294
I0613 11:51:13.360286 139918092940096 basic_session_run_hooks.py:692] global_step/sec: 1.01294
INFO:tensorflow:global_step/sec: 1.0021
I0613 11:52:53.150608 139918092940096 basic_session_run_hooks.py:692] global_step/sec: 1.0021
INFO:tensorflow:global_step/sec: 1.01656
I0613 11:54:31.521703 139918092940096 basic_session_run_hooks.py:692] global_step/sec: 1.01656
I0613 11:54:31.523204 139918092940096 run_model.py:87] Step 62000: Loss 0.143657
INFO:tensorflow:Saving checkpoints for 62053 into Data/cylinder_flow/mgtn/checkpoint/model.ckpt.
I0613 11:55:23.326073 139918092940096 basic_session_run_hooks.py:606] Saving checkpoints for 62053 into Data/cylinder_flow/mgtn/checkpoint/model.ckpt.
INFO:tensorflow:global_step/sec: 0.981845
I0613 11:56:13.370738 139918092940096 basic_session_run_hooks.py:692] global_step/sec: 0.981845
INFO:tensorflow:global_step/sec: 1.00319
I0613 11:57:53.053191 139918092940096 basic_session_run_hooks.py:692] global_step/sec: 1.00319
INFO:tensorflow:global_step/sec: 0.99792
I0613 11:59:33.261595 139918092940096 basic_session_run_hooks.py:692] global_step/sec: 0.99792
INFO:tensorflow:global_step/sec: 1.01387
I0613 12:01:11.894070 139918092940096 basic_session_run_hooks.py:692] global_step/sec: 1.01387
INFO:tensorflow:global_step/sec: 1.0332
I0613 12:02:48.680778 139918092940096 basic_session_run_hooks.py:692] global_step/sec: 1.0332
INFO:tensorflow:global_step/sec: 1.01222
I0613 12:04:27.473835 139918092940096 basic_session_run_hooks.py:692] global_step/sec: 1.01222
INFO:tensorflow:Saving checkpoints for 62659 into Data/cylinder_flow/mgtn/checkpoint/model.ckpt.
I0613 12:05:24.203287 139918092940096 basic_session_run_hooks.py:606] Saving checkpoints for 62659 into Data/cylinder_flow/mgtn/checkpoint/model.ckpt.
INFO:tensorflow:global_step/sec: 1.00213
I0613 12:06:07.260856 139918092940096 basic_session_run_hooks.py:692] global_step/sec: 1.00213
INFO:tensorflow:global_step/sec: 1.0146
I0613 12:07:45.822152 139918092940096 basic_session_run_hooks.py:692] global_step/sec: 1.0146
INFO:tensorflow:global_step/sec: 1.00411
I0613 12:09:25.412578 139918092940096 basic_session_run_hooks.py:692] global_step/sec: 1.00411
INFO:tensorflow:global_step/sec: 1.01857
I0613 12:11:03.589385 139918092940096 basic_session_run_hooks.py:692] global_step/sec: 1.01857
I0613 12:11:03.590913 139918092940096 run_model.py:87] Step 63000: Loss 0.0730573
INFO:tensorflow:global_step/sec: 1.02582
I0613 12:12:41.072832 139918092940096 basic_session_run_hooks.py:692] global_step/sec: 1.02582
INFO:tensorflow:global_step/sec: 1.00469
I0613 12:14:20.605607 139918092940096 basic_session_run_hooks.py:692] global_step/sec: 1.00469
INFO:tensorflow:Saving checkpoints for 63266 into Data/cylinder_flow/mgtn/checkpoint/model.ckpt.
I0613 12:15:24.570082 139918092940096 basic_session_run_hooks.py:606] Saving checkpoints for 63266 into Data/cylinder_flow/mgtn/checkpoint/model.ckpt.
INFO:tensorflow:global_step/sec: 0.998842
I0613 12:16:00.721509 139918092940096 basic_session_run_hooks.py:692] global_step/sec: 0.998842
INFO:tensorflow:global_step/sec: 0.97285
I0613 12:17:43.512304 139918092940096 basic_session_run_hooks.py:692] global_step/sec: 0.97285
INFO:tensorflow:global_step/sec: 0.977573
I0613 12:19:25.806446 139918092940096 basic_session_run_hooks.py:692] global_step/sec: 0.977573
INFO:tensorflow:global_step/sec: 0.978827
I0613 12:21:07.969531 139918092940096 basic_session_run_hooks.py:692] global_step/sec: 0.978827
INFO:tensorflow:global_step/sec: 1.00098
I0613 12:22:47.871523 139918092940096 basic_session_run_hooks.py:692] global_step/sec: 1.00098
INFO:tensorflow:global_step/sec: 0.967926
I0613 12:24:31.185194 139918092940096 basic_session_run_hooks.py:692] global_step/sec: 0.967926
INFO:tensorflow:Saving checkpoints for 63854 into Data/cylinder_flow/mgtn/checkpoint/model.ckpt.
I0613 12:25:24.995781 139918092940096 basic_session_run_hooks.py:606] Saving checkpoints for 63854 into Data/cylinder_flow/mgtn/checkpoint/model.ckpt.
INFO:tensorflow:global_step/sec: 0.979948
I0613 12:26:13.231426 139918092940096 basic_session_run_hooks.py:692] global_step/sec: 0.979948
INFO:tensorflow:global_step/sec: 0.992535
I0613 12:27:53.983491 139918092940096 basic_session_run_hooks.py:692] global_step/sec: 0.992535
I0613 12:27:53.984636 139918092940096 run_model.py:87] Step 64000: Loss 0.0527831
INFO:tensorflow:global_step/sec: 0.993724
I0613 12:29:34.615061 139918092940096 basic_session_run_hooks.py:692] global_step/sec: 0.993724
INFO:tensorflow:global_step/sec: 0.997305
I0613 12:31:14.885232 139918092940096 basic_session_run_hooks.py:692] global_step/sec: 0.997305
INFO:tensorflow:global_step/sec: 1.00113
I0613 12:32:54.772817 139918092940096 basic_session_run_hooks.py:692] global_step/sec: 1.00113
INFO:tensorflow:global_step/sec: 0.992776
I0613 12:34:35.500548 139918092940096 basic_session_run_hooks.py:692] global_step/sec: 0.992776
INFO:tensorflow:Saving checkpoints for 64450 into Data/cylinder_flow/mgtn/checkpoint/model.ckpt.
I0613 12:35:25.052624 139918092940096 basic_session_run_hooks.py:606] Saving checkpoints for 64450 into Data/cylinder_flow/mgtn/checkpoint/model.ckpt.
INFO:tensorflow:global_step/sec: 0.980341
I0613 12:36:17.505902 139918092940096 basic_session_run_hooks.py:692] global_step/sec: 0.980341
INFO:tensorflow:global_step/sec: 1.00595
I0613 12:37:56.914317 139918092940096 basic_session_run_hooks.py:692] global_step/sec: 1.00595
INFO:tensorflow:global_step/sec: 1.02054
I0613 12:39:34.902084 139918092940096 basic_session_run_hooks.py:692] global_step/sec: 1.02054
INFO:tensorflow:global_step/sec: 1.01479
I0613 12:41:13.445121 139918092940096 basic_session_run_hooks.py:692] global_step/sec: 1.01479
INFO:tensorflow:global_step/sec: 1.02898
I0613 12:42:50.629109 139918092940096 basic_session_run_hooks.py:692] global_step/sec: 1.02898
INFO:tensorflow:global_step/sec: 1.02224
I0613 12:44:28.453088 139918092940096 basic_session_run_hooks.py:692] global_step/sec: 1.02224
I0613 12:44:28.454356 139918092940096 run_model.py:87] Step 65000: Loss 0.152367
INFO:tensorflow:Saving checkpoints for 65060 into Data/cylinder_flow/mgtn/checkpoint/model.ckpt.
I0613 12:45:26.024886 139918092940096 basic_session_run_hooks.py:606] Saving checkpoints for 65060 into Data/cylinder_flow/mgtn/checkpoint/model.ckpt.
INFO:tensorflow:global_step/sec: 0.998068
I0613 12:46:08.646583 139918092940096 basic_session_run_hooks.py:692] global_step/sec: 0.998068
INFO:tensorflow:global_step/sec: 0.989401
I0613 12:47:49.717781 139918092940096 basic_session_run_hooks.py:692] global_step/sec: 0.989401
INFO:tensorflow:global_step/sec: 0.996734
I0613 12:49:30.045470 139918092940096 basic_session_run_hooks.py:692] global_step/sec: 0.996734
INFO:tensorflow:global_step/sec: 0.979237
I0613 12:51:12.165797 139918092940096 basic_session_run_hooks.py:692] global_step/sec: 0.979237
INFO:tensorflow:global_step/sec: 0.974118
I0613 12:52:54.822767 139918092940096 basic_session_run_hooks.py:692] global_step/sec: 0.974118
INFO:tensorflow:global_step/sec: 0.975617
I0613 12:54:37.321993 139918092940096 basic_session_run_hooks.py:692] global_step/sec: 0.975617
INFO:tensorflow:Saving checkpoints for 65648 into Data/cylinder_flow/mgtn/checkpoint/model.ckpt.
I0613 12:55:26.048469 139918092940096 basic_session_run_hooks.py:606] Saving checkpoints for 65648 into Data/cylinder_flow/mgtn/checkpoint/model.ckpt.
INFO:tensorflow:global_step/sec: 0.959229
I0613 12:56:21.572413 139918092940096 basic_session_run_hooks.py:692] global_step/sec: 0.959229
INFO:tensorflow:global_step/sec: 1.00223
I0613 12:58:01.350152 139918092940096 basic_session_run_hooks.py:692] global_step/sec: 1.00223
INFO:tensorflow:global_step/sec: 0.982185
I0613 12:59:43.163966 139918092940096 basic_session_run_hooks.py:692] global_step/sec: 0.982185
INFO:tensorflow:global_step/sec: 0.988315
I0613 13:01:24.346284 139918092940096 basic_session_run_hooks.py:692] global_step/sec: 0.988315
I0613 13:01:24.347574 139918092940096 run_model.py:87] Step 66000: Loss 0.103605
INFO:tensorflow:global_step/sec: 0.971422
I0613 13:03:07.288111 139918092940096 basic_session_run_hooks.py:692] global_step/sec: 0.971422
INFO:tensorflow:global_step/sec: 0.984748
I0613 13:04:48.836942 139918092940096 basic_session_run_hooks.py:692] global_step/sec: 0.984748
INFO:tensorflow:Saving checkpoints for 66238 into Data/cylinder_flow/mgtn/checkpoint/model.ckpt.
I0613 13:05:26.384998 139918092940096 basic_session_run_hooks.py:606] Saving checkpoints for 66238 into Data/cylinder_flow/mgtn/checkpoint/model.ckpt.
INFO:tensorflow:global_step/sec: 0.974353
I0613 13:06:31.469139 139918092940096 basic_session_run_hooks.py:692] global_step/sec: 0.974353
INFO:tensorflow:global_step/sec: 0.959579
I0613 13:08:15.681511 139918092940096 basic_session_run_hooks.py:692] global_step/sec: 0.959579
INFO:tensorflow:global_step/sec: 0.974214
I0613 13:09:58.328286 139918092940096 basic_session_run_hooks.py:692] global_step/sec: 0.974214
INFO:tensorflow:global_step/sec: 0.960856
I0613 13:11:42.402148 139918092940096 basic_session_run_hooks.py:692] global_step/sec: 0.960856
INFO:tensorflow:global_step/sec: 0.966206
I0613 13:13:25.899741 139918092940096 basic_session_run_hooks.py:692] global_step/sec: 0.966206
INFO:tensorflow:global_step/sec: 0.95839
I0613 13:15:10.241358 139918092940096 basic_session_run_hooks.py:692] global_step/sec: 0.95839
INFO:tensorflow:Saving checkpoints for 66817 into Data/cylinder_flow/mgtn/checkpoint/model.ckpt.
I0613 13:15:26.723181 139918092940096 basic_session_run_hooks.py:606] Saving checkpoints for 66817 into Data/cylinder_flow/mgtn/checkpoint/model.ckpt.
INFO:tensorflow:global_step/sec: 0.965015
I0613 13:16:53.866726 139918092940096 basic_session_run_hooks.py:692] global_step/sec: 0.965015
INFO:tensorflow:global_step/sec: 0.976605
I0613 13:18:36.262315 139918092940096 basic_session_run_hooks.py:692] global_step/sec: 0.976605
I0613 13:18:36.263435 139918092940096 run_model.py:87] Step 67000: Loss 0.0500477
INFO:tensorflow:global_step/sec: 0.987403
I0613 13:20:17.538095 139918092940096 basic_session_run_hooks.py:692] global_step/sec: 0.987403
INFO:tensorflow:global_step/sec: 0.958997
I0613 13:22:01.813661 139918092940096 basic_session_run_hooks.py:692] global_step/sec: 0.958997
INFO:tensorflow:global_step/sec: 0.969962
I0613 13:23:44.910555 139918092940096 basic_session_run_hooks.py:692] global_step/sec: 0.969962
INFO:tensorflow:global_step/sec: 0.975992
I0613 13:25:27.370383 139918092940096 basic_session_run_hooks.py:692] global_step/sec: 0.975992
INFO:tensorflow:Saving checkpoints for 67401 into Data/cylinder_flow/mgtn/checkpoint/model.ckpt.
I0613 13:25:27.376951 139918092940096 basic_session_run_hooks.py:606] Saving checkpoints for 67401 into Data/cylinder_flow/mgtn/checkpoint/model.ckpt.
INFO:tensorflow:global_step/sec: 0.970835
I0613 13:27:10.374506 139918092940096 basic_session_run_hooks.py:692] global_step/sec: 0.970835
INFO:tensorflow:global_step/sec: 0.96985
I0613 13:28:53.483270 139918092940096 basic_session_run_hooks.py:692] global_step/sec: 0.96985
INFO:tensorflow:global_step/sec: 0.994205
I0613 13:30:34.066167 139918092940096 basic_session_run_hooks.py:692] global_step/sec: 0.994205
INFO:tensorflow:global_step/sec: 1.00147
I0613 13:32:13.918902 139918092940096 basic_session_run_hooks.py:692] global_step/sec: 1.00147
INFO:tensorflow:global_step/sec: 0.988637
I0613 13:33:55.068281 139918092940096 basic_session_run_hooks.py:692] global_step/sec: 0.988637
INFO:tensorflow:Saving checkpoints for 67992 into Data/cylinder_flow/mgtn/checkpoint/model.ckpt.
I0613 13:35:28.014786 139918092940096 basic_session_run_hooks.py:606] Saving checkpoints for 67992 into Data/cylinder_flow/mgtn/checkpoint/model.ckpt.
INFO:tensorflow:global_step/sec: 0.964775
I0613 13:35:38.719354 139918092940096 basic_session_run_hooks.py:692] global_step/sec: 0.964775
I0613 13:35:38.719957 139918092940096 run_model.py:87] Step 68000: Loss 0.0594151
INFO:tensorflow:global_step/sec: 0.9718
I0613 13:37:21.621151 139918092940096 basic_session_run_hooks.py:692] global_step/sec: 0.9718
INFO:tensorflow:global_step/sec: 0.97332
I0613 13:39:04.362367 139918092940096 basic_session_run_hooks.py:692] global_step/sec: 0.97332
INFO:tensorflow:global_step/sec: 0.976999
I0613 13:40:46.716569 139918092940096 basic_session_run_hooks.py:692] global_step/sec: 0.976999
INFO:tensorflow:global_step/sec: 0.984418
I0613 13:42:28.299386 139918092940096 basic_session_run_hooks.py:692] global_step/sec: 0.984418
INFO:tensorflow:global_step/sec: 0.97971
I0613 13:44:10.370377 139918092940096 basic_session_run_hooks.py:692] global_step/sec: 0.97971
INFO:tensorflow:Saving checkpoints for 68578 into Data/cylinder_flow/mgtn/checkpoint/model.ckpt.
I0613 13:45:28.310191 139918092940096 basic_session_run_hooks.py:606] Saving checkpoints for 68578 into Data/cylinder_flow/mgtn/checkpoint/model.ckpt.
INFO:tensorflow:global_step/sec: 0.972398
I0613 13:45:53.208935 139918092940096 basic_session_run_hooks.py:692] global_step/sec: 0.972398
INFO:tensorflow:global_step/sec: 0.973721
I0613 13:47:35.907688 139918092940096 basic_session_run_hooks.py:692] global_step/sec: 0.973721
INFO:tensorflow:global_step/sec: 0.969184
I0613 13:49:19.087350 139918092940096 basic_session_run_hooks.py:692] global_step/sec: 0.969184
INFO:tensorflow:global_step/sec: 0.982276
I0613 13:51:00.891743 139918092940096 basic_session_run_hooks.py:692] global_step/sec: 0.982276
INFO:tensorflow:global_step/sec: 0.969846
I0613 13:52:44.000872 139918092940096 basic_session_run_hooks.py:692] global_step/sec: 0.969846
I0613 13:52:44.001594 139918092940096 run_model.py:87] Step 69000: Loss 0.117739
INFO:tensorflow:global_step/sec: 0.988946
I0613 13:54:25.118689 139918092940096 basic_session_run_hooks.py:692] global_step/sec: 0.988946
INFO:tensorflow:Saving checkpoints for 69163 into Data/cylinder_flow/mgtn/checkpoint/model.ckpt.
I0613 13:55:28.587166 139918092940096 basic_session_run_hooks.py:606] Saving checkpoints for 69163 into Data/cylinder_flow/mgtn/checkpoint/model.ckpt.
INFO:tensorflow:global_step/sec: 0.963594
I0613 13:56:08.896874 139918092940096 basic_session_run_hooks.py:692] global_step/sec: 0.963594
INFO:tensorflow:global_step/sec: 0.998504
I0613 13:57:49.046673 139918092940096 basic_session_run_hooks.py:692] global_step/sec: 0.998504
INFO:tensorflow:global_step/sec: 1.00044
I0613 13:59:29.002389 139918092940096 basic_session_run_hooks.py:692] global_step/sec: 1.00044
INFO:tensorflow:global_step/sec: 0.986763
I0613 14:01:10.343852 139918092940096 basic_session_run_hooks.py:692] global_step/sec: 0.986763
INFO:tensorflow:global_step/sec: 1.00889
I0613 14:02:49.462414 139918092940096 basic_session_run_hooks.py:692] global_step/sec: 1.00889
INFO:tensorflow:global_step/sec: 0.983227
I0613 14:04:31.168295 139918092940096 basic_session_run_hooks.py:692] global_step/sec: 0.983227
INFO:tensorflow:Saving checkpoints for 69759 into Data/cylinder_flow/mgtn/checkpoint/model.ckpt.
I0613 14:05:29.067908 139918092940096 basic_session_run_hooks.py:606] Saving checkpoints for 69759 into Data/cylinder_flow/mgtn/checkpoint/model.ckpt.
INFO:tensorflow:global_step/sec: 0.975371
I0613 14:06:13.693471 139918092940096 basic_session_run_hooks.py:692] global_step/sec: 0.975371
INFO:tensorflow:global_step/sec: 0.996392
I0613 14:07:54.055555 139918092940096 basic_session_run_hooks.py:692] global_step/sec: 0.996392
INFO:tensorflow:global_step/sec: 0.977833
I0613 14:09:36.322529 139918092940096 basic_session_run_hooks.py:692] global_step/sec: 0.977833
I0613 14:09:36.323249 139918092940096 run_model.py:87] Step 70000: Loss 0.0752836
INFO:tensorflow:global_step/sec: 0.972543
I0613 14:11:19.145789 139918092940096 basic_session_run_hooks.py:692] global_step/sec: 0.972543
INFO:tensorflow:global_step/sec: 0.974324
I0613 14:13:01.781084 139918092940096 basic_session_run_hooks.py:692] global_step/sec: 0.974324
INFO:tensorflow:global_step/sec: 0.972899
I0613 14:14:44.566627 139918092940096 basic_session_run_hooks.py:692] global_step/sec: 0.972899
INFO:tensorflow:Saving checkpoints for 70345 into Data/cylinder_flow/mgtn/checkpoint/model.ckpt.
I0613 14:15:29.338133 139918092940096 basic_session_run_hooks.py:606] Saving checkpoints for 70345 into Data/cylinder_flow/mgtn/checkpoint/model.ckpt.
INFO:tensorflow:global_step/sec: 0.965427
I0613 14:16:28.147839 139918092940096 basic_session_run_hooks.py:692] global_step/sec: 0.965427
INFO:tensorflow:global_step/sec: 0.977717
I0613 14:18:10.426943 139918092940096 basic_session_run_hooks.py:692] global_step/sec: 0.977717
INFO:tensorflow:global_step/sec: 0.982817
I0613 14:19:52.175284 139918092940096 basic_session_run_hooks.py:692] global_step/sec: 0.982817
INFO:tensorflow:global_step/sec: 0.986869
I0613 14:21:33.505919 139918092940096 basic_session_run_hooks.py:692] global_step/sec: 0.986869
INFO:tensorflow:global_step/sec: 0.964189
I0613 14:23:17.220000 139918092940096 basic_session_run_hooks.py:692] global_step/sec: 0.964189
INFO:tensorflow:global_step/sec: 0.992468
I0613 14:24:57.978962 139918092940096 basic_session_run_hooks.py:692] global_step/sec: 0.992468
INFO:tensorflow:Saving checkpoints for 70933 into Data/cylinder_flow/mgtn/checkpoint/model.ckpt.
I0613 14:25:30.128977 139918092940096 basic_session_run_hooks.py:606] Saving checkpoints for 70933 into Data/cylinder_flow/mgtn/checkpoint/model.ckpt.
INFO:tensorflow:global_step/sec: 0.978318
I0613 14:26:40.195253 139918092940096 basic_session_run_hooks.py:692] global_step/sec: 0.978318
I0613 14:26:40.196011 139918092940096 run_model.py:87] Step 71000: Loss 0.103176
INFO:tensorflow:global_step/sec: 0.982601
I0613 14:28:21.965874 139918092940096 basic_session_run_hooks.py:692] global_step/sec: 0.982601
INFO:tensorflow:global_step/sec: 0.972563
I0613 14:30:04.787014 139918092940096 basic_session_run_hooks.py:692] global_step/sec: 0.972563
INFO:tensorflow:global_step/sec: 0.976516
I0613 14:31:47.191911 139918092940096 basic_session_run_hooks.py:692] global_step/sec: 0.976516
INFO:tensorflow:global_step/sec: 0.976426
I0613 14:33:29.606214 139918092940096 basic_session_run_hooks.py:692] global_step/sec: 0.976426
INFO:tensorflow:global_step/sec: 0.978447
I0613 14:35:11.808984 139918092940096 basic_session_run_hooks.py:692] global_step/sec: 0.978447
INFO:tensorflow:Saving checkpoints for 71519 into Data/cylinder_flow/mgtn/checkpoint/model.ckpt.
I0613 14:35:30.966032 139918092940096 basic_session_run_hooks.py:606] Saving checkpoints for 71519 into Data/cylinder_flow/mgtn/checkpoint/model.ckpt.
INFO:tensorflow:global_step/sec: 0.947968
I0613 14:36:57.297693 139918092940096 basic_session_run_hooks.py:692] global_step/sec: 0.947968
INFO:tensorflow:global_step/sec: 0.979216
I0613 14:38:39.420256 139918092940096 basic_session_run_hooks.py:692] global_step/sec: 0.979216
INFO:tensorflow:global_step/sec: 0.980636
I0613 14:40:21.394830 139918092940096 basic_session_run_hooks.py:692] global_step/sec: 0.980636
INFO:tensorflow:global_step/sec: 0.9939
I0613 14:42:02.008568 139918092940096 basic_session_run_hooks.py:692] global_step/sec: 0.9939
INFO:tensorflow:global_step/sec: 0.985004
I0613 14:43:43.531002 139918092940096 basic_session_run_hooks.py:692] global_step/sec: 0.985004
I0613 14:43:43.531816 139918092940096 run_model.py:87] Step 72000: Loss 0.0639766
INFO:tensorflow:global_step/sec: 1.00717
I0613 14:45:22.819389 139918092940096 basic_session_run_hooks.py:692] global_step/sec: 1.00717
INFO:tensorflow:Saving checkpoints for 72110 into Data/cylinder_flow/mgtn/checkpoint/model.ckpt.
I0613 14:45:31.396069 139918092940096 basic_session_run_hooks.py:606] Saving checkpoints for 72110 into Data/cylinder_flow/mgtn/checkpoint/model.ckpt.
INFO:tensorflow:global_step/sec: 0.981726
I0613 14:47:04.680866 139918092940096 basic_session_run_hooks.py:692] global_step/sec: 0.981726
INFO:tensorflow:global_step/sec: 0.969322
I0613 14:48:47.845703 139918092940096 basic_session_run_hooks.py:692] global_step/sec: 0.969322
INFO:tensorflow:global_step/sec: 0.986152
I0613 14:50:29.249901 139918092940096 basic_session_run_hooks.py:692] global_step/sec: 0.986152
INFO:tensorflow:global_step/sec: 0.98303
I0613 14:52:10.976251 139918092940096 basic_session_run_hooks.py:692] global_step/sec: 0.98303
INFO:tensorflow:global_step/sec: 0.976127
I0613 14:53:53.421860 139918092940096 basic_session_run_hooks.py:692] global_step/sec: 0.976127
INFO:tensorflow:Saving checkpoints for 72696 into Data/cylinder_flow/mgtn/checkpoint/model.ckpt.
I0613 14:55:31.579606 139918092940096 basic_session_run_hooks.py:606] Saving checkpoints for 72696 into Data/cylinder_flow/mgtn/checkpoint/model.ckpt.
INFO:tensorflow:global_step/sec: 0.952714
I0613 14:55:38.385205 139918092940096 basic_session_run_hooks.py:692] global_step/sec: 0.952714
INFO:tensorflow:global_step/sec: 0.973768
I0613 14:57:21.079015 139918092940096 basic_session_run_hooks.py:692] global_step/sec: 0.973768
INFO:tensorflow:global_step/sec: 0.982306
I0613 14:59:02.880282 139918092940096 basic_session_run_hooks.py:692] global_step/sec: 0.982306
INFO:tensorflow:global_step/sec: 0.97977
I0613 15:00:44.945011 139918092940096 basic_session_run_hooks.py:692] global_step/sec: 0.97977
I0613 15:00:44.945773 139918092940096 run_model.py:87] Step 73000: Loss 0.0516299
INFO:tensorflow:global_step/sec: 0.973723
I0613 15:02:27.643574 139918092940096 basic_session_run_hooks.py:692] global_step/sec: 0.973723
INFO:tensorflow:global_step/sec: 0.97962
I0613 15:04:09.723944 139918092940096 basic_session_run_hooks.py:692] global_step/sec: 0.97962
INFO:tensorflow:Saving checkpoints for 73283 into Data/cylinder_flow/mgtn/checkpoint/model.ckpt.
I0613 15:05:32.502876 139918092940096 basic_session_run_hooks.py:606] Saving checkpoints for 73283 into Data/cylinder_flow/mgtn/checkpoint/model.ckpt.
INFO:tensorflow:global_step/sec: 0.967018
I0613 15:05:53.134696 139918092940096 basic_session_run_hooks.py:692] global_step/sec: 0.967018
INFO:tensorflow:global_step/sec: 0.979388
I0613 15:07:35.239275 139918092940096 basic_session_run_hooks.py:692] global_step/sec: 0.979388
INFO:tensorflow:global_step/sec: 0.971536
I0613 15:09:18.169047 139918092940096 basic_session_run_hooks.py:692] global_step/sec: 0.971536
INFO:tensorflow:global_step/sec: 0.9778
I0613 15:11:00.439402 139918092940096 basic_session_run_hooks.py:692] global_step/sec: 0.9778
INFO:tensorflow:global_step/sec: 0.976886
I0613 15:12:42.805512 139918092940096 basic_session_run_hooks.py:692] global_step/sec: 0.976886
INFO:tensorflow:global_step/sec: 0.967248
I0613 15:14:26.191620 139918092940096 basic_session_run_hooks.py:692] global_step/sec: 0.967248
INFO:tensorflow:Saving checkpoints for 73867 into Data/cylinder_flow/mgtn/checkpoint/model.ckpt.
I0613 15:15:32.580958 139918092940096 basic_session_run_hooks.py:606] Saving checkpoints for 73867 into Data/cylinder_flow/mgtn/checkpoint/model.ckpt.
INFO:tensorflow:global_step/sec: 0.968139
I0613 15:16:09.482554 139918092940096 basic_session_run_hooks.py:692] global_step/sec: 0.968139
INFO:tensorflow:global_step/sec: 0.97014
I0613 15:17:52.560454 139918092940096 basic_session_run_hooks.py:692] global_step/sec: 0.97014
I0613 15:17:52.561891 139918092940096 run_model.py:87] Step 74000: Loss 0.121295
INFO:tensorflow:global_step/sec: 0.964559
I0613 15:19:36.234794 139918092940096 basic_session_run_hooks.py:692] global_step/sec: 0.964559
INFO:tensorflow:global_step/sec: 0.975048
I0613 15:21:18.793905 139918092940096 basic_session_run_hooks.py:692] global_step/sec: 0.975048
INFO:tensorflow:global_step/sec: 0.972031
I0613 15:23:01.671262 139918092940096 basic_session_run_hooks.py:692] global_step/sec: 0.972031
INFO:tensorflow:global_step/sec: 0.97142
I0613 15:24:44.613399 139918092940096 basic_session_run_hooks.py:692] global_step/sec: 0.97142
INFO:tensorflow:Saving checkpoints for 74449 into Data/cylinder_flow/mgtn/checkpoint/model.ckpt.
I0613 15:25:32.791556 139918092940096 basic_session_run_hooks.py:606] Saving checkpoints for 74449 into Data/cylinder_flow/mgtn/checkpoint/model.ckpt.
INFO:tensorflow:global_step/sec: 0.976431
I0613 15:26:27.027246 139918092940096 basic_session_run_hooks.py:692] global_step/sec: 0.976431
INFO:tensorflow:global_step/sec: 0.983506
I0613 15:28:08.704185 139918092940096 basic_session_run_hooks.py:692] global_step/sec: 0.983506
INFO:tensorflow:global_step/sec: 0.987195
I0613 15:29:50.001328 139918092940096 basic_session_run_hooks.py:692] global_step/sec: 0.987195
INFO:tensorflow:global_step/sec: 0.992282
I0613 15:31:30.779165 139918092940096 basic_session_run_hooks.py:692] global_step/sec: 0.992282
INFO:tensorflow:global_step/sec: 0.995006
I0613 15:33:11.281132 139918092940096 basic_session_run_hooks.py:692] global_step/sec: 0.995006
INFO:tensorflow:global_step/sec: 0.992401
I0613 15:34:52.046736 139918092940096 basic_session_run_hooks.py:692] global_step/sec: 0.992401
I0613 15:34:52.048063 139918092940096 run_model.py:87] Step 75000: Loss 0.0635936
INFO:tensorflow:Saving checkpoints for 75041 into Data/cylinder_flow/mgtn/checkpoint/model.ckpt.
I0613 15:35:33.230096 139918092940096 basic_session_run_hooks.py:606] Saving checkpoints for 75041 into Data/cylinder_flow/mgtn/checkpoint/model.ckpt.
INFO:tensorflow:global_step/sec: 0.970783
I0613 15:36:35.056402 139918092940096 basic_session_run_hooks.py:692] global_step/sec: 0.970783
INFO:tensorflow:global_step/sec: 1.011
I0613 15:38:13.968793 139918092940096 basic_session_run_hooks.py:692] global_step/sec: 1.011
INFO:tensorflow:global_step/sec: 0.978416
I0613 15:39:56.174864 139918092940096 basic_session_run_hooks.py:692] global_step/sec: 0.978416
INFO:tensorflow:global_step/sec: 0.979879
I0613 15:41:38.228314 139918092940096 basic_session_run_hooks.py:692] global_step/sec: 0.979879
INFO:tensorflow:global_step/sec: 0.968688
I0613 15:43:21.460690 139918092940096 basic_session_run_hooks.py:692] global_step/sec: 0.968688
INFO:tensorflow:global_step/sec: 0.992097
I0613 15:45:02.257337 139918092940096 basic_session_run_hooks.py:692] global_step/sec: 0.992097
INFO:tensorflow:Saving checkpoints for 75632 into Data/cylinder_flow/mgtn/checkpoint/model.ckpt.
I0613 15:45:33.403249 139918092940096 basic_session_run_hooks.py:606] Saving checkpoints for 75632 into Data/cylinder_flow/mgtn/checkpoint/model.ckpt.
INFO:tensorflow:global_step/sec: 0.977951
I0613 15:46:44.511921 139918092940096 basic_session_run_hooks.py:692] global_step/sec: 0.977951
INFO:tensorflow:global_step/sec: 0.987213
I0613 15:48:25.807182 139918092940096 basic_session_run_hooks.py:692] global_step/sec: 0.987213
INFO:tensorflow:global_step/sec: 0.990343
I0613 15:50:06.782294 139918092940096 basic_session_run_hooks.py:692] global_step/sec: 0.990343
INFO:tensorflow:global_step/sec: 0.995582
I0613 15:51:47.226063 139918092940096 basic_session_run_hooks.py:692] global_step/sec: 0.995582
I0613 15:51:47.227141 139918092940096 run_model.py:87] Step 76000: Loss 0.080208
INFO:tensorflow:global_step/sec: 0.993236
I0613 15:53:27.907104 139918092940096 basic_session_run_hooks.py:692] global_step/sec: 0.993236
INFO:tensorflow:global_step/sec: 1.003
I0613 15:55:07.607718 139918092940096 basic_session_run_hooks.py:692] global_step/sec: 1.003
INFO:tensorflow:Saving checkpoints for 76227 into Data/cylinder_flow/mgtn/checkpoint/model.ckpt.
I0613 15:55:34.045022 139918092940096 basic_session_run_hooks.py:606] Saving checkpoints for 76227 into Data/cylinder_flow/mgtn/checkpoint/model.ckpt.
INFO:tensorflow:global_step/sec: 0.961533
I0613 15:56:51.608394 139918092940096 basic_session_run_hooks.py:692] global_step/sec: 0.961533
INFO:tensorflow:global_step/sec: 1.00382
I0613 15:58:31.227643 139918092940096 basic_session_run_hooks.py:692] global_step/sec: 1.00382
INFO:tensorflow:global_step/sec: 1.0119
I0613 16:00:10.051331 139918092940096 basic_session_run_hooks.py:692] global_step/sec: 1.0119
INFO:tensorflow:global_step/sec: 1.00192
I0613 16:01:49.859713 139918092940096 basic_session_run_hooks.py:692] global_step/sec: 1.00192
INFO:tensorflow:global_step/sec: 0.991832
I0613 16:03:30.683239 139918092940096 basic_session_run_hooks.py:692] global_step/sec: 0.991832
INFO:tensorflow:global_step/sec: 0.983636
I0613 16:05:12.346907 139918092940096 basic_session_run_hooks.py:692] global_step/sec: 0.983636
INFO:tensorflow:Saving checkpoints for 76823 into Data/cylinder_flow/mgtn/checkpoint/model.ckpt.
I0613 16:05:34.254702 139918092940096 basic_session_run_hooks.py:606] Saving checkpoints for 76823 into Data/cylinder_flow/mgtn/checkpoint/model.ckpt.
INFO:tensorflow:global_step/sec: 0.984706
I0613 16:06:53.900112 139918092940096 basic_session_run_hooks.py:692] global_step/sec: 0.984706
INFO:tensorflow:global_step/sec: 1.00119
I0613 16:08:33.781339 139918092940096 basic_session_run_hooks.py:692] global_step/sec: 1.00119
I0613 16:08:33.782372 139918092940096 run_model.py:87] Step 77000: Loss 0.0381771
INFO:tensorflow:global_step/sec: 1.00225
I0613 16:10:13.556712 139918092940096 basic_session_run_hooks.py:692] global_step/sec: 1.00225
INFO:tensorflow:global_step/sec: 1.00216
I0613 16:11:53.341542 139918092940096 basic_session_run_hooks.py:692] global_step/sec: 1.00216
INFO:tensorflow:global_step/sec: 1.00787
I0613 16:13:32.560234 139918092940096 basic_session_run_hooks.py:692] global_step/sec: 1.00787
INFO:tensorflow:global_step/sec: 1.00075
I0613 16:15:12.484839 139918092940096 basic_session_run_hooks.py:692] global_step/sec: 1.00075
INFO:tensorflow:Saving checkpoints for 77423 into Data/cylinder_flow/mgtn/checkpoint/model.ckpt.
I0613 16:15:35.023485 139918092940096 basic_session_run_hooks.py:606] Saving checkpoints for 77423 into Data/cylinder_flow/mgtn/checkpoint/model.ckpt.
INFO:tensorflow:global_step/sec: 0.972983
I0613 16:16:55.261596 139918092940096 basic_session_run_hooks.py:692] global_step/sec: 0.972983
INFO:tensorflow:global_step/sec: 0.974381
I0613 16:18:37.890825 139918092940096 basic_session_run_hooks.py:692] global_step/sec: 0.974381
INFO:tensorflow:global_step/sec: 0.973576
I0613 16:20:20.604971 139918092940096 basic_session_run_hooks.py:692] global_step/sec: 0.973576
INFO:tensorflow:global_step/sec: 0.969311
I0613 16:22:03.771041 139918092940096 basic_session_run_hooks.py:692] global_step/sec: 0.969311
INFO:tensorflow:global_step/sec: 0.979527
I0613 16:23:45.861100 139918092940096 basic_session_run_hooks.py:692] global_step/sec: 0.979527
INFO:tensorflow:global_step/sec: 0.986397
I0613 16:25:27.240149 139918092940096 basic_session_run_hooks.py:692] global_step/sec: 0.986397
I0613 16:25:27.241315 139918092940096 run_model.py:87] Step 78000: Loss 0.120834
INFO:tensorflow:Saving checkpoints for 78009 into Data/cylinder_flow/mgtn/checkpoint/model.ckpt.
I0613 16:25:35.198164 139918092940096 basic_session_run_hooks.py:606] Saving checkpoints for 78009 into Data/cylinder_flow/mgtn/checkpoint/model.ckpt.
INFO:tensorflow:global_step/sec: 0.956724
I0613 16:27:11.763449 139918092940096 basic_session_run_hooks.py:692] global_step/sec: 0.956724
INFO:tensorflow:global_step/sec: 0.974311
I0613 16:28:54.400053 139918092940096 basic_session_run_hooks.py:692] global_step/sec: 0.974311
INFO:tensorflow:global_step/sec: 0.970208
I0613 16:30:37.470801 139918092940096 basic_session_run_hooks.py:692] global_step/sec: 0.970208
INFO:tensorflow:global_step/sec: 0.968871
I0613 16:32:20.683704 139918092940096 basic_session_run_hooks.py:692] global_step/sec: 0.968871
INFO:tensorflow:global_step/sec: 0.964468
I0613 16:34:04.367751 139918092940096 basic_session_run_hooks.py:692] global_step/sec: 0.964468
INFO:tensorflow:Saving checkpoints for 78590 into Data/cylinder_flow/mgtn/checkpoint/model.ckpt.
I0613 16:35:36.230487 139918092940096 basic_session_run_hooks.py:606] Saving checkpoints for 78590 into Data/cylinder_flow/mgtn/checkpoint/model.ckpt.
INFO:tensorflow:global_step/sec: 0.958027
I0613 16:35:48.748979 139918092940096 basic_session_run_hooks.py:692] global_step/sec: 0.958027
INFO:tensorflow:global_step/sec: 0.980279
I0613 16:37:30.760712 139918092940096 basic_session_run_hooks.py:692] global_step/sec: 0.980279
INFO:tensorflow:global_step/sec: 0.98571
I0613 16:39:12.210451 139918092940096 basic_session_run_hooks.py:692] global_step/sec: 0.98571
INFO:tensorflow:global_step/sec: 0.999887
I0613 16:40:52.221773 139918092940096 basic_session_run_hooks.py:692] global_step/sec: 0.999887
INFO:tensorflow:global_step/sec: 0.984985
I0613 16:42:33.746184 139918092940096 basic_session_run_hooks.py:692] global_step/sec: 0.984985
I0613 16:42:33.747824 139918092940096 run_model.py:87] Step 79000: Loss 0.122074
INFO:tensorflow:global_step/sec: 1.00096
I0613 16:44:13.650019 139918092940096 basic_session_run_hooks.py:692] global_step/sec: 1.00096
INFO:tensorflow:Saving checkpoints for 79184 into Data/cylinder_flow/mgtn/checkpoint/model.ckpt.
I0613 16:45:36.924080 139918092940096 basic_session_run_hooks.py:606] Saving checkpoints for 79184 into Data/cylinder_flow/mgtn/checkpoint/model.ckpt.
INFO:tensorflow:global_step/sec: 0.981388
I0613 16:45:55.546456 139918092940096 basic_session_run_hooks.py:692] global_step/sec: 0.981388
INFO:tensorflow:global_step/sec: 0.999206
I0613 16:47:35.625942 139918092940096 basic_session_run_hooks.py:692] global_step/sec: 0.999206
INFO:tensorflow:global_step/sec: 0.989912
I0613 16:49:16.644958 139918092940096 basic_session_run_hooks.py:692] global_step/sec: 0.989912
INFO:tensorflow:global_step/sec: 0.97757
I0613 16:50:58.939447 139918092940096 basic_session_run_hooks.py:692] global_step/sec: 0.97757
INFO:tensorflow:global_step/sec: 0.994596
I0613 16:52:39.482797 139918092940096 basic_session_run_hooks.py:692] global_step/sec: 0.994596
INFO:tensorflow:global_step/sec: 0.979241
I0613 16:54:21.602694 139918092940096 basic_session_run_hooks.py:692] global_step/sec: 0.979241
INFO:tensorflow:Saving checkpoints for 79775 into Data/cylinder_flow/mgtn/checkpoint/model.ckpt.
I0613 16:55:37.518859 139918092940096 basic_session_run_hooks.py:606] Saving checkpoints for 79775 into Data/cylinder_flow/mgtn/checkpoint/model.ckpt.
INFO:tensorflow:global_step/sec: 0.957936
I0613 16:56:05.993851 139918092940096 basic_session_run_hooks.py:692] global_step/sec: 0.957936
INFO:tensorflow:global_step/sec: 0.954949
I0613 16:57:50.711450 139918092940096 basic_session_run_hooks.py:692] global_step/sec: 0.954949
INFO:tensorflow:global_step/sec: 0.953572
I0613 16:59:35.580295 139918092940096 basic_session_run_hooks.py:692] global_step/sec: 0.953572
I0613 16:59:35.581139 139918092940096 run_model.py:87] Step 80000: Loss 0.206666
INFO:tensorflow:global_step/sec: 0.944024
I0613 17:01:21.509776 139918092940096 basic_session_run_hooks.py:692] global_step/sec: 0.944024
INFO:tensorflow:global_step/sec: 0.949186
I0613 17:03:06.863208 139918092940096 basic_session_run_hooks.py:692] global_step/sec: 0.949186
INFO:tensorflow:global_step/sec: 0.962355
I0613 17:04:50.774981 139918092940096 basic_session_run_hooks.py:692] global_step/sec: 0.962355
INFO:tensorflow:Saving checkpoints for 80346 into Data/cylinder_flow/mgtn/checkpoint/model.ckpt.
I0613 17:05:38.120638 139918092940096 basic_session_run_hooks.py:606] Saving checkpoints for 80346 into Data/cylinder_flow/mgtn/checkpoint/model.ckpt.
INFO:tensorflow:global_step/sec: 0.953861
I0613 17:06:35.612061 139918092940096 basic_session_run_hooks.py:692] global_step/sec: 0.953861
INFO:tensorflow:global_step/sec: 0.982964
I0613 17:08:17.345199 139918092940096 basic_session_run_hooks.py:692] global_step/sec: 0.982964
INFO:tensorflow:global_step/sec: 0.97305
I0613 17:10:00.114816 139918092940096 basic_session_run_hooks.py:692] global_step/sec: 0.97305
INFO:tensorflow:global_step/sec: 0.968582
I0613 17:11:43.358499 139918092940096 basic_session_run_hooks.py:692] global_step/sec: 0.968582
INFO:tensorflow:global_step/sec: 0.968183
I0613 17:13:26.644784 139918092940096 basic_session_run_hooks.py:692] global_step/sec: 0.968183
INFO:tensorflow:global_step/sec: 0.98237
I0613 17:15:08.439407 139918092940096 basic_session_run_hooks.py:692] global_step/sec: 0.98237
INFO:tensorflow:Saving checkpoints for 80930 into Data/cylinder_flow/mgtn/checkpoint/model.ckpt.
I0613 17:15:38.287128 139918092940096 basic_session_run_hooks.py:606] Saving checkpoints for 80930 into Data/cylinder_flow/mgtn/checkpoint/model.ckpt.
INFO:tensorflow:global_step/sec: 0.967052
I0613 17:16:51.846489 139918092940096 basic_session_run_hooks.py:692] global_step/sec: 0.967052
I0613 17:16:51.847400 139918092940096 run_model.py:87] Step 81000: Loss 0.0953288
INFO:tensorflow:global_step/sec: 0.969937
I0613 17:18:34.945860 139918092940096 basic_session_run_hooks.py:692] global_step/sec: 0.969937
INFO:tensorflow:global_step/sec: 0.967394
I0613 17:20:18.316361 139918092940096 basic_session_run_hooks.py:692] global_step/sec: 0.967394
INFO:tensorflow:global_step/sec: 0.954755
I0613 17:22:03.055301 139918092940096 basic_session_run_hooks.py:692] global_step/sec: 0.954755
INFO:tensorflow:global_step/sec: 0.979862
I0613 17:23:45.110403 139918092940096 basic_session_run_hooks.py:692] global_step/sec: 0.979862
INFO:tensorflow:global_step/sec: 0.975491
I0613 17:25:27.622860 139918092940096 basic_session_run_hooks.py:692] global_step/sec: 0.975491
INFO:tensorflow:Saving checkpoints for 81512 into Data/cylinder_flow/mgtn/checkpoint/model.ckpt.
I0613 17:25:38.868340 139918092940096 basic_session_run_hooks.py:606] Saving checkpoints for 81512 into Data/cylinder_flow/mgtn/checkpoint/model.ckpt.
INFO:tensorflow:global_step/sec: 0.955106
I0613 17:27:12.323292 139918092940096 basic_session_run_hooks.py:692] global_step/sec: 0.955106
INFO:tensorflow:global_step/sec: 0.944318
I0613 17:28:58.219864 139918092940096 basic_session_run_hooks.py:692] global_step/sec: 0.944318
INFO:tensorflow:global_step/sec: 0.967309
I0613 17:30:41.599438 139918092940096 basic_session_run_hooks.py:692] global_step/sec: 0.967309
INFO:tensorflow:global_step/sec: 0.953689
I0613 17:32:26.455360 139918092940096 basic_session_run_hooks.py:692] global_step/sec: 0.953689
INFO:tensorflow:global_step/sec: 0.958969
I0613 17:34:10.734007 139918092940096 basic_session_run_hooks.py:692] global_step/sec: 0.958969
I0613 17:34:10.734816 139918092940096 run_model.py:87] Step 82000: Loss 0.118589
INFO:tensorflow:Saving checkpoints for 82085 into Data/cylinder_flow/mgtn/checkpoint/model.ckpt.
I0613 17:35:39.265985 139918092940096 basic_session_run_hooks.py:606] Saving checkpoints for 82085 into Data/cylinder_flow/mgtn/checkpoint/model.ckpt.
INFO:tensorflow:global_step/sec: 0.933468
I0613 17:35:57.861407 139918092940096 basic_session_run_hooks.py:692] global_step/sec: 0.933468
INFO:tensorflow:global_step/sec: 0.966102
I0613 17:37:41.370083 139918092940096 basic_session_run_hooks.py:692] global_step/sec: 0.966102
INFO:tensorflow:global_step/sec: 0.974676
I0613 17:39:23.968289 139918092940096 basic_session_run_hooks.py:692] global_step/sec: 0.974676
INFO:tensorflow:global_step/sec: 0.959014
I0613 17:41:08.242063 139918092940096 basic_session_run_hooks.py:692] global_step/sec: 0.959014
INFO:tensorflow:global_step/sec: 0.972124
I0613 17:42:51.109495 139918092940096 basic_session_run_hooks.py:692] global_step/sec: 0.972124
INFO:tensorflow:global_step/sec: 0.959578
I0613 17:44:35.322048 139918092940096 basic_session_run_hooks.py:692] global_step/sec: 0.959578
INFO:tensorflow:Saving checkpoints for 82662 into Data/cylinder_flow/mgtn/checkpoint/model.ckpt.
I0613 17:45:39.943651 139918092940096 basic_session_run_hooks.py:606] Saving checkpoints for 82662 into Data/cylinder_flow/mgtn/checkpoint/model.ckpt.
INFO:tensorflow:global_step/sec: 0.927355
I0613 17:46:23.155646 139918092940096 basic_session_run_hooks.py:692] global_step/sec: 0.927355
INFO:tensorflow:global_step/sec: 0.983855
I0613 17:48:04.796514 139918092940096 basic_session_run_hooks.py:692] global_step/sec: 0.983855
INFO:tensorflow:global_step/sec: 0.950689
I0613 17:49:49.983383 139918092940096 basic_session_run_hooks.py:692] global_step/sec: 0.950689
INFO:tensorflow:global_step/sec: 0.947895
I0613 17:51:35.480229 139918092940096 basic_session_run_hooks.py:692] global_step/sec: 0.947895
I0613 17:51:35.481641 139918092940096 run_model.py:87] Step 83000: Loss 0.12362
INFO:tensorflow:global_step/sec: 0.967072
I0613 17:53:18.885239 139918092940096 basic_session_run_hooks.py:692] global_step/sec: 0.967072
INFO:tensorflow:global_step/sec: 0.973675
I0613 17:55:01.588826 139918092940096 basic_session_run_hooks.py:692] global_step/sec: 0.973675
INFO:tensorflow:Saving checkpoints for 83238 into Data/cylinder_flow/mgtn/checkpoint/model.ckpt.
I0613 17:55:40.427685 139918092940096 basic_session_run_hooks.py:606] Saving checkpoints for 83238 into Data/cylinder_flow/mgtn/checkpoint/model.ckpt.
INFO:tensorflow:global_step/sec: 0.957537
I0613 17:56:46.023576 139918092940096 basic_session_run_hooks.py:692] global_step/sec: 0.957537
INFO:tensorflow:global_step/sec: 0.96065
I0613 17:58:30.119697 139918092940096 basic_session_run_hooks.py:692] global_step/sec: 0.96065
INFO:tensorflow:global_step/sec: 0.95921
I0613 18:00:14.372126 139918092940096 basic_session_run_hooks.py:692] global_step/sec: 0.95921
INFO:tensorflow:global_step/sec: 0.962054
I0613 18:01:58.316380 139918092940096 basic_session_run_hooks.py:692] global_step/sec: 0.962054
INFO:tensorflow:global_step/sec: 0.962042
I0613 18:03:42.261884 139918092940096 basic_session_run_hooks.py:692] global_step/sec: 0.962042
INFO:tensorflow:global_step/sec: 0.950263
I0613 18:05:27.495909 139918092940096 basic_session_run_hooks.py:692] global_step/sec: 0.950263
INFO:tensorflow:Saving checkpoints for 83813 into Data/cylinder_flow/mgtn/checkpoint/model.ckpt.
I0613 18:05:40.588642 139918092940096 basic_session_run_hooks.py:606] Saving checkpoints for 83813 into Data/cylinder_flow/mgtn/checkpoint/model.ckpt.
INFO:tensorflow:global_step/sec: 0.953635
I0613 18:07:12.357899 139918092940096 basic_session_run_hooks.py:692] global_step/sec: 0.953635
INFO:tensorflow:global_step/sec: 0.971821
I0613 18:08:55.257432 139918092940096 basic_session_run_hooks.py:692] global_step/sec: 0.971821
I0613 18:08:55.258653 139918092940096 run_model.py:87] Step 84000: Loss 0.0466497
INFO:tensorflow:global_step/sec: 0.960939
I0613 18:10:39.322282 139918092940096 basic_session_run_hooks.py:692] global_step/sec: 0.960939
INFO:tensorflow:global_step/sec: 0.971087
I0613 18:12:22.299655 139918092940096 basic_session_run_hooks.py:692] global_step/sec: 0.971087
INFO:tensorflow:global_step/sec: 0.963471
I0613 18:14:06.091020 139918092940096 basic_session_run_hooks.py:692] global_step/sec: 0.963471
INFO:tensorflow:Saving checkpoints for 84391 into Data/cylinder_flow/mgtn/checkpoint/model.ckpt.
I0613 18:15:40.811425 139918092940096 basic_session_run_hooks.py:606] Saving checkpoints for 84391 into Data/cylinder_flow/mgtn/checkpoint/model.ckpt.
INFO:tensorflow:global_step/sec: 0.939165
I0613 18:15:52.568533 139918092940096 basic_session_run_hooks.py:692] global_step/sec: 0.939165
INFO:tensorflow:global_step/sec: 0.959515
I0613 18:17:36.787921 139918092940096 basic_session_run_hooks.py:692] global_step/sec: 0.959515
INFO:tensorflow:global_step/sec: 0.973947
I0613 18:19:19.462950 139918092940096 basic_session_run_hooks.py:692] global_step/sec: 0.973947
INFO:tensorflow:global_step/sec: 0.969265
I0613 18:21:02.633853 139918092940096 basic_session_run_hooks.py:692] global_step/sec: 0.969265
INFO:tensorflow:global_step/sec: 0.961392
I0613 18:22:46.649704 139918092940096 basic_session_run_hooks.py:692] global_step/sec: 0.961392
INFO:tensorflow:global_step/sec: 0.968855
I0613 18:24:29.864288 139918092940096 basic_session_run_hooks.py:692] global_step/sec: 0.968855
INFO:tensorflow:Saving checkpoints for 84970 into Data/cylinder_flow/mgtn/checkpoint/model.ckpt.
I0613 18:25:40.941194 139918092940096 basic_session_run_hooks.py:606] Saving checkpoints for 84970 into Data/cylinder_flow/mgtn/checkpoint/model.ckpt.
INFO:tensorflow:global_step/sec: 0.95795
I0613 18:26:14.253906 139918092940096 basic_session_run_hooks.py:692] global_step/sec: 0.95795
I0613 18:26:14.254542 139918092940096 run_model.py:87] Step 85000: Loss 0.0936467
INFO:tensorflow:global_step/sec: 0.967309
I0613 18:27:57.633478 139918092940096 basic_session_run_hooks.py:692] global_step/sec: 0.967309
INFO:tensorflow:global_step/sec: 0.975686
I0613 18:29:40.125506 139918092940096 basic_session_run_hooks.py:692] global_step/sec: 0.975686
INFO:tensorflow:global_step/sec: 0.973686
I0613 18:31:22.828038 139918092940096 basic_session_run_hooks.py:692] global_step/sec: 0.973686
INFO:tensorflow:global_step/sec: 0.979224
I0613 18:33:04.949743 139918092940096 basic_session_run_hooks.py:692] global_step/sec: 0.979224
INFO:tensorflow:global_step/sec: 0.969036
I0613 18:34:48.145166 139918092940096 basic_session_run_hooks.py:692] global_step/sec: 0.969036
INFO:tensorflow:Saving checkpoints for 85553 into Data/cylinder_flow/mgtn/checkpoint/model.ckpt.
I0613 18:35:41.550189 139918092940096 basic_session_run_hooks.py:606] Saving checkpoints for 85553 into Data/cylinder_flow/mgtn/checkpoint/model.ckpt.
INFO:tensorflow:global_step/sec: 0.956346
I0613 18:36:32.709880 139918092940096 basic_session_run_hooks.py:692] global_step/sec: 0.956346
INFO:tensorflow:global_step/sec: 0.959602
I0613 18:38:16.919708 139918092940096 basic_session_run_hooks.py:692] global_step/sec: 0.959602
INFO:tensorflow:global_step/sec: 0.975913
I0613 18:39:59.387912 139918092940096 basic_session_run_hooks.py:692] global_step/sec: 0.975913
INFO:tensorflow:global_step/sec: 0.965053
I0613 18:41:43.009265 139918092940096 basic_session_run_hooks.py:692] global_step/sec: 0.965053
INFO:tensorflow:global_step/sec: 0.986926
I0613 18:43:24.333888 139918092940096 basic_session_run_hooks.py:692] global_step/sec: 0.986926
I0613 18:43:24.334653 139918092940096 run_model.py:87] Step 86000: Loss 0.0661896
INFO:tensorflow:global_step/sec: 0.986199
I0613 18:45:05.733273 139918092940096 basic_session_run_hooks.py:692] global_step/sec: 0.986199
INFO:tensorflow:Saving checkpoints for 86137 into Data/cylinder_flow/mgtn/checkpoint/model.ckpt.
I0613 18:45:41.955261 139918092940096 basic_session_run_hooks.py:606] Saving checkpoints for 86137 into Data/cylinder_flow/mgtn/checkpoint/model.ckpt.
INFO:tensorflow:global_step/sec: 0.979359
I0613 18:46:47.840991 139918092940096 basic_session_run_hooks.py:692] global_step/sec: 0.979359
INFO:tensorflow:global_step/sec: 0.988302
I0613 18:48:29.024579 139918092940096 basic_session_run_hooks.py:692] global_step/sec: 0.988302
INFO:tensorflow:global_step/sec: 0.983591
I0613 18:50:10.692914 139918092940096 basic_session_run_hooks.py:692] global_step/sec: 0.983591
INFO:tensorflow:global_step/sec: 0.988468
I0613 18:51:51.859608 139918092940096 basic_session_run_hooks.py:692] global_step/sec: 0.988468
INFO:tensorflow:global_step/sec: 0.998596
I0613 18:53:32.000132 139918092940096 basic_session_run_hooks.py:692] global_step/sec: 0.998596
INFO:tensorflow:global_step/sec: 0.986758
I0613 18:55:13.342141 139918092940096 basic_session_run_hooks.py:692] global_step/sec: 0.986758
INFO:tensorflow:Saving checkpoints for 86730 into Data/cylinder_flow/mgtn/checkpoint/model.ckpt.
I0613 18:55:42.326161 139918092940096 basic_session_run_hooks.py:606] Saving checkpoints for 86730 into Data/cylinder_flow/mgtn/checkpoint/model.ckpt.
INFO:tensorflow:global_step/sec: 0.970841
I0613 18:56:56.345682 139918092940096 basic_session_run_hooks.py:692] global_step/sec: 0.970841
INFO:tensorflow:global_step/sec: 0.975926
I0613 18:58:38.812449 139918092940096 basic_session_run_hooks.py:692] global_step/sec: 0.975926
INFO:tensorflow:global_step/sec: 0.965352
I0613 19:00:22.401614 139918092940096 basic_session_run_hooks.py:692] global_step/sec: 0.965352
I0613 19:00:22.402314 139918092940096 run_model.py:87] Step 87000: Loss 0.101562
INFO:tensorflow:global_step/sec: 0.975129
I0613 19:02:04.952194 139918092940096 basic_session_run_hooks.py:692] global_step/sec: 0.975129
INFO:tensorflow:global_step/sec: 0.973875
I0613 19:03:47.634707 139918092940096 basic_session_run_hooks.py:692] global_step/sec: 0.973875
INFO:tensorflow:global_step/sec: 0.969876
I0613 19:05:30.740726 139918092940096 basic_session_run_hooks.py:692] global_step/sec: 0.969876
INFO:tensorflow:Saving checkpoints for 87313 into Data/cylinder_flow/mgtn/checkpoint/model.ckpt.
I0613 19:05:42.882620 139918092940096 basic_session_run_hooks.py:606] Saving checkpoints for 87313 into Data/cylinder_flow/mgtn/checkpoint/model.ckpt.
INFO:tensorflow:global_step/sec: 0.949096
I0613 19:07:16.104224 139918092940096 basic_session_run_hooks.py:692] global_step/sec: 0.949096
INFO:tensorflow:global_step/sec: 0.966274
I0613 19:08:59.594489 139918092940096 basic_session_run_hooks.py:692] global_step/sec: 0.966274
INFO:tensorflow:global_step/sec: 0.960086
I0613 19:10:43.751878 139918092940096 basic_session_run_hooks.py:692] global_step/sec: 0.960086
INFO:tensorflow:global_step/sec: 0.97026
I0613 19:12:26.817089 139918092940096 basic_session_run_hooks.py:692] global_step/sec: 0.97026
INFO:tensorflow:global_step/sec: 0.974222
I0613 19:14:09.463002 139918092940096 basic_session_run_hooks.py:692] global_step/sec: 0.974222
INFO:tensorflow:Saving checkpoints for 87891 into Data/cylinder_flow/mgtn/checkpoint/model.ckpt.
I0613 19:15:43.127803 139918092940096 basic_session_run_hooks.py:606] Saving checkpoints for 87891 into Data/cylinder_flow/mgtn/checkpoint/model.ckpt.
INFO:tensorflow:global_step/sec: 0.946401
I0613 19:15:55.126448 139918092940096 basic_session_run_hooks.py:692] global_step/sec: 0.946401
INFO:tensorflow:global_step/sec: 0.961167
I0613 19:17:39.166665 139918092940096 basic_session_run_hooks.py:692] global_step/sec: 0.961167
I0613 19:17:39.167302 139918092940096 run_model.py:87] Step 88000: Loss 0.0734633
INFO:tensorflow:global_step/sec: 0.967978
I0613 19:19:22.474862 139918092940096 basic_session_run_hooks.py:692] global_step/sec: 0.967978
INFO:tensorflow:global_step/sec: 0.968797
I0613 19:21:05.695713 139918092940096 basic_session_run_hooks.py:692] global_step/sec: 0.968797
INFO:tensorflow:global_step/sec: 0.963311
I0613 19:22:49.504265 139918092940096 basic_session_run_hooks.py:692] global_step/sec: 0.963311
INFO:tensorflow:global_step/sec: 0.97159
I0613 19:24:32.428371 139918092940096 basic_session_run_hooks.py:692] global_step/sec: 0.97159
INFO:tensorflow:Saving checkpoints for 88469 into Data/cylinder_flow/mgtn/checkpoint/model.ckpt.
I0613 19:25:43.773886 139918092940096 basic_session_run_hooks.py:606] Saving checkpoints for 88469 into Data/cylinder_flow/mgtn/checkpoint/model.ckpt.
INFO:tensorflow:global_step/sec: 0.945469
I0613 19:26:18.195958 139918092940096 basic_session_run_hooks.py:692] global_step/sec: 0.945469
INFO:tensorflow:global_step/sec: 0.95779
I0613 19:28:02.603039 139918092940096 basic_session_run_hooks.py:692] global_step/sec: 0.95779
INFO:tensorflow:global_step/sec: 0.9579
I0613 19:29:46.998004 139918092940096 basic_session_run_hooks.py:692] global_step/sec: 0.9579
INFO:tensorflow:global_step/sec: 0.963556
I0613 19:31:30.780261 139918092940096 basic_session_run_hooks.py:692] global_step/sec: 0.963556
INFO:tensorflow:global_step/sec: 0.960025
I0613 19:33:14.944261 139918092940096 basic_session_run_hooks.py:692] global_step/sec: 0.960025
INFO:tensorflow:global_step/sec: 0.963708
I0613 19:34:58.710085 139918092940096 basic_session_run_hooks.py:692] global_step/sec: 0.963708
I0613 19:34:58.711264 139918092940096 run_model.py:87] Step 89000: Loss 0.113509
INFO:tensorflow:Saving checkpoints for 89045 into Data/cylinder_flow/mgtn/checkpoint/model.ckpt.
I0613 19:35:44.698457 139918092940096 basic_session_run_hooks.py:606] Saving checkpoints for 89045 into Data/cylinder_flow/mgtn/checkpoint/model.ckpt.
INFO:tensorflow:global_step/sec: 0.941276
I0613 19:36:44.948853 139918092940096 basic_session_run_hooks.py:692] global_step/sec: 0.941276
INFO:tensorflow:global_step/sec: 0.949074
I0613 19:38:30.314772 139918092940096 basic_session_run_hooks.py:692] global_step/sec: 0.949074
INFO:tensorflow:global_step/sec: 0.952248
I0613 19:40:15.329496 139918092940096 basic_session_run_hooks.py:692] global_step/sec: 0.952248
INFO:tensorflow:global_step/sec: 0.963156
I0613 19:41:59.154765 139918092940096 basic_session_run_hooks.py:692] global_step/sec: 0.963156
INFO:tensorflow:global_step/sec: 0.951481
I0613 19:43:44.254090 139918092940096 basic_session_run_hooks.py:692] global_step/sec: 0.951481
INFO:tensorflow:global_step/sec: 0.943391
I0613 19:45:30.254618 139918092940096 basic_session_run_hooks.py:692] global_step/sec: 0.943391
INFO:tensorflow:Saving checkpoints for 89615 into Data/cylinder_flow/mgtn/checkpoint/model.ckpt.
I0613 19:45:44.900591 139918092940096 basic_session_run_hooks.py:606] Saving checkpoints for 89615 into Data/cylinder_flow/mgtn/checkpoint/model.ckpt.
INFO:tensorflow:global_step/sec: 0.935374
I0613 19:47:17.163761 139918092940096 basic_session_run_hooks.py:692] global_step/sec: 0.935374
INFO:tensorflow:global_step/sec: 0.955765
I0613 19:49:01.791958 139918092940096 basic_session_run_hooks.py:692] global_step/sec: 0.955765
INFO:tensorflow:global_step/sec: 0.956764
I0613 19:50:46.310910 139918092940096 basic_session_run_hooks.py:692] global_step/sec: 0.956764
INFO:tensorflow:global_step/sec: 0.945775
I0613 19:52:32.044250 139918092940096 basic_session_run_hooks.py:692] global_step/sec: 0.945775
I0613 19:52:32.046337 139918092940096 run_model.py:87] Step 90000: Loss 0.149215
INFO:tensorflow:global_step/sec: 0.964302
I0613 19:54:15.746200 139918092940096 basic_session_run_hooks.py:692] global_step/sec: 0.964302
INFO:tensorflow:Saving checkpoints for 90185 into Data/cylinder_flow/mgtn/checkpoint/model.ckpt.
I0613 19:55:44.985477 139918092940096 basic_session_run_hooks.py:606] Saving checkpoints for 90185 into Data/cylinder_flow/mgtn/checkpoint/model.ckpt.
INFO:tensorflow:global_step/sec: 0.932357
I0613 19:56:03.001285 139918092940096 basic_session_run_hooks.py:692] global_step/sec: 0.932357
INFO:tensorflow:global_step/sec: 0.955808
I0613 19:57:47.624761 139918092940096 basic_session_run_hooks.py:692] global_step/sec: 0.955808
INFO:tensorflow:global_step/sec: 0.946565
I0613 19:59:33.269964 139918092940096 basic_session_run_hooks.py:692] global_step/sec: 0.946565
INFO:tensorflow:global_step/sec: 0.948794
I0613 20:01:18.667000 139918092940096 basic_session_run_hooks.py:692] global_step/sec: 0.948794
INFO:tensorflow:global_step/sec: 0.948632
I0613 20:03:04.081908 139918092940096 basic_session_run_hooks.py:692] global_step/sec: 0.948632
INFO:tensorflow:global_step/sec: 0.951361
I0613 20:04:49.194454 139918092940096 basic_session_run_hooks.py:692] global_step/sec: 0.951361
INFO:tensorflow:Saving checkpoints for 90754 into Data/cylinder_flow/mgtn/checkpoint/model.ckpt.
I0613 20:05:45.974481 139918092940096 basic_session_run_hooks.py:606] Saving checkpoints for 90754 into Data/cylinder_flow/mgtn/checkpoint/model.ckpt.
INFO:tensorflow:global_step/sec: 0.934455
I0613 20:06:36.208715 139918092940096 basic_session_run_hooks.py:692] global_step/sec: 0.934455
INFO:tensorflow:global_step/sec: 0.960515
I0613 20:08:20.319508 139918092940096 basic_session_run_hooks.py:692] global_step/sec: 0.960515
INFO:tensorflow:global_step/sec: 0.962
I0613 20:10:04.269642 139918092940096 basic_session_run_hooks.py:692] global_step/sec: 0.962
I0613 20:10:04.270496 139918092940096 run_model.py:87] Step 91000: Loss 0.119967
INFO:tensorflow:global_step/sec: 0.941675
I0613 20:11:50.463320 139918092940096 basic_session_run_hooks.py:692] global_step/sec: 0.941675
INFO:tensorflow:global_step/sec: 0.945351
I0613 20:13:36.244177 139918092940096 basic_session_run_hooks.py:692] global_step/sec: 0.945351
INFO:tensorflow:global_step/sec: 0.940467
I0613 20:15:22.574361 139918092940096 basic_session_run_hooks.py:692] global_step/sec: 0.940467
INFO:tensorflow:Saving checkpoints for 91324 into Data/cylinder_flow/mgtn/checkpoint/model.ckpt.
I0613 20:15:46.913321 139918092940096 basic_session_run_hooks.py:606] Saving checkpoints for 91324 into Data/cylinder_flow/mgtn/checkpoint/model.ckpt.
INFO:tensorflow:global_step/sec: 0.930615
I0613 20:17:10.030223 139918092940096 basic_session_run_hooks.py:692] global_step/sec: 0.930615
INFO:tensorflow:global_step/sec: 0.952902
I0613 20:18:54.972761 139918092940096 basic_session_run_hooks.py:692] global_step/sec: 0.952902
INFO:tensorflow:global_step/sec: 0.951542
I0613 20:20:40.065343 139918092940096 basic_session_run_hooks.py:692] global_step/sec: 0.951542
INFO:tensorflow:global_step/sec: 0.952595
I0613 20:22:25.041682 139918092940096 basic_session_run_hooks.py:692] global_step/sec: 0.952595
INFO:tensorflow:global_step/sec: 0.970033
I0613 20:24:08.130908 139918092940096 basic_session_run_hooks.py:692] global_step/sec: 0.970033
INFO:tensorflow:Saving checkpoints for 91895 into Data/cylinder_flow/mgtn/checkpoint/model.ckpt.
I0613 20:25:47.148146 139918092940096 basic_session_run_hooks.py:606] Saving checkpoints for 91895 into Data/cylinder_flow/mgtn/checkpoint/model.ckpt.
INFO:tensorflow:global_step/sec: 0.937727
I0613 20:25:54.771835 139918092940096 basic_session_run_hooks.py:692] global_step/sec: 0.937727
INFO:tensorflow:global_step/sec: 0.965475
I0613 20:27:38.347720 139918092940096 basic_session_run_hooks.py:692] global_step/sec: 0.965475
I0613 20:27:38.348520 139918092940096 run_model.py:87] Step 92000: Loss 0.0604614
INFO:tensorflow:global_step/sec: 0.981848
I0613 20:29:20.196496 139918092940096 basic_session_run_hooks.py:692] global_step/sec: 0.981848
INFO:tensorflow:global_step/sec: 0.96787
I0613 20:31:03.516178 139918092940096 basic_session_run_hooks.py:692] global_step/sec: 0.96787
INFO:tensorflow:global_step/sec: 0.981701
I0613 20:32:45.380267 139918092940096 basic_session_run_hooks.py:692] global_step/sec: 0.981701
INFO:tensorflow:global_step/sec: 0.982634
I0613 20:34:27.147496 139918092940096 basic_session_run_hooks.py:692] global_step/sec: 0.982634
INFO:tensorflow:Saving checkpoints for 92479 into Data/cylinder_flow/mgtn/checkpoint/model.ckpt.
I0613 20:35:47.257485 139918092940096 basic_session_run_hooks.py:606] Saving checkpoints for 92479 into Data/cylinder_flow/mgtn/checkpoint/model.ckpt.
INFO:tensorflow:global_step/sec: 0.953365
I0613 20:36:12.039232 139918092940096 basic_session_run_hooks.py:692] global_step/sec: 0.953365
INFO:tensorflow:global_step/sec: 0.951822
I0613 20:37:57.100831 139918092940096 basic_session_run_hooks.py:692] global_step/sec: 0.951822
INFO:tensorflow:global_step/sec: 0.962489
I0613 20:39:40.998116 139918092940096 basic_session_run_hooks.py:692] global_step/sec: 0.962489
INFO:tensorflow:global_step/sec: 0.973039
I0613 20:41:23.768942 139918092940096 basic_session_run_hooks.py:692] global_step/sec: 0.973039
INFO:tensorflow:global_step/sec: 0.963837
I0613 20:43:07.520927 139918092940096 basic_session_run_hooks.py:692] global_step/sec: 0.963837
INFO:tensorflow:global_step/sec: 0.961986
I0613 20:44:51.472504 139918092940096 basic_session_run_hooks.py:692] global_step/sec: 0.961986
I0613 20:44:51.473609 139918092940096 run_model.py:87] Step 93000: Loss 0.0937414
INFO:tensorflow:Saving checkpoints for 93055 into Data/cylinder_flow/mgtn/checkpoint/model.ckpt.
I0613 20:45:47.740886 139918092940096 basic_session_run_hooks.py:606] Saving checkpoints for 93055 into Data/cylinder_flow/mgtn/checkpoint/model.ckpt.
INFO:tensorflow:global_step/sec: 0.946065
I0613 20:46:37.173478 139918092940096 basic_session_run_hooks.py:692] global_step/sec: 0.946065
INFO:tensorflow:global_step/sec: 0.956935
I0613 20:48:21.673821 139918092940096 basic_session_run_hooks.py:692] global_step/sec: 0.956935
INFO:tensorflow:global_step/sec: 0.98266
I0613 20:50:03.438455 139918092940096 basic_session_run_hooks.py:692] global_step/sec: 0.98266
INFO:tensorflow:global_step/sec: 0.95112
I0613 20:51:48.577604 139918092940096 basic_session_run_hooks.py:692] global_step/sec: 0.95112
INFO:tensorflow:global_step/sec: 0.952218
I0613 20:53:33.595580 139918092940096 basic_session_run_hooks.py:692] global_step/sec: 0.952218
INFO:tensorflow:global_step/sec: 0.970774
I0613 20:55:16.606183 139918092940096 basic_session_run_hooks.py:692] global_step/sec: 0.970774
INFO:tensorflow:Saving checkpoints for 93632 into Data/cylinder_flow/mgtn/checkpoint/model.ckpt.
I0613 20:55:48.539193 139918092940096 basic_session_run_hooks.py:606] Saving checkpoints for 93632 into Data/cylinder_flow/mgtn/checkpoint/model.ckpt.
INFO:tensorflow:global_step/sec: 0.952135
I0613 20:57:01.633280 139918092940096 basic_session_run_hooks.py:692] global_step/sec: 0.952135
INFO:tensorflow:global_step/sec: 0.97313
I0613 20:58:44.394496 139918092940096 basic_session_run_hooks.py:692] global_step/sec: 0.97313
INFO:tensorflow:global_step/sec: 0.956133
I0613 21:00:28.982426 139918092940096 basic_session_run_hooks.py:692] global_step/sec: 0.956133
INFO:tensorflow:global_step/sec: 0.943354
I0613 21:02:14.987200 139918092940096 basic_session_run_hooks.py:692] global_step/sec: 0.943354
I0613 21:02:14.988287 139918092940096 run_model.py:87] Step 94000: Loss 0.0764228
INFO:tensorflow:global_step/sec: 0.955025
I0613 21:03:59.696552 139918092940096 basic_session_run_hooks.py:692] global_step/sec: 0.955025
INFO:tensorflow:global_step/sec: 0.944644
I0613 21:05:45.556492 139918092940096 basic_session_run_hooks.py:692] global_step/sec: 0.944644
INFO:tensorflow:Saving checkpoints for 94204 into Data/cylinder_flow/mgtn/checkpoint/model.ckpt.
I0613 21:05:48.715097 139918092940096 basic_session_run_hooks.py:606] Saving checkpoints for 94204 into Data/cylinder_flow/mgtn/checkpoint/model.ckpt.
INFO:tensorflow:global_step/sec: 0.951595
I0613 21:07:30.643228 139918092940096 basic_session_run_hooks.py:692] global_step/sec: 0.951595
INFO:tensorflow:global_step/sec: 0.958781
I0613 21:09:14.942261 139918092940096 basic_session_run_hooks.py:692] global_step/sec: 0.958781
INFO:tensorflow:global_step/sec: 0.957645
I0613 21:10:59.365166 139918092940096 basic_session_run_hooks.py:692] global_step/sec: 0.957645
INFO:tensorflow:global_step/sec: 0.94971
I0613 21:12:44.660481 139918092940096 basic_session_run_hooks.py:692] global_step/sec: 0.94971
INFO:tensorflow:global_step/sec: 0.953416
I0613 21:14:29.546499 139918092940096 basic_session_run_hooks.py:692] global_step/sec: 0.953416
INFO:tensorflow:Saving checkpoints for 94778 into Data/cylinder_flow/mgtn/checkpoint/model.ckpt.
I0613 21:15:48.876124 139918092940096 basic_session_run_hooks.py:606] Saving checkpoints for 94778 into Data/cylinder_flow/mgtn/checkpoint/model.ckpt.
INFO:tensorflow:global_step/sec: 0.950773
I0613 21:16:14.724092 139918092940096 basic_session_run_hooks.py:692] global_step/sec: 0.950773
INFO:tensorflow:global_step/sec: 0.947569
I0613 21:18:00.257262 139918092940096 basic_session_run_hooks.py:692] global_step/sec: 0.947569
INFO:tensorflow:global_step/sec: 0.953117
I0613 21:19:45.176192 139918092940096 basic_session_run_hooks.py:692] global_step/sec: 0.953117
I0613 21:19:45.176939 139918092940096 run_model.py:87] Step 95000: Loss 0.290715
INFO:tensorflow:global_step/sec: 0.941108
I0613 21:21:31.433907 139918092940096 basic_session_run_hooks.py:692] global_step/sec: 0.941108
INFO:tensorflow:global_step/sec: 0.961009
I0613 21:23:15.491266 139918092940096 basic_session_run_hooks.py:692] global_step/sec: 0.961009
INFO:tensorflow:global_step/sec: 0.951576
I0613 21:25:00.580129 139918092940096 basic_session_run_hooks.py:692] global_step/sec: 0.951576
INFO:tensorflow:Saving checkpoints for 95348 into Data/cylinder_flow/mgtn/checkpoint/model.ckpt.
I0613 21:25:49.537834 139918092940096 basic_session_run_hooks.py:606] Saving checkpoints for 95348 into Data/cylinder_flow/mgtn/checkpoint/model.ckpt.
INFO:tensorflow:global_step/sec: 0.937741
I0613 21:26:47.219350 139918092940096 basic_session_run_hooks.py:692] global_step/sec: 0.937741
INFO:tensorflow:global_step/sec: 0.954323
I0613 21:28:32.005690 139918092940096 basic_session_run_hooks.py:692] global_step/sec: 0.954323
INFO:tensorflow:global_step/sec: 0.931858
I0613 21:30:19.318109 139918092940096 basic_session_run_hooks.py:692] global_step/sec: 0.931858
INFO:tensorflow:global_step/sec: 0.942839
I0613 21:32:05.380765 139918092940096 basic_session_run_hooks.py:692] global_step/sec: 0.942839
INFO:tensorflow:global_step/sec: 0.948893
I0613 21:33:50.766692 139918092940096 basic_session_run_hooks.py:692] global_step/sec: 0.948893
INFO:tensorflow:global_step/sec: 0.94563
I0613 21:35:36.516247 139918092940096 basic_session_run_hooks.py:692] global_step/sec: 0.94563
INFO:tensorflow:Saving checkpoints for 95914 into Data/cylinder_flow/mgtn/checkpoint/model.ckpt.
I0613 21:35:50.186702 139918092940096 basic_session_run_hooks.py:606] Saving checkpoints for 95914 into Data/cylinder_flow/mgtn/checkpoint/model.ckpt.
INFO:tensorflow:global_step/sec: 0.927541
I0613 21:37:24.328181 139918092940096 basic_session_run_hooks.py:692] global_step/sec: 0.927541
I0613 21:37:24.328986 139918092940096 run_model.py:87] Step 96000: Loss 0.168235
INFO:tensorflow:global_step/sec: 0.947512
I0613 21:39:09.867771 139918092940096 basic_session_run_hooks.py:692] global_step/sec: 0.947512
INFO:tensorflow:global_step/sec: 0.949835
I0613 21:40:55.149212 139918092940096 basic_session_run_hooks.py:692] global_step/sec: 0.949835
INFO:tensorflow:global_step/sec: 0.952543
I0613 21:42:40.131433 139918092940096 basic_session_run_hooks.py:692] global_step/sec: 0.952543
INFO:tensorflow:global_step/sec: 0.941107
I0613 21:44:26.389259 139918092940096 basic_session_run_hooks.py:692] global_step/sec: 0.941107
INFO:tensorflow:Saving checkpoints for 96482 into Data/cylinder_flow/mgtn/checkpoint/model.ckpt.
I0613 21:45:50.788660 139918092940096 basic_session_run_hooks.py:606] Saving checkpoints for 96482 into Data/cylinder_flow/mgtn/checkpoint/model.ckpt.
INFO:tensorflow:global_step/sec: 0.941402
I0613 21:46:12.613887 139918092940096 basic_session_run_hooks.py:692] global_step/sec: 0.941402
INFO:tensorflow:global_step/sec: 0.955815
I0613 21:47:57.236563 139918092940096 basic_session_run_hooks.py:692] global_step/sec: 0.955815
INFO:tensorflow:global_step/sec: 0.958988
I0613 21:49:41.513133 139918092940096 basic_session_run_hooks.py:692] global_step/sec: 0.958988
INFO:tensorflow:global_step/sec: 0.95234
I0613 21:51:26.517587 139918092940096 basic_session_run_hooks.py:692] global_step/sec: 0.95234
INFO:tensorflow:global_step/sec: 0.931597
I0613 21:53:13.860151 139918092940096 basic_session_run_hooks.py:692] global_step/sec: 0.931597
INFO:tensorflow:global_step/sec: 0.94881
I0613 21:54:59.255344 139918092940096 basic_session_run_hooks.py:692] global_step/sec: 0.94881
I0613 21:54:59.256618 139918092940096 run_model.py:87] Step 97000: Loss 0.0691409
INFO:tensorflow:Saving checkpoints for 97050 into Data/cylinder_flow/mgtn/checkpoint/model.ckpt.
I0613 21:55:51.798617 139918092940096 basic_session_run_hooks.py:606] Saving checkpoints for 97050 into Data/cylinder_flow/mgtn/checkpoint/model.ckpt.
INFO:tensorflow:global_step/sec: 0.935636
I0613 21:56:46.134568 139918092940096 basic_session_run_hooks.py:692] global_step/sec: 0.935636
INFO:tensorflow:global_step/sec: 0.961929
I0613 21:58:30.092312 139918092940096 basic_session_run_hooks.py:692] global_step/sec: 0.961929
INFO:tensorflow:global_step/sec: 0.94595
I0613 22:00:15.806120 139918092940096 basic_session_run_hooks.py:692] global_step/sec: 0.94595
INFO:tensorflow:global_step/sec: 0.9574
I0613 22:02:00.255640 139918092940096 basic_session_run_hooks.py:692] global_step/sec: 0.9574
INFO:tensorflow:global_step/sec: 0.967407
I0613 22:03:43.624774 139918092940096 basic_session_run_hooks.py:692] global_step/sec: 0.967407
INFO:tensorflow:global_step/sec: 0.94278
I0613 22:05:29.694010 139918092940096 basic_session_run_hooks.py:692] global_step/sec: 0.94278
INFO:tensorflow:Saving checkpoints for 97622 into Data/cylinder_flow/mgtn/checkpoint/model.ckpt.
I0613 22:05:51.872552 139918092940096 basic_session_run_hooks.py:606] Saving checkpoints for 97622 into Data/cylinder_flow/mgtn/checkpoint/model.ckpt.
INFO:tensorflow:global_step/sec: 0.935165
I0613 22:07:16.626960 139918092940096 basic_session_run_hooks.py:692] global_step/sec: 0.935165
INFO:tensorflow:global_step/sec: 0.958265
I0613 22:09:00.982212 139918092940096 basic_session_run_hooks.py:692] global_step/sec: 0.958265
INFO:tensorflow:global_step/sec: 0.963624
I0613 22:10:44.757147 139918092940096 basic_session_run_hooks.py:692] global_step/sec: 0.963624
INFO:tensorflow:global_step/sec: 0.982166
I0613 22:12:26.572906 139918092940096 basic_session_run_hooks.py:692] global_step/sec: 0.982166
I0613 22:12:26.574028 139918092940096 run_model.py:87] Step 98000: Loss 0.0848544
INFO:tensorflow:global_step/sec: 0.96532
I0613 22:14:10.165543 139918092940096 basic_session_run_hooks.py:692] global_step/sec: 0.96532
INFO:tensorflow:Saving checkpoints for 98199 into Data/cylinder_flow/mgtn/checkpoint/model.ckpt.
I0613 22:15:52.332943 139918092940096 basic_session_run_hooks.py:606] Saving checkpoints for 98199 into Data/cylinder_flow/mgtn/checkpoint/model.ckpt.
INFO:tensorflow:global_step/sec: 0.943638
I0613 22:15:56.138332 139918092940096 basic_session_run_hooks.py:692] global_step/sec: 0.943638
INFO:tensorflow:global_step/sec: 0.951508
I0613 22:17:41.234649 139918092940096 basic_session_run_hooks.py:692] global_step/sec: 0.951508
INFO:tensorflow:global_step/sec: 0.977963
I0613 22:19:23.487918 139918092940096 basic_session_run_hooks.py:692] global_step/sec: 0.977963
INFO:tensorflow:global_step/sec: 0.989453
I0613 22:21:04.553881 139918092940096 basic_session_run_hooks.py:692] global_step/sec: 0.989453
INFO:tensorflow:global_step/sec: 0.979475
I0613 22:22:46.649483 139918092940096 basic_session_run_hooks.py:692] global_step/sec: 0.979475
INFO:tensorflow:global_step/sec: 0.993648
I0613 22:24:27.288683 139918092940096 basic_session_run_hooks.py:692] global_step/sec: 0.993648
INFO:tensorflow:Saving checkpoints for 98785 into Data/cylinder_flow/mgtn/checkpoint/model.ckpt.
I0613 22:25:52.722396 139918092940096 basic_session_run_hooks.py:606] Saving checkpoints for 98785 into Data/cylinder_flow/mgtn/checkpoint/model.ckpt.
INFO:tensorflow:global_step/sec: 0.959572
I0613 22:26:11.501812 139918092940096 basic_session_run_hooks.py:692] global_step/sec: 0.959572
INFO:tensorflow:global_step/sec: 0.958439
I0613 22:27:55.838152 139918092940096 basic_session_run_hooks.py:692] global_step/sec: 0.958439
INFO:tensorflow:global_step/sec: 0.956339
I0613 22:29:40.403599 139918092940096 basic_session_run_hooks.py:692] global_step/sec: 0.956339
I0613 22:29:40.404353 139918092940096 run_model.py:87] Step 99000: Loss 0.141947
INFO:tensorflow:global_step/sec: 0.952043
I0613 22:31:25.440830 139918092940096 basic_session_run_hooks.py:692] global_step/sec: 0.952043
INFO:tensorflow:global_step/sec: 0.963482
I0613 22:33:09.231058 139918092940096 basic_session_run_hooks.py:692] global_step/sec: 0.963482
INFO:tensorflow:global_step/sec: 0.968549
I0613 22:34:52.478246 139918092940096 basic_session_run_hooks.py:692] global_step/sec: 0.968549
INFO:tensorflow:Saving checkpoints for 99358 into Data/cylinder_flow/mgtn/checkpoint/model.ckpt.
I0613 22:35:52.903940 139918092940096 basic_session_run_hooks.py:606] Saving checkpoints for 99358 into Data/cylinder_flow/mgtn/checkpoint/model.ckpt.
INFO:tensorflow:global_step/sec: 0.938526
I0613 22:36:39.028323 139918092940096 basic_session_run_hooks.py:692] global_step/sec: 0.938526
INFO:tensorflow:global_step/sec: 0.972726
I0613 22:38:21.832248 139918092940096 basic_session_run_hooks.py:692] global_step/sec: 0.972726
INFO:tensorflow:global_step/sec: 0.972841
I0613 22:40:04.623997 139918092940096 basic_session_run_hooks.py:692] global_step/sec: 0.972841
INFO:tensorflow:global_step/sec: 0.964462
I0613 22:41:48.308677 139918092940096 basic_session_run_hooks.py:692] global_step/sec: 0.964462
INFO:tensorflow:global_step/sec: 0.968701
I0613 22:43:31.539747 139918092940096 basic_session_run_hooks.py:692] global_step/sec: 0.968701
INFO:tensorflow:global_step/sec: 0.956956
I0613 22:45:16.037812 139918092940096 basic_session_run_hooks.py:692] global_step/sec: 0.956956
INFO:tensorflow:Saving checkpoints for 99936 into Data/cylinder_flow/mgtn/checkpoint/model.ckpt.
I0613 22:45:53.012519 139918092940096 basic_session_run_hooks.py:606] Saving checkpoints for 99936 into Data/cylinder_flow/mgtn/checkpoint/model.ckpt.
INFO:tensorflow:global_step/sec: 0.94359
I0613 22:47:02.016002 139918092940096 basic_session_run_hooks.py:692] global_step/sec: 0.94359
I0613 22:47:02.016559 139918092940096 run_model.py:87] Step 100000: Loss 0.0677791
INFO:tensorflow:global_step/sec: 0.978455
I0613 22:48:44.217902 139918092940096 basic_session_run_hooks.py:692] global_step/sec: 0.978455
INFO:tensorflow:global_step/sec: 0.968426
I0613 22:50:27.478248 139918092940096 basic_session_run_hooks.py:692] global_step/sec: 0.968426
INFO:tensorflow:global_step/sec: 0.97308
I0613 22:52:10.244703 139918092940096 basic_session_run_hooks.py:692] global_step/sec: 0.97308
INFO:tensorflow:global_step/sec: 0.974366
I0613 22:53:52.875519 139918092940096 basic_session_run_hooks.py:692] global_step/sec: 0.974366
INFO:tensorflow:global_step/sec: 0.981217
I0613 22:55:34.789788 139918092940096 basic_session_run_hooks.py:692] global_step/sec: 0.981217
INFO:tensorflow:Saving checkpoints for 100519 into Data/cylinder_flow/mgtn/checkpoint/model.ckpt.
I0613 22:55:53.356614 139918092940096 basic_session_run_hooks.py:606] Saving checkpoints for 100519 into Data/cylinder_flow/mgtn/checkpoint/model.ckpt.
INFO:tensorflow:global_step/sec: 0.962828
I0613 22:57:18.650478 139918092940096 basic_session_run_hooks.py:692] global_step/sec: 0.962828
INFO:tensorflow:global_step/sec: 0.972826
I0613 22:59:01.443704 139918092940096 basic_session_run_hooks.py:692] global_step/sec: 0.972826
INFO:tensorflow:global_step/sec: 0.993209
I0613 23:00:42.127426 139918092940096 basic_session_run_hooks.py:692] global_step/sec: 0.993209
INFO:tensorflow:global_step/sec: 0.98124
I0613 23:02:24.039237 139918092940096 basic_session_run_hooks.py:692] global_step/sec: 0.98124
INFO:tensorflow:global_step/sec: 0.991171
I0613 23:04:04.930075 139918092940096 basic_session_run_hooks.py:692] global_step/sec: 0.991171
I0613 23:04:04.930944 139918092940096 run_model.py:87] Step 101000: Loss 0.156946
INFO:tensorflow:global_step/sec: 0.988774
I0613 23:05:46.065344 139918092940096 basic_session_run_hooks.py:692] global_step/sec: 0.988774
INFO:tensorflow:Saving checkpoints for 101109 into Data/cylinder_flow/mgtn/checkpoint/model.ckpt.
I0613 23:05:53.935127 139918092940096 basic_session_run_hooks.py:606] Saving checkpoints for 101109 into Data/cylinder_flow/mgtn/checkpoint/model.ckpt.
INFO:tensorflow:global_step/sec: 0.986929
I0613 23:07:27.389878 139918092940096 basic_session_run_hooks.py:692] global_step/sec: 0.986929
INFO:tensorflow:global_step/sec: 0.988059
I0613 23:09:08.598362 139918092940096 basic_session_run_hooks.py:692] global_step/sec: 0.988059
INFO:tensorflow:global_step/sec: 0.996353
I0613 23:10:48.964405 139918092940096 basic_session_run_hooks.py:692] global_step/sec: 0.996353
INFO:tensorflow:global_step/sec: 0.985802
I0613 23:12:30.404648 139918092940096 basic_session_run_hooks.py:692] global_step/sec: 0.985802
INFO:tensorflow:global_step/sec: 0.993133
I0613 23:14:11.096066 139918092940096 basic_session_run_hooks.py:692] global_step/sec: 0.993133
INFO:tensorflow:global_step/sec: 0.998931
I0613 23:15:51.203105 139918092940096 basic_session_run_hooks.py:692] global_step/sec: 0.998931
INFO:tensorflow:Saving checkpoints for 101704 into Data/cylinder_flow/mgtn/checkpoint/model.ckpt.
I0613 23:15:54.544975 139918092940096 basic_session_run_hooks.py:606] Saving checkpoints for 101704 into Data/cylinder_flow/mgtn/checkpoint/model.ckpt.
INFO:tensorflow:global_step/sec: 0.972732
I0613 23:17:34.006335 139918092940096 basic_session_run_hooks.py:692] global_step/sec: 0.972732
INFO:tensorflow:global_step/sec: 0.992281
I0613 23:19:14.784234 139918092940096 basic_session_run_hooks.py:692] global_step/sec: 0.992281
INFO:tensorflow:global_step/sec: 0.996846
I0613 23:20:55.100619 139918092940096 basic_session_run_hooks.py:692] global_step/sec: 0.996846
I0613 23:20:55.101363 139918092940096 run_model.py:87] Step 102000: Loss 0.0684567
INFO:tensorflow:global_step/sec: 0.98996
I0613 23:22:36.114838 139918092940096 basic_session_run_hooks.py:692] global_step/sec: 0.98996
INFO:tensorflow:global_step/sec: 0.992748
I0613 23:24:16.845368 139918092940096 basic_session_run_hooks.py:692] global_step/sec: 0.992748
INFO:tensorflow:Saving checkpoints for 102299 into Data/cylinder_flow/mgtn/checkpoint/model.ckpt.
I0613 23:25:55.515161 139918092940096 basic_session_run_hooks.py:606] Saving checkpoints for 102299 into Data/cylinder_flow/mgtn/checkpoint/model.ckpt.
INFO:tensorflow:global_step/sec: 0.978296
I0613 23:25:59.063959 139918092940096 basic_session_run_hooks.py:692] global_step/sec: 0.978296
INFO:tensorflow:global_step/sec: 0.981284
I0613 23:27:40.971210 139918092940096 basic_session_run_hooks.py:692] global_step/sec: 0.981284
INFO:tensorflow:global_step/sec: 0.979015
I0613 23:29:23.114701 139918092940096 basic_session_run_hooks.py:692] global_step/sec: 0.979015
INFO:tensorflow:global_step/sec: 0.975974
I0613 23:31:05.576409 139918092940096 basic_session_run_hooks.py:692] global_step/sec: 0.975974
INFO:tensorflow:global_step/sec: 0.979961
I0613 23:32:47.621335 139918092940096 basic_session_run_hooks.py:692] global_step/sec: 0.979961
INFO:tensorflow:global_step/sec: 0.982021
I0613 23:34:29.452194 139918092940096 basic_session_run_hooks.py:692] global_step/sec: 0.982021
INFO:tensorflow:Saving checkpoints for 102886 into Data/cylinder_flow/mgtn/checkpoint/model.ckpt.
I0613 23:35:56.444146 139918092940096 basic_session_run_hooks.py:606] Saving checkpoints for 102886 into Data/cylinder_flow/mgtn/checkpoint/model.ckpt.
INFO:tensorflow:global_step/sec: 0.953347
I0613 23:36:14.345782 139918092940096 basic_session_run_hooks.py:692] global_step/sec: 0.953347
INFO:tensorflow:global_step/sec: 0.979853
I0613 23:37:56.401868 139918092940096 basic_session_run_hooks.py:692] global_step/sec: 0.979853
I0613 23:37:56.402552 139918092940096 run_model.py:87] Step 103000: Loss 0.073234
INFO:tensorflow:global_step/sec: 0.979791
I0613 23:39:38.464402 139918092940096 basic_session_run_hooks.py:692] global_step/sec: 0.979791
INFO:tensorflow:global_step/sec: 0.979396
I0613 23:41:20.568169 139918092940096 basic_session_run_hooks.py:692] global_step/sec: 0.979396
INFO:tensorflow:global_step/sec: 0.975034
I0613 23:43:03.128691 139918092940096 basic_session_run_hooks.py:692] global_step/sec: 0.975034
INFO:tensorflow:global_step/sec: 0.979592
I0613 23:44:45.211976 139918092940096 basic_session_run_hooks.py:692] global_step/sec: 0.979592
INFO:tensorflow:Saving checkpoints for 103473 into Data/cylinder_flow/mgtn/checkpoint/model.ckpt.
I0613 23:45:57.074980 139918092940096 basic_session_run_hooks.py:606] Saving checkpoints for 103473 into Data/cylinder_flow/mgtn/checkpoint/model.ckpt.
INFO:tensorflow:global_step/sec: 0.983135
I0613 23:46:26.927363 139918092940096 basic_session_run_hooks.py:692] global_step/sec: 0.983135
INFO:tensorflow:global_step/sec: 0.969614
I0613 23:48:10.061146 139918092940096 basic_session_run_hooks.py:692] global_step/sec: 0.969614
INFO:tensorflow:global_step/sec: 0.977815
I0613 23:49:52.330006 139918092940096 basic_session_run_hooks.py:692] global_step/sec: 0.977815
INFO:tensorflow:global_step/sec: 0.989625
I0613 23:51:33.378367 139918092940096 basic_session_run_hooks.py:692] global_step/sec: 0.989625
INFO:tensorflow:global_step/sec: 0.981974
I0613 23:53:15.214009 139918092940096 basic_session_run_hooks.py:692] global_step/sec: 0.981974
INFO:tensorflow:global_step/sec: 0.976685
I0613 23:54:57.601214 139918092940096 basic_session_run_hooks.py:692] global_step/sec: 0.976685
I0613 23:54:57.602326 139918092940096 run_model.py:87] Step 104000: Loss 0.121458
INFO:tensorflow:Saving checkpoints for 104059 into Data/cylinder_flow/mgtn/checkpoint/model.ckpt.
I0613 23:55:57.751318 139918092940096 basic_session_run_hooks.py:606] Saving checkpoints for 104059 into Data/cylinder_flow/mgtn/checkpoint/model.ckpt.
INFO:tensorflow:global_step/sec: 0.948102
I0613 23:56:43.075190 139918092940096 basic_session_run_hooks.py:692] global_step/sec: 0.948102
INFO:tensorflow:global_step/sec: 0.962891
I0613 23:58:26.929068 139918092940096 basic_session_run_hooks.py:692] global_step/sec: 0.962891
INFO:tensorflow:global_step/sec: 0.977687
I0614 00:00:09.211274 139918092940096 basic_session_run_hooks.py:692] global_step/sec: 0.977687
INFO:tensorflow:global_step/sec: 0.988761
I0614 00:01:50.347921 139918092940096 basic_session_run_hooks.py:692] global_step/sec: 0.988761
INFO:tensorflow:global_step/sec: 0.984262
I0614 00:03:31.946919 139918092940096 basic_session_run_hooks.py:692] global_step/sec: 0.984262
INFO:tensorflow:global_step/sec: 0.965882
I0614 00:05:15.479237 139918092940096 basic_session_run_hooks.py:692] global_step/sec: 0.965882
INFO:tensorflow:Saving checkpoints for 104644 into Data/cylinder_flow/mgtn/checkpoint/model.ckpt.
I0614 00:05:58.427293 139918092940096 basic_session_run_hooks.py:606] Saving checkpoints for 104644 into Data/cylinder_flow/mgtn/checkpoint/model.ckpt.
INFO:tensorflow:global_step/sec: 0.974125
I0614 00:06:58.135485 139918092940096 basic_session_run_hooks.py:692] global_step/sec: 0.974125
INFO:tensorflow:global_step/sec: 0.982696
I0614 00:08:39.896279 139918092940096 basic_session_run_hooks.py:692] global_step/sec: 0.982696
INFO:tensorflow:global_step/sec: 0.990226
I0614 00:10:20.883330 139918092940096 basic_session_run_hooks.py:692] global_step/sec: 0.990226
INFO:tensorflow:global_step/sec: 0.992396
I0614 00:12:01.649573 139918092940096 basic_session_run_hooks.py:692] global_step/sec: 0.992396
I0614 00:12:01.650750 139918092940096 run_model.py:87] Step 105000: Loss 0.103191
INFO:tensorflow:global_step/sec: 0.989505
I0614 00:13:42.710193 139918092940096 basic_session_run_hooks.py:692] global_step/sec: 0.989505
INFO:tensorflow:global_step/sec: 0.975944
I0614 00:15:25.175127 139918092940096 basic_session_run_hooks.py:692] global_step/sec: 0.975944
INFO:tensorflow:Saving checkpoints for 105234 into Data/cylinder_flow/mgtn/checkpoint/model.ckpt.
I0614 00:15:58.862951 139918092940096 basic_session_run_hooks.py:606] Saving checkpoints for 105234 into Data/cylinder_flow/mgtn/checkpoint/model.ckpt.
INFO:tensorflow:global_step/sec: 0.968803
I0614 00:17:08.395251 139918092940096 basic_session_run_hooks.py:692] global_step/sec: 0.968803
INFO:tensorflow:global_step/sec: 0.99317
I0614 00:18:49.082973 139918092940096 basic_session_run_hooks.py:692] global_step/sec: 0.99317
INFO:tensorflow:global_step/sec: 0.996008
I0614 00:20:29.483765 139918092940096 basic_session_run_hooks.py:692] global_step/sec: 0.996008
INFO:tensorflow:global_step/sec: 0.985565
I0614 00:22:10.948433 139918092940096 basic_session_run_hooks.py:692] global_step/sec: 0.985565
INFO:tensorflow:global_step/sec: 0.983217
I0614 00:23:52.655399 139918092940096 basic_session_run_hooks.py:692] global_step/sec: 0.983217
INFO:tensorflow:global_step/sec: 0.980644
I0614 00:25:34.629173 139918092940096 basic_session_run_hooks.py:692] global_step/sec: 0.980644
INFO:tensorflow:Saving checkpoints for 105826 into Data/cylinder_flow/mgtn/checkpoint/model.ckpt.
I0614 00:25:59.668920 139918092940096 basic_session_run_hooks.py:606] Saving checkpoints for 105826 into Data/cylinder_flow/mgtn/checkpoint/model.ckpt.
INFO:tensorflow:global_step/sec: 0.98624
I0614 00:27:16.024463 139918092940096 basic_session_run_hooks.py:692] global_step/sec: 0.98624
INFO:tensorflow:global_step/sec: 0.998563
I0614 00:28:56.168337 139918092940096 basic_session_run_hooks.py:692] global_step/sec: 0.998563
I0614 00:28:56.169407 139918092940096 run_model.py:87] Step 106000: Loss 0.112918
INFO:tensorflow:global_step/sec: 0.993429
I0614 00:30:36.829832 139918092940096 basic_session_run_hooks.py:692] global_step/sec: 0.993429
INFO:tensorflow:global_step/sec: 1.00461
I0614 00:32:16.370592 139918092940096 basic_session_run_hooks.py:692] global_step/sec: 1.00461
INFO:tensorflow:global_step/sec: 0.995551
I0614 00:33:56.817464 139918092940096 basic_session_run_hooks.py:692] global_step/sec: 0.995551
INFO:tensorflow:global_step/sec: 0.979911
I0614 00:35:38.867532 139918092940096 basic_session_run_hooks.py:692] global_step/sec: 0.979911
INFO:tensorflow:Saving checkpoints for 106422 into Data/cylinder_flow/mgtn/checkpoint/model.ckpt.
I0614 00:36:00.377121 139918092940096 basic_session_run_hooks.py:606] Saving checkpoints for 106422 into Data/cylinder_flow/mgtn/checkpoint/model.ckpt.
INFO:tensorflow:global_step/sec: 0.966409
I0614 00:37:22.343431 139918092940096 basic_session_run_hooks.py:692] global_step/sec: 0.966409
INFO:tensorflow:global_step/sec: 0.982021
I0614 00:39:04.174224 139918092940096 basic_session_run_hooks.py:692] global_step/sec: 0.982021
INFO:tensorflow:global_step/sec: 0.968328
I0614 00:40:47.444971 139918092940096 basic_session_run_hooks.py:692] global_step/sec: 0.968328
INFO:tensorflow:global_step/sec: 0.980191
I0614 00:42:29.465962 139918092940096 basic_session_run_hooks.py:692] global_step/sec: 0.980191
INFO:tensorflow:global_step/sec: 0.97518
I0614 00:44:12.011206 139918092940096 basic_session_run_hooks.py:692] global_step/sec: 0.97518
INFO:tensorflow:global_step/sec: 0.967337
I0614 00:45:55.387738 139918092940096 basic_session_run_hooks.py:692] global_step/sec: 0.967337
I0614 00:45:55.388938 139918092940096 run_model.py:87] Step 107000: Loss 0.063013
INFO:tensorflow:Saving checkpoints for 107007 into Data/cylinder_flow/mgtn/checkpoint/model.ckpt.
I0614 00:46:01.388664 139918092940096 basic_session_run_hooks.py:606] Saving checkpoints for 107007 into Data/cylinder_flow/mgtn/checkpoint/model.ckpt.
INFO:tensorflow:global_step/sec: 0.956262
I0614 00:47:39.961566 139918092940096 basic_session_run_hooks.py:692] global_step/sec: 0.956262
INFO:tensorflow:global_step/sec: 0.977391
I0614 00:49:22.274735 139918092940096 basic_session_run_hooks.py:692] global_step/sec: 0.977391
INFO:tensorflow:global_step/sec: 0.990065
I0614 00:51:03.278287 139918092940096 basic_session_run_hooks.py:692] global_step/sec: 0.990065
INFO:tensorflow:global_step/sec: 0.995166
I0614 00:52:43.764026 139918092940096 basic_session_run_hooks.py:692] global_step/sec: 0.995166
INFO:tensorflow:global_step/sec: 0.986687
I0614 00:54:25.113271 139918092940096 basic_session_run_hooks.py:692] global_step/sec: 0.986687
INFO:tensorflow:Saving checkpoints for 107594 into Data/cylinder_flow/mgtn/checkpoint/model.ckpt.
I0614 00:56:01.659716 139918092940096 basic_session_run_hooks.py:606] Saving checkpoints for 107594 into Data/cylinder_flow/mgtn/checkpoint/model.ckpt.
INFO:tensorflow:global_step/sec: 0.953176
I0614 00:56:10.025618 139918092940096 basic_session_run_hooks.py:692] global_step/sec: 0.953176
INFO:tensorflow:global_step/sec: 0.988169
I0614 00:57:51.222889 139918092940096 basic_session_run_hooks.py:692] global_step/sec: 0.988169
INFO:tensorflow:global_step/sec: 0.98851
I0614 00:59:32.385273 139918092940096 basic_session_run_hooks.py:692] global_step/sec: 0.98851
INFO:tensorflow:global_step/sec: 0.987275
I0614 01:01:13.674119 139918092940096 basic_session_run_hooks.py:692] global_step/sec: 0.987275
INFO:tensorflow:global_step/sec: 0.995701
I0614 01:02:54.105942 139918092940096 basic_session_run_hooks.py:692] global_step/sec: 0.995701
I0614 01:02:54.106959 139918092940096 run_model.py:87] Step 108000: Loss 0.106959
INFO:tensorflow:global_step/sec: 0.983268
I0614 01:04:35.807589 139918092940096 basic_session_run_hooks.py:692] global_step/sec: 0.983268
INFO:tensorflow:Saving checkpoints for 108186 into Data/cylinder_flow/mgtn/checkpoint/model.ckpt.
I0614 01:06:02.539755 139918092940096 basic_session_run_hooks.py:606] Saving checkpoints for 108186 into Data/cylinder_flow/mgtn/checkpoint/model.ckpt.
INFO:tensorflow:global_step/sec: 0.961067
I0614 01:06:19.858591 139918092940096 basic_session_run_hooks.py:692] global_step/sec: 0.961067
INFO:tensorflow:global_step/sec: 0.965426
I0614 01:08:03.439781 139918092940096 basic_session_run_hooks.py:692] global_step/sec: 0.965426
INFO:tensorflow:global_step/sec: 0.990473
I0614 01:09:44.401666 139918092940096 basic_session_run_hooks.py:692] global_step/sec: 0.990473
INFO:tensorflow:global_step/sec: 0.976753
I0614 01:11:26.781770 139918092940096 basic_session_run_hooks.py:692] global_step/sec: 0.976753
INFO:tensorflow:global_step/sec: 0.969214
I0614 01:13:09.958079 139918092940096 basic_session_run_hooks.py:692] global_step/sec: 0.969214
INFO:tensorflow:global_step/sec: 0.984133
I0614 01:14:51.570369 139918092940096 basic_session_run_hooks.py:692] global_step/sec: 0.984133
INFO:tensorflow:Saving checkpoints for 108770 into Data/cylinder_flow/mgtn/checkpoint/model.ckpt.
I0614 01:16:03.346155 139918092940096 basic_session_run_hooks.py:606] Saving checkpoints for 108770 into Data/cylinder_flow/mgtn/checkpoint/model.ckpt.
INFO:tensorflow:global_step/sec: 0.957627
I0614 01:16:35.995167 139918092940096 basic_session_run_hooks.py:692] global_step/sec: 0.957627
INFO:tensorflow:global_step/sec: 0.987544
I0614 01:18:17.256459 139918092940096 basic_session_run_hooks.py:692] global_step/sec: 0.987544
INFO:tensorflow:global_step/sec: 0.980091
I0614 01:19:59.287838 139918092940096 basic_session_run_hooks.py:692] global_step/sec: 0.980091
I0614 01:19:59.288567 139918092940096 run_model.py:87] Step 109000: Loss 0.244009
INFO:tensorflow:global_step/sec: 0.984676
I0614 01:21:40.844056 139918092940096 basic_session_run_hooks.py:692] global_step/sec: 0.984676
INFO:tensorflow:global_step/sec: 0.987458
I0614 01:23:22.114175 139918092940096 basic_session_run_hooks.py:692] global_step/sec: 0.987458
INFO:tensorflow:global_step/sec: 0.996863
I0614 01:25:02.428823 139918092940096 basic_session_run_hooks.py:692] global_step/sec: 0.996863
INFO:tensorflow:Saving checkpoints for 109361 into Data/cylinder_flow/mgtn/checkpoint/model.ckpt.
I0614 01:26:04.204066 139918092940096 basic_session_run_hooks.py:606] Saving checkpoints for 109361 into Data/cylinder_flow/mgtn/checkpoint/model.ckpt.
INFO:tensorflow:global_step/sec: 0.946553
I0614 01:26:48.075252 139918092940096 basic_session_run_hooks.py:692] global_step/sec: 0.946553
INFO:tensorflow:global_step/sec: 0.973928
I0614 01:28:30.752311 139918092940096 basic_session_run_hooks.py:692] global_step/sec: 0.973928
INFO:tensorflow:global_step/sec: 0.964266
I0614 01:30:14.458104 139918092940096 basic_session_run_hooks.py:692] global_step/sec: 0.964266
INFO:tensorflow:global_step/sec: 0.97294
I0614 01:31:57.239352 139918092940096 basic_session_run_hooks.py:692] global_step/sec: 0.97294
INFO:tensorflow:global_step/sec: 0.980614
I0614 01:33:39.216260 139918092940096 basic_session_run_hooks.py:692] global_step/sec: 0.980614
INFO:tensorflow:global_step/sec: 0.973724
I0614 01:35:21.914790 139918092940096 basic_session_run_hooks.py:692] global_step/sec: 0.973724
INFO:tensorflow:Saving checkpoints for 109943 into Data/cylinder_flow/mgtn/checkpoint/model.ckpt.
I0614 01:36:04.909449 139918092940096 basic_session_run_hooks.py:606] Saving checkpoints for 109943 into Data/cylinder_flow/mgtn/checkpoint/model.ckpt.
INFO:tensorflow:global_step/sec: 0.956693
I0614 01:37:06.441596 139918092940096 basic_session_run_hooks.py:692] global_step/sec: 0.956693
I0614 01:37:06.442230 139918092940096 run_model.py:87] Step 110000: Loss 0.0397105
INFO:tensorflow:global_step/sec: 0.966289
I0614 01:38:49.930319 139918092940096 basic_session_run_hooks.py:692] global_step/sec: 0.966289
INFO:tensorflow:global_step/sec: 0.964229
I0614 01:40:33.640125 139918092940096 basic_session_run_hooks.py:692] global_step/sec: 0.964229
INFO:tensorflow:global_step/sec: 0.948864
I0614 01:42:19.029193 139918092940096 basic_session_run_hooks.py:692] global_step/sec: 0.948864
INFO:tensorflow:global_step/sec: 0.958724
I0614 01:44:03.334527 139918092940096 basic_session_run_hooks.py:692] global_step/sec: 0.958724
INFO:tensorflow:global_step/sec: 0.950893
I0614 01:45:48.498812 139918092940096 basic_session_run_hooks.py:692] global_step/sec: 0.950893
INFO:tensorflow:Saving checkpoints for 110518 into Data/cylinder_flow/mgtn/checkpoint/model.ckpt.
I0614 01:46:05.937172 139918092940096 basic_session_run_hooks.py:606] Saving checkpoints for 110518 into Data/cylinder_flow/mgtn/checkpoint/model.ckpt.
INFO:tensorflow:global_step/sec: 0.967589
I0614 01:47:31.848520 139918092940096 basic_session_run_hooks.py:692] global_step/sec: 0.967589
INFO:tensorflow:global_step/sec: 0.963645
I0614 01:49:15.621089 139918092940096 basic_session_run_hooks.py:692] global_step/sec: 0.963645
INFO:tensorflow:global_step/sec: 0.975737
I0614 01:50:58.107703 139918092940096 basic_session_run_hooks.py:692] global_step/sec: 0.975737
INFO:tensorflow:global_step/sec: 0.981768
I0614 01:52:39.964793 139918092940096 basic_session_run_hooks.py:692] global_step/sec: 0.981768
INFO:tensorflow:global_step/sec: 0.972776
I0614 01:54:22.763315 139918092940096 basic_session_run_hooks.py:692] global_step/sec: 0.972776
I0614 01:54:22.763959 139918092940096 run_model.py:87] Step 111000: Loss 0.0644139
INFO:tensorflow:global_step/sec: 0.961341
I0614 01:56:06.784748 139918092940096 basic_session_run_hooks.py:692] global_step/sec: 0.961341
INFO:tensorflow:Saving checkpoints for 111101 into Data/cylinder_flow/mgtn/checkpoint/model.ckpt.
I0614 01:56:06.790999 139918092940096 basic_session_run_hooks.py:606] Saving checkpoints for 111101 into Data/cylinder_flow/mgtn/checkpoint/model.ckpt.
INFO:tensorflow:global_step/sec: 0.937326
I0614 01:57:53.471214 139918092940096 basic_session_run_hooks.py:692] global_step/sec: 0.937326
INFO:tensorflow:global_step/sec: 0.982124
I0614 01:59:35.291358 139918092940096 basic_session_run_hooks.py:692] global_step/sec: 0.982124
INFO:tensorflow:global_step/sec: 0.992824
I0614 02:01:16.014118 139918092940096 basic_session_run_hooks.py:692] global_step/sec: 0.992824
INFO:tensorflow:global_step/sec: 0.965466
I0614 02:02:59.591102 139918092940096 basic_session_run_hooks.py:692] global_step/sec: 0.965466
INFO:tensorflow:global_step/sec: 0.962706
I0614 02:04:43.464861 139918092940096 basic_session_run_hooks.py:692] global_step/sec: 0.962706
INFO:tensorflow:Saving checkpoints for 111682 into Data/cylinder_flow/mgtn/checkpoint/model.ckpt.
I0614 02:06:06.879027 139918092940096 basic_session_run_hooks.py:606] Saving checkpoints for 111682 into Data/cylinder_flow/mgtn/checkpoint/model.ckpt.
INFO:tensorflow:global_step/sec: 0.958508
I0614 02:06:27.793743 139918092940096 basic_session_run_hooks.py:692] global_step/sec: 0.958508
INFO:tensorflow:global_step/sec: 0.993488
I0614 02:08:08.449211 139918092940096 basic_session_run_hooks.py:692] global_step/sec: 0.993488
INFO:tensorflow:global_step/sec: 0.986574
I0614 02:09:49.810094 139918092940096 basic_session_run_hooks.py:692] global_step/sec: 0.986574
INFO:tensorflow:global_step/sec: 0.975638
I0614 02:11:32.307106 139918092940096 basic_session_run_hooks.py:692] global_step/sec: 0.975638
I0614 02:11:32.307816 139918092940096 run_model.py:87] Step 112000: Loss 0.166225
INFO:tensorflow:global_step/sec: 0.985063
I0614 02:13:13.823448 139918092940096 basic_session_run_hooks.py:692] global_step/sec: 0.985063
INFO:tensorflow:global_step/sec: 1.00362
I0614 02:14:53.463218 139918092940096 basic_session_run_hooks.py:692] global_step/sec: 1.00362
INFO:tensorflow:Saving checkpoints for 112274 into Data/cylinder_flow/mgtn/checkpoint/model.ckpt.
I0614 02:16:07.004566 139918092940096 basic_session_run_hooks.py:606] Saving checkpoints for 112274 into Data/cylinder_flow/mgtn/checkpoint/model.ckpt.
INFO:tensorflow:global_step/sec: 0.971775
I0614 02:16:36.367644 139918092940096 basic_session_run_hooks.py:692] global_step/sec: 0.971775
INFO:tensorflow:global_step/sec: 0.976906
I0614 02:18:18.731626 139918092940096 basic_session_run_hooks.py:692] global_step/sec: 0.976906
INFO:tensorflow:global_step/sec: 0.983072
I0614 02:20:00.453589 139918092940096 basic_session_run_hooks.py:692] global_step/sec: 0.983072
INFO:tensorflow:global_step/sec: 0.959353
I0614 02:21:44.690484 139918092940096 basic_session_run_hooks.py:692] global_step/sec: 0.959353
INFO:tensorflow:global_step/sec: 0.964559
I0614 02:23:28.364892 139918092940096 basic_session_run_hooks.py:692] global_step/sec: 0.964559
INFO:tensorflow:global_step/sec: 0.980367
I0614 02:25:10.367451 139918092940096 basic_session_run_hooks.py:692] global_step/sec: 0.980367
INFO:tensorflow:Saving checkpoints for 112857 into Data/cylinder_flow/mgtn/checkpoint/model.ckpt.
I0614 02:26:08.040662 139918092940096 basic_session_run_hooks.py:606] Saving checkpoints for 112857 into Data/cylinder_flow/mgtn/checkpoint/model.ckpt.
INFO:tensorflow:global_step/sec: 0.955949
I0614 02:26:54.975613 139918092940096 basic_session_run_hooks.py:692] global_step/sec: 0.955949
INFO:tensorflow:global_step/sec: 0.977513
I0614 02:28:37.276042 139918092940096 basic_session_run_hooks.py:692] global_step/sec: 0.977513
I0614 02:28:37.277505 139918092940096 run_model.py:87] Step 113000: Loss 0.0287836
INFO:tensorflow:global_step/sec: 0.983618
I0614 02:30:18.941512 139918092940096 basic_session_run_hooks.py:692] global_step/sec: 0.983618
INFO:tensorflow:global_step/sec: 0.972741
I0614 02:32:01.743828 139918092940096 basic_session_run_hooks.py:692] global_step/sec: 0.972741
INFO:tensorflow:global_step/sec: 0.968512
I0614 02:33:44.994979 139918092940096 basic_session_run_hooks.py:692] global_step/sec: 0.968512
INFO:tensorflow:global_step/sec: 0.974864
I0614 02:35:27.573387 139918092940096 basic_session_run_hooks.py:692] global_step/sec: 0.974864
INFO:tensorflow:Saving checkpoints for 113441 into Data/cylinder_flow/mgtn/checkpoint/model.ckpt.
I0614 02:36:08.464957 139918092940096 basic_session_run_hooks.py:606] Saving checkpoints for 113441 into Data/cylinder_flow/mgtn/checkpoint/model.ckpt.
INFO:tensorflow:global_step/sec: 0.962323
I0614 02:37:11.488594 139918092940096 basic_session_run_hooks.py:692] global_step/sec: 0.962323
INFO:tensorflow:global_step/sec: 0.973623
I0614 02:38:54.197779 139918092940096 basic_session_run_hooks.py:692] global_step/sec: 0.973623
INFO:tensorflow:global_step/sec: 0.976346
I0614 02:40:36.620568 139918092940096 basic_session_run_hooks.py:692] global_step/sec: 0.976346
INFO:tensorflow:global_step/sec: 0.972129
I0614 02:42:19.487482 139918092940096 basic_session_run_hooks.py:692] global_step/sec: 0.972129
INFO:tensorflow:global_step/sec: 0.997714
I0614 02:43:59.716599 139918092940096 basic_session_run_hooks.py:692] global_step/sec: 0.997714
INFO:tensorflow:global_step/sec: 0.975303
I0614 02:45:42.248842 139918092940096 basic_session_run_hooks.py:692] global_step/sec: 0.975303
I0614 02:45:42.250077 139918092940096 run_model.py:87] Step 114000: Loss 0.0442491
INFO:tensorflow:Saving checkpoints for 114027 into Data/cylinder_flow/mgtn/checkpoint/model.ckpt.
I0614 02:46:08.821085 139918092940096 basic_session_run_hooks.py:606] Saving checkpoints for 114027 into Data/cylinder_flow/mgtn/checkpoint/model.ckpt.
INFO:tensorflow:global_step/sec: 0.955398
I0614 02:47:26.917332 139918092940096 basic_session_run_hooks.py:692] global_step/sec: 0.955398
INFO:tensorflow:global_step/sec: 0.973847
I0614 02:49:09.602869 139918092940096 basic_session_run_hooks.py:692] global_step/sec: 0.973847
INFO:tensorflow:global_step/sec: 0.974655
I0614 02:50:52.203275 139918092940096 basic_session_run_hooks.py:692] global_step/sec: 0.974655
INFO:tensorflow:global_step/sec: 0.970427
I0614 02:52:35.250695 139918092940096 basic_session_run_hooks.py:692] global_step/sec: 0.970427
INFO:tensorflow:global_step/sec: 0.98085
I0614 02:54:17.203086 139918092940096 basic_session_run_hooks.py:692] global_step/sec: 0.98085
INFO:tensorflow:global_step/sec: 0.965961
I0614 02:56:00.726913 139918092940096 basic_session_run_hooks.py:692] global_step/sec: 0.965961
INFO:tensorflow:Saving checkpoints for 114609 into Data/cylinder_flow/mgtn/checkpoint/model.ckpt.
I0614 02:56:09.070667 139918092940096 basic_session_run_hooks.py:606] Saving checkpoints for 114609 into Data/cylinder_flow/mgtn/checkpoint/model.ckpt.
INFO:tensorflow:global_step/sec: 0.94611
I0614 02:57:46.422944 139918092940096 basic_session_run_hooks.py:692] global_step/sec: 0.94611
INFO:tensorflow:global_step/sec: 0.989831
I0614 02:59:27.450204 139918092940096 basic_session_run_hooks.py:692] global_step/sec: 0.989831
INFO:tensorflow:global_step/sec: 0.969953
I0614 03:01:10.547942 139918092940096 basic_session_run_hooks.py:692] global_step/sec: 0.969953
INFO:tensorflow:global_step/sec: 0.97262
I0614 03:02:53.363049 139918092940096 basic_session_run_hooks.py:692] global_step/sec: 0.97262
I0614 03:02:53.364370 139918092940096 run_model.py:87] Step 115000: Loss 0.0610134
INFO:tensorflow:global_step/sec: 0.963742
I0614 03:04:37.125266 139918092940096 basic_session_run_hooks.py:692] global_step/sec: 0.963742
INFO:tensorflow:Saving checkpoints for 115191 into Data/cylinder_flow/mgtn/checkpoint/model.ckpt.
I0614 03:06:09.516892 139918092940096 basic_session_run_hooks.py:606] Saving checkpoints for 115191 into Data/cylinder_flow/mgtn/checkpoint/model.ckpt.
INFO:tensorflow:global_step/sec: 0.957013
I0614 03:06:21.617099 139918092940096 basic_session_run_hooks.py:692] global_step/sec: 0.957013
INFO:tensorflow:global_step/sec: 0.967969
I0614 03:08:04.926167 139918092940096 basic_session_run_hooks.py:692] global_step/sec: 0.967969
INFO:tensorflow:global_step/sec: 0.976179
I0614 03:09:47.366368 139918092940096 basic_session_run_hooks.py:692] global_step/sec: 0.976179
INFO:tensorflow:global_step/sec: 0.990426
I0614 03:11:28.333047 139918092940096 basic_session_run_hooks.py:692] global_step/sec: 0.990426
INFO:tensorflow:global_step/sec: 0.970048
I0614 03:13:11.420700 139918092940096 basic_session_run_hooks.py:692] global_step/sec: 0.970048
INFO:tensorflow:global_step/sec: 0.963734
I0614 03:14:55.183804 139918092940096 basic_session_run_hooks.py:692] global_step/sec: 0.963734
INFO:tensorflow:Saving checkpoints for 115774 into Data/cylinder_flow/mgtn/checkpoint/model.ckpt.
I0614 03:16:10.290441 139918092940096 basic_session_run_hooks.py:606] Saving checkpoints for 115774 into Data/cylinder_flow/mgtn/checkpoint/model.ckpt.
INFO:tensorflow:global_step/sec: 0.957274
I0614 03:16:39.647066 139918092940096 basic_session_run_hooks.py:692] global_step/sec: 0.957274
INFO:tensorflow:global_step/sec: 0.977219
I0614 03:18:21.978327 139918092940096 basic_session_run_hooks.py:692] global_step/sec: 0.977219
INFO:tensorflow:global_step/sec: 0.979508
I0614 03:20:04.070408 139918092940096 basic_session_run_hooks.py:692] global_step/sec: 0.979508
I0614 03:20:04.071109 139918092940096 run_model.py:87] Step 116000: Loss 0.0621005
INFO:tensorflow:global_step/sec: 0.996683
I0614 03:21:44.403198 139918092940096 basic_session_run_hooks.py:692] global_step/sec: 0.996683
INFO:tensorflow:global_step/sec: 0.995157
I0614 03:23:24.889873 139918092940096 basic_session_run_hooks.py:692] global_step/sec: 0.995157
INFO:tensorflow:global_step/sec: 0.974387
I0614 03:25:07.518551 139918092940096 basic_session_run_hooks.py:692] global_step/sec: 0.974387
INFO:tensorflow:Saving checkpoints for 116364 into Data/cylinder_flow/mgtn/checkpoint/model.ckpt.
I0614 03:26:11.312003 139918092940096 basic_session_run_hooks.py:606] Saving checkpoints for 116364 into Data/cylinder_flow/mgtn/checkpoint/model.ckpt.
INFO:tensorflow:global_step/sec: 0.975522
I0614 03:26:50.027750 139918092940096 basic_session_run_hooks.py:692] global_step/sec: 0.975522
INFO:tensorflow:global_step/sec: 0.972496
I0614 03:28:32.855852 139918092940096 basic_session_run_hooks.py:692] global_step/sec: 0.972496
INFO:tensorflow:global_step/sec: 0.97077
I0614 03:30:15.866915 139918092940096 basic_session_run_hooks.py:692] global_step/sec: 0.97077
INFO:tensorflow:global_step/sec: 0.979943
I0614 03:31:57.913712 139918092940096 basic_session_run_hooks.py:692] global_step/sec: 0.979943
INFO:tensorflow:global_step/sec: 0.999682
I0614 03:33:37.945553 139918092940096 basic_session_run_hooks.py:692] global_step/sec: 0.999682
INFO:tensorflow:global_step/sec: 0.98849
I0614 03:35:19.109892 139918092940096 basic_session_run_hooks.py:692] global_step/sec: 0.98849
INFO:tensorflow:Saving checkpoints for 116953 into Data/cylinder_flow/mgtn/checkpoint/model.ckpt.
I0614 03:36:11.330980 139918092940096 basic_session_run_hooks.py:606] Saving checkpoints for 116953 into Data/cylinder_flow/mgtn/checkpoint/model.ckpt.
INFO:tensorflow:global_step/sec: 0.980475
I0614 03:37:01.101256 139918092940096 basic_session_run_hooks.py:692] global_step/sec: 0.980475
I0614 03:37:01.101748 139918092940096 run_model.py:87] Step 117000: Loss 0.0625969
INFO:tensorflow:global_step/sec: 0.982418
I0614 03:38:42.890962 139918092940096 basic_session_run_hooks.py:692] global_step/sec: 0.982418
INFO:tensorflow:global_step/sec: 0.98863
I0614 03:40:24.041009 139918092940096 basic_session_run_hooks.py:692] global_step/sec: 0.98863
INFO:tensorflow:global_step/sec: 0.972333
I0614 03:42:06.886456 139918092940096 basic_session_run_hooks.py:692] global_step/sec: 0.972333
INFO:tensorflow:global_step/sec: 0.976857
I0614 03:43:49.255669 139918092940096 basic_session_run_hooks.py:692] global_step/sec: 0.976857
INFO:tensorflow:global_step/sec: 0.984951
I0614 03:45:30.783487 139918092940096 basic_session_run_hooks.py:692] global_step/sec: 0.984951
INFO:tensorflow:Saving checkpoints for 117542 into Data/cylinder_flow/mgtn/checkpoint/model.ckpt.
I0614 03:46:11.926848 139918092940096 basic_session_run_hooks.py:606] Saving checkpoints for 117542 into Data/cylinder_flow/mgtn/checkpoint/model.ckpt.
INFO:tensorflow:global_step/sec: 0.973387
I0614 03:47:13.517544 139918092940096 basic_session_run_hooks.py:692] global_step/sec: 0.973387
INFO:tensorflow:global_step/sec: 1.00932
I0614 03:48:52.594351 139918092940096 basic_session_run_hooks.py:692] global_step/sec: 1.00932
INFO:tensorflow:global_step/sec: 0.976668
I0614 03:50:34.983296 139918092940096 basic_session_run_hooks.py:692] global_step/sec: 0.976668
INFO:tensorflow:global_step/sec: 0.981303
I0614 03:52:16.888555 139918092940096 basic_session_run_hooks.py:692] global_step/sec: 0.981303
INFO:tensorflow:global_step/sec: 0.98951
I0614 03:53:57.948657 139918092940096 basic_session_run_hooks.py:692] global_step/sec: 0.98951
I0614 03:53:57.949409 139918092940096 run_model.py:87] Step 118000: Loss 0.112078
INFO:tensorflow:global_step/sec: 0.996459
I0614 03:55:38.304013 139918092940096 basic_session_run_hooks.py:692] global_step/sec: 0.996459
INFO:tensorflow:Saving checkpoints for 118135 into Data/cylinder_flow/mgtn/checkpoint/model.ckpt.
I0614 03:56:12.727695 139918092940096 basic_session_run_hooks.py:606] Saving checkpoints for 118135 into Data/cylinder_flow/mgtn/checkpoint/model.ckpt.
INFO:tensorflow:global_step/sec: 0.973882
I0614 03:57:20.985937 139918092940096 basic_session_run_hooks.py:692] global_step/sec: 0.973882
INFO:tensorflow:global_step/sec: 0.987274
I0614 03:59:02.274863 139918092940096 basic_session_run_hooks.py:692] global_step/sec: 0.987274
INFO:tensorflow:global_step/sec: 0.980349
I0614 04:00:44.279379 139918092940096 basic_session_run_hooks.py:692] global_step/sec: 0.980349
INFO:tensorflow:global_step/sec: 0.983827
I0614 04:02:25.923267 139918092940096 basic_session_run_hooks.py:692] global_step/sec: 0.983827
INFO:tensorflow:global_step/sec: 0.967371
I0614 04:04:09.296295 139918092940096 basic_session_run_hooks.py:692] global_step/sec: 0.967371
INFO:tensorflow:global_step/sec: 0.984338
I0614 04:05:50.887362 139918092940096 basic_session_run_hooks.py:692] global_step/sec: 0.984338
INFO:tensorflow:Saving checkpoints for 118724 into Data/cylinder_flow/mgtn/checkpoint/model.ckpt.
I0614 04:06:13.537370 139918092940096 basic_session_run_hooks.py:606] Saving checkpoints for 118724 into Data/cylinder_flow/mgtn/checkpoint/model.ckpt.
INFO:tensorflow:global_step/sec: 0.981811
I0614 04:07:32.740086 139918092940096 basic_session_run_hooks.py:692] global_step/sec: 0.981811
INFO:tensorflow:global_step/sec: 0.981275
I0614 04:09:14.648199 139918092940096 basic_session_run_hooks.py:692] global_step/sec: 0.981275
INFO:tensorflow:global_step/sec: 0.988297
I0614 04:10:55.832371 139918092940096 basic_session_run_hooks.py:692] global_step/sec: 0.988297
I0614 04:10:55.833108 139918092940096 run_model.py:87] Step 119000: Loss 0.068343
INFO:tensorflow:global_step/sec: 0.994751
I0614 04:12:36.360118 139918092940096 basic_session_run_hooks.py:692] global_step/sec: 0.994751
INFO:tensorflow:global_step/sec: 0.981969
I0614 04:14:18.196299 139918092940096 basic_session_run_hooks.py:692] global_step/sec: 0.981969
INFO:tensorflow:global_step/sec: 0.980669
I0614 04:16:00.167534 139918092940096 basic_session_run_hooks.py:692] global_step/sec: 0.980669
INFO:tensorflow:Saving checkpoints for 119315 into Data/cylinder_flow/mgtn/checkpoint/model.ckpt.
I0614 04:16:14.145348 139918092940096 basic_session_run_hooks.py:606] Saving checkpoints for 119315 into Data/cylinder_flow/mgtn/checkpoint/model.ckpt.
INFO:tensorflow:global_step/sec: 0.977213
I0614 04:17:42.499403 139918092940096 basic_session_run_hooks.py:692] global_step/sec: 0.977213
INFO:tensorflow:global_step/sec: 0.996826
I0614 04:19:22.817849 139918092940096 basic_session_run_hooks.py:692] global_step/sec: 0.996826
INFO:tensorflow:global_step/sec: 0.986468
I0614 04:21:04.189600 139918092940096 basic_session_run_hooks.py:692] global_step/sec: 0.986468
INFO:tensorflow:global_step/sec: 0.989352
I0614 04:22:45.265909 139918092940096 basic_session_run_hooks.py:692] global_step/sec: 0.989352
INFO:tensorflow:global_step/sec: 0.977042
I0614 04:24:27.615629 139918092940096 basic_session_run_hooks.py:692] global_step/sec: 0.977042
INFO:tensorflow:global_step/sec: 0.990711
I0614 04:26:08.553248 139918092940096 basic_session_run_hooks.py:692] global_step/sec: 0.990711
INFO:tensorflow:Saving checkpoints for 119907 into Data/cylinder_flow/mgtn/checkpoint/model.ckpt.
I0614 04:26:14.810962 139918092940096 basic_session_run_hooks.py:606] Saving checkpoints for 119907 into Data/cylinder_flow/mgtn/checkpoint/model.ckpt.
INFO:tensorflow:global_step/sec: 0.966555
I0614 04:27:52.013414 139918092940096 basic_session_run_hooks.py:692] global_step/sec: 0.966555
I0614 04:27:52.014107 139918092940096 run_model.py:87] Step 120000: Loss 0.0743965
INFO:tensorflow:global_step/sec: 0.989305
I0614 04:29:33.094436 139918092940096 basic_session_run_hooks.py:692] global_step/sec: 0.989305
INFO:tensorflow:global_step/sec: 0.993328
I0614 04:31:13.766151 139918092940096 basic_session_run_hooks.py:692] global_step/sec: 0.993328
INFO:tensorflow:global_step/sec: 0.997378
I0614 04:32:54.029125 139918092940096 basic_session_run_hooks.py:692] global_step/sec: 0.997378
INFO:tensorflow:global_step/sec: 0.966855
I0614 04:34:37.457217 139918092940096 basic_session_run_hooks.py:692] global_step/sec: 0.966855
INFO:tensorflow:Saving checkpoints for 120496 into Data/cylinder_flow/mgtn/checkpoint/model.ckpt.
I0614 04:36:15.440044 139918092940096 basic_session_run_hooks.py:606] Saving checkpoints for 120496 into Data/cylinder_flow/mgtn/checkpoint/model.ckpt.
INFO:tensorflow:global_step/sec: 0.957544
I0614 04:36:21.891135 139918092940096 basic_session_run_hooks.py:692] global_step/sec: 0.957544
INFO:tensorflow:global_step/sec: 0.986159
I0614 04:38:03.294580 139918092940096 basic_session_run_hooks.py:692] global_step/sec: 0.986159
INFO:tensorflow:global_step/sec: 0.987956
I0614 04:39:44.513641 139918092940096 basic_session_run_hooks.py:692] global_step/sec: 0.987956
INFO:tensorflow:global_step/sec: 0.990149
I0614 04:41:25.508514 139918092940096 basic_session_run_hooks.py:692] global_step/sec: 0.990149
INFO:tensorflow:global_step/sec: 0.983654
I0614 04:43:07.170293 139918092940096 basic_session_run_hooks.py:692] global_step/sec: 0.983654
INFO:tensorflow:global_step/sec: 0.986325
I0614 04:44:48.556815 139918092940096 basic_session_run_hooks.py:692] global_step/sec: 0.986325
I0614 04:44:48.557539 139918092940096 run_model.py:87] Step 121000: Loss 0.0526507
INFO:tensorflow:Saving checkpoints for 121085 into Data/cylinder_flow/mgtn/checkpoint/model.ckpt.
I0614 04:46:15.540860 139918092940096 basic_session_run_hooks.py:606] Saving checkpoints for 121085 into Data/cylinder_flow/mgtn/checkpoint/model.ckpt.
INFO:tensorflow:global_step/sec: 0.950767
I0614 04:46:33.735078 139918092940096 basic_session_run_hooks.py:692] global_step/sec: 0.950767
INFO:tensorflow:global_step/sec: 0.974125
I0614 04:48:16.391208 139918092940096 basic_session_run_hooks.py:692] global_step/sec: 0.974125
INFO:tensorflow:global_step/sec: 0.966081
I0614 04:49:59.902199 139918092940096 basic_session_run_hooks.py:692] global_step/sec: 0.966081
INFO:tensorflow:global_step/sec: 0.971861
I0614 04:51:42.797577 139918092940096 basic_session_run_hooks.py:692] global_step/sec: 0.971861
INFO:tensorflow:global_step/sec: 0.988649
I0614 04:53:23.945679 139918092940096 basic_session_run_hooks.py:692] global_step/sec: 0.988649
INFO:tensorflow:global_step/sec: 0.985309
I0614 04:55:05.436701 139918092940096 basic_session_run_hooks.py:692] global_step/sec: 0.985309
INFO:tensorflow:Saving checkpoints for 121670 into Data/cylinder_flow/mgtn/checkpoint/model.ckpt.
I0614 04:56:16.363545 139918092940096 basic_session_run_hooks.py:606] Saving checkpoints for 121670 into Data/cylinder_flow/mgtn/checkpoint/model.ckpt.
INFO:tensorflow:global_step/sec: 0.951459
I0614 04:56:50.538427 139918092940096 basic_session_run_hooks.py:692] global_step/sec: 0.951459
INFO:tensorflow:global_step/sec: 0.97946
I0614 04:58:32.635593 139918092940096 basic_session_run_hooks.py:692] global_step/sec: 0.97946
INFO:tensorflow:global_step/sec: 0.977169
I0614 05:00:14.972066 139918092940096 basic_session_run_hooks.py:692] global_step/sec: 0.977169
INFO:tensorflow:global_step/sec: 0.982822
I0614 05:01:56.719964 139918092940096 basic_session_run_hooks.py:692] global_step/sec: 0.982822
I0614 05:01:56.721184 139918092940096 run_model.py:87] Step 122000: Loss 0.0374839
INFO:tensorflow:global_step/sec: 0.986622
I0614 05:03:38.075828 139918092940096 basic_session_run_hooks.py:692] global_step/sec: 0.986622
INFO:tensorflow:global_step/sec: 0.979136
I0614 05:05:20.206708 139918092940096 basic_session_run_hooks.py:692] global_step/sec: 0.979136
INFO:tensorflow:Saving checkpoints for 122256 into Data/cylinder_flow/mgtn/checkpoint/model.ckpt.
I0614 05:06:16.822746 139918092940096 basic_session_run_hooks.py:606] Saving checkpoints for 122256 into Data/cylinder_flow/mgtn/checkpoint/model.ckpt.
INFO:tensorflow:global_step/sec: 0.97381
I0614 05:07:02.896161 139918092940096 basic_session_run_hooks.py:692] global_step/sec: 0.97381
INFO:tensorflow:global_step/sec: 1.01314
I0614 05:08:41.599159 139918092940096 basic_session_run_hooks.py:692] global_step/sec: 1.01314
INFO:tensorflow:global_step/sec: 1.00983
I0614 05:10:20.626150 139918092940096 basic_session_run_hooks.py:692] global_step/sec: 1.00983
INFO:tensorflow:global_step/sec: 0.991384
I0614 05:12:01.495230 139918092940096 basic_session_run_hooks.py:692] global_step/sec: 0.991384
INFO:tensorflow:global_step/sec: 0.994972
I0614 05:13:42.000596 139918092940096 basic_session_run_hooks.py:692] global_step/sec: 0.994972
INFO:tensorflow:global_step/sec: 0.988513
I0614 05:15:23.162615 139918092940096 basic_session_run_hooks.py:692] global_step/sec: 0.988513
INFO:tensorflow:Saving checkpoints for 122854 into Data/cylinder_flow/mgtn/checkpoint/model.ckpt.
I0614 05:16:17.048216 139918092940096 basic_session_run_hooks.py:606] Saving checkpoints for 122854 into Data/cylinder_flow/mgtn/checkpoint/model.ckpt.
INFO:tensorflow:global_step/sec: 0.971147
I0614 05:17:06.133665 139918092940096 basic_session_run_hooks.py:692] global_step/sec: 0.971147
INFO:tensorflow:global_step/sec: 0.981213
I0614 05:18:48.048328 139918092940096 basic_session_run_hooks.py:692] global_step/sec: 0.981213
I0614 05:18:48.049388 139918092940096 run_model.py:87] Step 123000: Loss 0.154007
INFO:tensorflow:global_step/sec: 0.984389
I0614 05:20:29.634215 139918092940096 basic_session_run_hooks.py:692] global_step/sec: 0.984389
INFO:tensorflow:global_step/sec: 0.990663
I0614 05:22:10.576691 139918092940096 basic_session_run_hooks.py:692] global_step/sec: 0.990663
INFO:tensorflow:global_step/sec: 0.989242
I0614 05:23:51.664101 139918092940096 basic_session_run_hooks.py:692] global_step/sec: 0.989242
INFO:tensorflow:global_step/sec: 0.967868
I0614 05:25:34.984047 139918092940096 basic_session_run_hooks.py:692] global_step/sec: 0.967868
INFO:tensorflow:Saving checkpoints for 123443 into Data/cylinder_flow/mgtn/checkpoint/model.ckpt.
I0614 05:26:17.601249 139918092940096 basic_session_run_hooks.py:606] Saving checkpoints for 123443 into Data/cylinder_flow/mgtn/checkpoint/model.ckpt.
INFO:tensorflow:global_step/sec: 0.969326
I0614 05:27:18.148471 139918092940096 basic_session_run_hooks.py:692] global_step/sec: 0.969326
INFO:tensorflow:global_step/sec: 0.999782
I0614 05:28:58.170326 139918092940096 basic_session_run_hooks.py:692] global_step/sec: 0.999782
INFO:tensorflow:global_step/sec: 0.987769
I0614 05:30:39.408504 139918092940096 basic_session_run_hooks.py:692] global_step/sec: 0.987769
INFO:tensorflow:global_step/sec: 0.979342
I0614 05:32:21.517878 139918092940096 basic_session_run_hooks.py:692] global_step/sec: 0.979342
INFO:tensorflow:global_step/sec: 0.973964
I0614 05:34:04.191072 139918092940096 basic_session_run_hooks.py:692] global_step/sec: 0.973964
INFO:tensorflow:global_step/sec: 0.995052
I0614 05:35:44.688330 139918092940096 basic_session_run_hooks.py:692] global_step/sec: 0.995052
I0614 05:35:44.689553 139918092940096 run_model.py:87] Step 124000: Loss 0.193605
INFO:tensorflow:Saving checkpoints for 124034 into Data/cylinder_flow/mgtn/checkpoint/model.ckpt.
I0614 05:36:18.167696 139918092940096 basic_session_run_hooks.py:606] Saving checkpoints for 124034 into Data/cylinder_flow/mgtn/checkpoint/model.ckpt.
INFO:tensorflow:global_step/sec: 0.973697
I0614 05:37:27.389666 139918092940096 basic_session_run_hooks.py:692] global_step/sec: 0.973697
INFO:tensorflow:global_step/sec: 0.979139
I0614 05:39:09.520200 139918092940096 basic_session_run_hooks.py:692] global_step/sec: 0.979139
INFO:tensorflow:global_step/sec: 0.989313
I0614 05:40:50.600443 139918092940096 basic_session_run_hooks.py:692] global_step/sec: 0.989313
INFO:tensorflow:global_step/sec: 0.988245
I0614 05:42:31.789981 139918092940096 basic_session_run_hooks.py:692] global_step/sec: 0.988245
INFO:tensorflow:global_step/sec: 1.0012
I0614 05:44:11.670566 139918092940096 basic_session_run_hooks.py:692] global_step/sec: 1.0012
INFO:tensorflow:global_step/sec: 1.00026
I0614 05:45:51.644975 139918092940096 basic_session_run_hooks.py:692] global_step/sec: 1.00026
INFO:tensorflow:Saving checkpoints for 124628 into Data/cylinder_flow/mgtn/checkpoint/model.ckpt.
I0614 05:46:18.395420 139918092940096 basic_session_run_hooks.py:606] Saving checkpoints for 124628 into Data/cylinder_flow/mgtn/checkpoint/model.ckpt.
INFO:tensorflow:global_step/sec: 0.987511
I0614 05:47:32.909635 139918092940096 basic_session_run_hooks.py:692] global_step/sec: 0.987511
INFO:tensorflow:global_step/sec: 0.99976
I0614 05:49:12.933686 139918092940096 basic_session_run_hooks.py:692] global_step/sec: 0.99976
INFO:tensorflow:global_step/sec: 1.00232
I0614 05:50:52.701795 139918092940096 basic_session_run_hooks.py:692] global_step/sec: 1.00232
INFO:tensorflow:global_step/sec: 0.987352
I0614 05:52:33.982711 139918092940096 basic_session_run_hooks.py:692] global_step/sec: 0.987352
I0614 05:52:33.984281 139918092940096 run_model.py:87] Step 125000: Loss 0.131993
INFO:tensorflow:global_step/sec: 1.0052
I0614 05:54:13.465360 139918092940096 basic_session_run_hooks.py:692] global_step/sec: 1.0052
INFO:tensorflow:global_step/sec: 0.999969
I0614 05:55:53.468499 139918092940096 basic_session_run_hooks.py:692] global_step/sec: 0.999969
INFO:tensorflow:Saving checkpoints for 125227 into Data/cylinder_flow/mgtn/checkpoint/model.ckpt.
I0614 05:56:18.526610 139918092940096 basic_session_run_hooks.py:606] Saving checkpoints for 125227 into Data/cylinder_flow/mgtn/checkpoint/model.ckpt.
INFO:tensorflow:global_step/sec: 0.989145
I0614 05:57:34.565903 139918092940096 basic_session_run_hooks.py:692] global_step/sec: 0.989145
INFO:tensorflow:global_step/sec: 0.992483
I0614 05:59:15.323337 139918092940096 basic_session_run_hooks.py:692] global_step/sec: 0.992483
INFO:tensorflow:global_step/sec: 1.01029
I0614 06:00:54.304601 139918092940096 basic_session_run_hooks.py:692] global_step/sec: 1.01029
INFO:tensorflow:global_step/sec: 0.982263
I0614 06:02:36.110251 139918092940096 basic_session_run_hooks.py:692] global_step/sec: 0.982263
INFO:tensorflow:global_step/sec: 0.982571
I0614 06:04:17.884072 139918092940096 basic_session_run_hooks.py:692] global_step/sec: 0.982571
INFO:tensorflow:global_step/sec: 0.985902
I0614 06:05:59.314066 139918092940096 basic_session_run_hooks.py:692] global_step/sec: 0.985902
INFO:tensorflow:Saving checkpoints for 125821 into Data/cylinder_flow/mgtn/checkpoint/model.ckpt.
I0614 06:06:19.431618 139918092940096 basic_session_run_hooks.py:606] Saving checkpoints for 125821 into Data/cylinder_flow/mgtn/checkpoint/model.ckpt.
INFO:tensorflow:global_step/sec: 0.980043
I0614 06:07:41.350380 139918092940096 basic_session_run_hooks.py:692] global_step/sec: 0.980043
INFO:tensorflow:global_step/sec: 0.971239
I0614 06:09:24.311574 139918092940096 basic_session_run_hooks.py:692] global_step/sec: 0.971239
I0614 06:09:24.312629 139918092940096 run_model.py:87] Step 126000: Loss 0.105445
INFO:tensorflow:global_step/sec: 0.996148
I0614 06:11:04.698304 139918092940096 basic_session_run_hooks.py:692] global_step/sec: 0.996148
INFO:tensorflow:global_step/sec: 0.987839
I0614 06:12:45.929392 139918092940096 basic_session_run_hooks.py:692] global_step/sec: 0.987839
INFO:tensorflow:global_step/sec: 0.979691
I0614 06:14:28.002430 139918092940096 basic_session_run_hooks.py:692] global_step/sec: 0.979691
INFO:tensorflow:global_step/sec: 0.96731
I0614 06:16:11.381890 139918092940096 basic_session_run_hooks.py:692] global_step/sec: 0.96731
INFO:tensorflow:Saving checkpoints for 126409 into Data/cylinder_flow/mgtn/checkpoint/model.ckpt.
I0614 06:16:19.509440 139918092940096 basic_session_run_hooks.py:606] Saving checkpoints for 126409 into Data/cylinder_flow/mgtn/checkpoint/model.ckpt.
INFO:tensorflow:global_step/sec: 0.97382
I0614 06:17:54.070363 139918092940096 basic_session_run_hooks.py:692] global_step/sec: 0.97382
INFO:tensorflow:global_step/sec: 1.00003
I0614 06:19:34.067511 139918092940096 basic_session_run_hooks.py:692] global_step/sec: 1.00003
INFO:tensorflow:global_step/sec: 0.984595
I0614 06:21:15.632164 139918092940096 basic_session_run_hooks.py:692] global_step/sec: 0.984595
INFO:tensorflow:global_step/sec: 0.990489
I0614 06:22:56.592454 139918092940096 basic_session_run_hooks.py:692] global_step/sec: 0.990489
INFO:tensorflow:global_step/sec: 0.992154
I0614 06:24:37.383240 139918092940096 basic_session_run_hooks.py:692] global_step/sec: 0.992154
INFO:tensorflow:Saving checkpoints for 127000 into Data/cylinder_flow/mgtn/checkpoint/model.ckpt.
I0614 06:26:19.705736 139918092940096 basic_session_run_hooks.py:606] Saving checkpoints for 127000 into Data/cylinder_flow/mgtn/checkpoint/model.ckpt.
INFO:tensorflow:global_step/sec: 0.952488
I0614 06:26:22.371403 139918092940096 basic_session_run_hooks.py:692] global_step/sec: 0.952488
I0614 06:26:22.371921 139918092940096 run_model.py:87] Step 127000: Loss 0.0492266
INFO:tensorflow:global_step/sec: 0.967251
I0614 06:28:05.757159 139918092940096 basic_session_run_hooks.py:692] global_step/sec: 0.967251
INFO:tensorflow:global_step/sec: 0.99903
I0614 06:29:45.854227 139918092940096 basic_session_run_hooks.py:692] global_step/sec: 0.99903
INFO:tensorflow:global_step/sec: 0.992872
I0614 06:31:26.572129 139918092940096 basic_session_run_hooks.py:692] global_step/sec: 0.992872
INFO:tensorflow:global_step/sec: 0.991837
I0614 06:33:07.395162 139918092940096 basic_session_run_hooks.py:692] global_step/sec: 0.991837
INFO:tensorflow:global_step/sec: 0.994054
I0614 06:34:47.993310 139918092940096 basic_session_run_hooks.py:692] global_step/sec: 0.994054
INFO:tensorflow:Saving checkpoints for 127593 into Data/cylinder_flow/mgtn/checkpoint/model.ckpt.
I0614 06:36:20.414850 139918092940096 basic_session_run_hooks.py:606] Saving checkpoints for 127593 into Data/cylinder_flow/mgtn/checkpoint/model.ckpt.
INFO:tensorflow:global_step/sec: 0.978412
I0614 06:36:30.199732 139918092940096 basic_session_run_hooks.py:692] global_step/sec: 0.978412
INFO:tensorflow:global_step/sec: 0.999056
I0614 06:38:10.294210 139918092940096 basic_session_run_hooks.py:692] global_step/sec: 0.999056
INFO:tensorflow:global_step/sec: 1.00931
I0614 06:39:49.371989 139918092940096 basic_session_run_hooks.py:692] global_step/sec: 1.00931
INFO:tensorflow:global_step/sec: 0.981865
I0614 06:41:31.218922 139918092940096 basic_session_run_hooks.py:692] global_step/sec: 0.981865
INFO:tensorflow:global_step/sec: 0.98835
I0614 06:43:12.397672 139918092940096 basic_session_run_hooks.py:692] global_step/sec: 0.98835
I0614 06:43:12.398848 139918092940096 run_model.py:87] Step 128000: Loss 0.141554
INFO:tensorflow:global_step/sec: 0.986866
I0614 06:44:53.728482 139918092940096 basic_session_run_hooks.py:692] global_step/sec: 0.986866
INFO:tensorflow:Saving checkpoints for 128186 into Data/cylinder_flow/mgtn/checkpoint/model.ckpt.
I0614 06:46:20.821506 139918092940096 basic_session_run_hooks.py:606] Saving checkpoints for 128186 into Data/cylinder_flow/mgtn/checkpoint/model.ckpt.
INFO:tensorflow:global_step/sec: 0.961689
I0614 06:46:37.712241 139918092940096 basic_session_run_hooks.py:692] global_step/sec: 0.961689
INFO:tensorflow:global_step/sec: 1.02262
I0614 06:48:15.500136 139918092940096 basic_session_run_hooks.py:692] global_step/sec: 1.02262
INFO:tensorflow:global_step/sec: 1.00744
I0614 06:49:54.761791 139918092940096 basic_session_run_hooks.py:692] global_step/sec: 1.00744
INFO:tensorflow:global_step/sec: 1.01714
I0614 06:51:33.076540 139918092940096 basic_session_run_hooks.py:692] global_step/sec: 1.01714
INFO:tensorflow:global_step/sec: 1.02411
I0614 06:53:10.721888 139918092940096 basic_session_run_hooks.py:692] global_step/sec: 1.02411
INFO:tensorflow:global_step/sec: 1.0105
I0614 06:54:49.682516 139918092940096 basic_session_run_hooks.py:692] global_step/sec: 1.0105
INFO:tensorflow:Saving checkpoints for 128791 into Data/cylinder_flow/mgtn/checkpoint/model.ckpt.
I0614 06:56:21.790630 139918092940096 basic_session_run_hooks.py:606] Saving checkpoints for 128791 into Data/cylinder_flow/mgtn/checkpoint/model.ckpt.
INFO:tensorflow:global_step/sec: 0.967385
I0614 06:56:33.054019 139918092940096 basic_session_run_hooks.py:692] global_step/sec: 0.967385
INFO:tensorflow:global_step/sec: 0.992723
I0614 06:58:13.787001 139918092940096 basic_session_run_hooks.py:692] global_step/sec: 0.992723
INFO:tensorflow:global_step/sec: 0.992223
I0614 06:59:54.570817 139918092940096 basic_session_run_hooks.py:692] global_step/sec: 0.992223
I0614 06:59:54.571887 139918092940096 run_model.py:87] Step 129000: Loss 0.0450927
INFO:tensorflow:global_step/sec: 0.983411
I0614 07:01:36.257746 139918092940096 basic_session_run_hooks.py:692] global_step/sec: 0.983411
INFO:tensorflow:global_step/sec: 0.98341
I0614 07:03:17.944702 139918092940096 basic_session_run_hooks.py:692] global_step/sec: 0.98341
INFO:tensorflow:global_step/sec: 0.985988
I0614 07:04:59.365826 139918092940096 basic_session_run_hooks.py:692] global_step/sec: 0.985988
INFO:tensorflow:Saving checkpoints for 129383 into Data/cylinder_flow/mgtn/checkpoint/model.ckpt.
I0614 07:06:22.306304 139918092940096 basic_session_run_hooks.py:606] Saving checkpoints for 129383 into Data/cylinder_flow/mgtn/checkpoint/model.ckpt.
INFO:tensorflow:global_step/sec: 0.982347
I0614 07:06:41.162850 139918092940096 basic_session_run_hooks.py:692] global_step/sec: 0.982347
INFO:tensorflow:global_step/sec: 1.00521
I0614 07:08:20.644844 139918092940096 basic_session_run_hooks.py:692] global_step/sec: 1.00521
INFO:tensorflow:global_step/sec: 0.996482
I0614 07:10:00.997846 139918092940096 basic_session_run_hooks.py:692] global_step/sec: 0.996482
INFO:tensorflow:global_step/sec: 1.01195
I0614 07:11:39.816522 139918092940096 basic_session_run_hooks.py:692] global_step/sec: 1.01195
INFO:tensorflow:global_step/sec: 1.01965
I0614 07:13:17.889543 139918092940096 basic_session_run_hooks.py:692] global_step/sec: 1.01965
INFO:tensorflow:global_step/sec: 1.02068
I0614 07:14:55.863271 139918092940096 basic_session_run_hooks.py:692] global_step/sec: 1.02068
INFO:tensorflow:Saving checkpoints for 129989 into Data/cylinder_flow/mgtn/checkpoint/model.ckpt.
I0614 07:16:23.030963 139918092940096 basic_session_run_hooks.py:606] Saving checkpoints for 129989 into Data/cylinder_flow/mgtn/checkpoint/model.ckpt.
INFO:tensorflow:global_step/sec: 0.991707
I0614 07:16:36.699539 139918092940096 basic_session_run_hooks.py:692] global_step/sec: 0.991707
I0614 07:16:36.700168 139918092940096 run_model.py:87] Step 130000: Loss 0.1847
INFO:tensorflow:global_step/sec: 1.02089
I0614 07:18:14.653054 139918092940096 basic_session_run_hooks.py:692] global_step/sec: 1.02089
INFO:tensorflow:global_step/sec: 1.01038
I0614 07:19:53.625905 139918092940096 basic_session_run_hooks.py:692] global_step/sec: 1.01038
INFO:tensorflow:global_step/sec: 0.999401
I0614 07:21:33.685883 139918092940096 basic_session_run_hooks.py:692] global_step/sec: 0.999401
INFO:tensorflow:global_step/sec: 1.02089
I0614 07:23:11.639668 139918092940096 basic_session_run_hooks.py:692] global_step/sec: 1.02089
INFO:tensorflow:global_step/sec: 0.991776
I0614 07:24:52.468852 139918092940096 basic_session_run_hooks.py:692] global_step/sec: 0.991776
INFO:tensorflow:Saving checkpoints for 130594 into Data/cylinder_flow/mgtn/checkpoint/model.ckpt.
I0614 07:26:23.575909 139918092940096 basic_session_run_hooks.py:606] Saving checkpoints for 130594 into Data/cylinder_flow/mgtn/checkpoint/model.ckpt.
INFO:tensorflow:global_step/sec: 0.998923
I0614 07:26:32.576679 139918092940096 basic_session_run_hooks.py:692] global_step/sec: 0.998923
INFO:tensorflow:global_step/sec: 0.989158
I0614 07:28:13.672848 139918092940096 basic_session_run_hooks.py:692] global_step/sec: 0.989158
INFO:tensorflow:global_step/sec: 0.989941
I0614 07:29:54.688878 139918092940096 basic_session_run_hooks.py:692] global_step/sec: 0.989941
INFO:tensorflow:global_step/sec: 0.992206
I0614 07:31:35.474413 139918092940096 basic_session_run_hooks.py:692] global_step/sec: 0.992206
INFO:tensorflow:global_step/sec: 0.991903
I0614 07:33:16.290733 139918092940096 basic_session_run_hooks.py:692] global_step/sec: 0.991903
I0614 07:33:16.292222 139918092940096 run_model.py:87] Step 131000: Loss 0.0309222
INFO:tensorflow:global_step/sec: 0.99697
I0614 07:34:56.594668 139918092940096 basic_session_run_hooks.py:692] global_step/sec: 0.99697
INFO:tensorflow:Saving checkpoints for 131189 into Data/cylinder_flow/mgtn/checkpoint/model.ckpt.
I0614 07:36:24.056618 139918092940096 basic_session_run_hooks.py:606] Saving checkpoints for 131189 into Data/cylinder_flow/mgtn/checkpoint/model.ckpt.
INFO:tensorflow:global_step/sec: 0.993689
I0614 07:36:37.229846 139918092940096 basic_session_run_hooks.py:692] global_step/sec: 0.993689
INFO:tensorflow:global_step/sec: 0.990545
I0614 07:38:18.184273 139918092940096 basic_session_run_hooks.py:692] global_step/sec: 0.990545
INFO:tensorflow:global_step/sec: 0.992856
I0614 07:39:58.903845 139918092940096 basic_session_run_hooks.py:692] global_step/sec: 0.992856
INFO:tensorflow:global_step/sec: 0.975306
I0614 07:41:41.435786 139918092940096 basic_session_run_hooks.py:692] global_step/sec: 0.975306
INFO:tensorflow:global_step/sec: 0.977396
I0614 07:43:23.748447 139918092940096 basic_session_run_hooks.py:692] global_step/sec: 0.977396
INFO:tensorflow:global_step/sec: 0.975764
I0614 07:45:06.232208 139918092940096 basic_session_run_hooks.py:692] global_step/sec: 0.975764
INFO:tensorflow:Saving checkpoints for 131777 into Data/cylinder_flow/mgtn/checkpoint/model.ckpt.
I0614 07:46:24.683403 139918092940096 basic_session_run_hooks.py:606] Saving checkpoints for 131777 into Data/cylinder_flow/mgtn/checkpoint/model.ckpt.
INFO:tensorflow:global_step/sec: 0.959932
I0614 07:46:50.406210 139918092940096 basic_session_run_hooks.py:692] global_step/sec: 0.959932
INFO:tensorflow:global_step/sec: 0.976183
I0614 07:48:32.845987 139918092940096 basic_session_run_hooks.py:692] global_step/sec: 0.976183
INFO:tensorflow:global_step/sec: 0.969041
I0614 07:50:16.040852 139918092940096 basic_session_run_hooks.py:692] global_step/sec: 0.969041
I0614 07:50:16.041617 139918092940096 run_model.py:87] Step 132000: Loss 0.116789
INFO:tensorflow:global_step/sec: 0.959691
I0614 07:52:00.241071 139918092940096 basic_session_run_hooks.py:692] global_step/sec: 0.959691
INFO:tensorflow:global_step/sec: 0.977126
I0614 07:53:42.582041 139918092940096 basic_session_run_hooks.py:692] global_step/sec: 0.977126
INFO:tensorflow:global_step/sec: 0.970884
I0614 07:55:25.581016 139918092940096 basic_session_run_hooks.py:692] global_step/sec: 0.970884
INFO:tensorflow:Saving checkpoints for 132359 into Data/cylinder_flow/mgtn/checkpoint/model.ckpt.
I0614 07:56:25.327529 139918092940096 basic_session_run_hooks.py:606] Saving checkpoints for 132359 into Data/cylinder_flow/mgtn/checkpoint/model.ckpt.
INFO:tensorflow:global_step/sec: 0.945483
I0614 07:57:11.347044 139918092940096 basic_session_run_hooks.py:692] global_step/sec: 0.945483
INFO:tensorflow:global_step/sec: 0.951769
I0614 07:58:56.414496 139918092940096 basic_session_run_hooks.py:692] global_step/sec: 0.951769
INFO:tensorflow:global_step/sec: 0.975383
I0614 08:00:38.938345 139918092940096 basic_session_run_hooks.py:692] global_step/sec: 0.975383
INFO:tensorflow:global_step/sec: 0.974808
I0614 08:02:21.522699 139918092940096 basic_session_run_hooks.py:692] global_step/sec: 0.974808
INFO:tensorflow:global_step/sec: 0.950792
I0614 08:04:06.698192 139918092940096 basic_session_run_hooks.py:692] global_step/sec: 0.950792
INFO:tensorflow:global_step/sec: 0.952531
I0614 08:05:51.681642 139918092940096 basic_session_run_hooks.py:692] global_step/sec: 0.952531
INFO:tensorflow:Saving checkpoints for 132933 into Data/cylinder_flow/mgtn/checkpoint/model.ckpt.
I0614 08:06:25.457404 139918092940096 basic_session_run_hooks.py:606] Saving checkpoints for 132933 into Data/cylinder_flow/mgtn/checkpoint/model.ckpt.
INFO:tensorflow:global_step/sec: 0.943608
I0614 08:07:37.657911 139918092940096 basic_session_run_hooks.py:692] global_step/sec: 0.943608
I0614 08:07:37.658827 139918092940096 run_model.py:87] Step 133000: Loss 0.127258
INFO:tensorflow:global_step/sec: 0.962375
I0614 08:09:21.567497 139918092940096 basic_session_run_hooks.py:692] global_step/sec: 0.962375
INFO:tensorflow:global_step/sec: 0.972475
I0614 08:11:04.397971 139918092940096 basic_session_run_hooks.py:692] global_step/sec: 0.972475
INFO:tensorflow:global_step/sec: 0.978395
I0614 08:12:46.606147 139918092940096 basic_session_run_hooks.py:692] global_step/sec: 0.978395
INFO:tensorflow:global_step/sec: 0.970455
I0614 08:14:29.650694 139918092940096 basic_session_run_hooks.py:692] global_step/sec: 0.970455
INFO:tensorflow:global_step/sec: 0.960214
I0614 08:16:13.794125 139918092940096 basic_session_run_hooks.py:692] global_step/sec: 0.960214
INFO:tensorflow:Saving checkpoints for 133513 into Data/cylinder_flow/mgtn/checkpoint/model.ckpt.
I0614 08:16:26.107302 139918092940096 basic_session_run_hooks.py:606] Saving checkpoints for 133513 into Data/cylinder_flow/mgtn/checkpoint/model.ckpt.
INFO:tensorflow:global_step/sec: 0.945681
I0614 08:17:59.537972 139918092940096 basic_session_run_hooks.py:692] global_step/sec: 0.945681
INFO:tensorflow:global_step/sec: 0.962322
I0614 08:19:43.453243 139918092940096 basic_session_run_hooks.py:692] global_step/sec: 0.962322
INFO:tensorflow:global_step/sec: 0.955676
I0614 08:21:28.091220 139918092940096 basic_session_run_hooks.py:692] global_step/sec: 0.955676
INFO:tensorflow:global_step/sec: 0.941908
I0614 08:23:14.258654 139918092940096 basic_session_run_hooks.py:692] global_step/sec: 0.941908
INFO:tensorflow:global_step/sec: 0.987552
I0614 08:24:55.519141 139918092940096 basic_session_run_hooks.py:692] global_step/sec: 0.987552
I0614 08:24:55.519855 139918092940096 run_model.py:87] Step 134000: Loss 0.0715827
INFO:tensorflow:Saving checkpoints for 134087 into Data/cylinder_flow/mgtn/checkpoint/model.ckpt.
I0614 08:26:26.228634 139918092940096 basic_session_run_hooks.py:606] Saving checkpoints for 134087 into Data/cylinder_flow/mgtn/checkpoint/model.ckpt.
INFO:tensorflow:global_step/sec: 0.930097
I0614 08:26:43.034798 139918092940096 basic_session_run_hooks.py:692] global_step/sec: 0.930097
INFO:tensorflow:global_step/sec: 0.962703
I0614 08:28:26.908953 139918092940096 basic_session_run_hooks.py:692] global_step/sec: 0.962703
INFO:tensorflow:global_step/sec: 0.96112
I0614 08:30:10.954221 139918092940096 basic_session_run_hooks.py:692] global_step/sec: 0.96112
INFO:tensorflow:global_step/sec: 0.958833
I0614 08:31:55.247632 139918092940096 basic_session_run_hooks.py:692] global_step/sec: 0.958833
INFO:tensorflow:global_step/sec: 0.948373
I0614 08:33:40.691387 139918092940096 basic_session_run_hooks.py:692] global_step/sec: 0.948373
INFO:tensorflow:global_step/sec: 0.947867
I0614 08:35:26.191450 139918092940096 basic_session_run_hooks.py:692] global_step/sec: 0.947867
INFO:tensorflow:Saving checkpoints for 134658 into Data/cylinder_flow/mgtn/checkpoint/model.ckpt.
I0614 08:36:26.686365 139918092940096 basic_session_run_hooks.py:606] Saving checkpoints for 134658 into Data/cylinder_flow/mgtn/checkpoint/model.ckpt.
INFO:tensorflow:global_step/sec: 0.932812
I0614 08:37:13.394249 139918092940096 basic_session_run_hooks.py:692] global_step/sec: 0.932812
INFO:tensorflow:global_step/sec: 0.951029
I0614 08:38:58.543431 139918092940096 basic_session_run_hooks.py:692] global_step/sec: 0.951029
INFO:tensorflow:global_step/sec: 0.935305
I0614 08:40:45.460430 139918092940096 basic_session_run_hooks.py:692] global_step/sec: 0.935305
INFO:tensorflow:global_step/sec: 0.943572
I0614 08:42:31.440723 139918092940096 basic_session_run_hooks.py:692] global_step/sec: 0.943572
I0614 08:42:31.441993 139918092940096 run_model.py:87] Step 135000: Loss 0.0761179
INFO:tensorflow:global_step/sec: 0.965556
I0614 08:44:15.007940 139918092940096 basic_session_run_hooks.py:692] global_step/sec: 0.965556
INFO:tensorflow:global_step/sec: 0.942128
I0614 08:46:01.150641 139918092940096 basic_session_run_hooks.py:692] global_step/sec: 0.942128
INFO:tensorflow:Saving checkpoints for 135225 into Data/cylinder_flow/mgtn/checkpoint/model.ckpt.
I0614 08:46:26.995348 139918092940096 basic_session_run_hooks.py:606] Saving checkpoints for 135225 into Data/cylinder_flow/mgtn/checkpoint/model.ckpt.
INFO:tensorflow:global_step/sec: 0.938675
I0614 08:47:47.683815 139918092940096 basic_session_run_hooks.py:692] global_step/sec: 0.938675
INFO:tensorflow:global_step/sec: 0.972424
I0614 08:49:30.519498 139918092940096 basic_session_run_hooks.py:692] global_step/sec: 0.972424
INFO:tensorflow:global_step/sec: 0.963576
I0614 08:51:14.299631 139918092940096 basic_session_run_hooks.py:692] global_step/sec: 0.963576
INFO:tensorflow:global_step/sec: 0.965874
I0614 08:52:57.832813 139918092940096 basic_session_run_hooks.py:692] global_step/sec: 0.965874
INFO:tensorflow:global_step/sec: 0.962556
I0614 08:54:41.722790 139918092940096 basic_session_run_hooks.py:692] global_step/sec: 0.962556
INFO:tensorflow:global_step/sec: 0.954729
I0614 08:56:26.464608 139918092940096 basic_session_run_hooks.py:692] global_step/sec: 0.954729
INFO:tensorflow:Saving checkpoints for 135802 into Data/cylinder_flow/mgtn/checkpoint/model.ckpt.
I0614 08:56:27.391499 139918092940096 basic_session_run_hooks.py:606] Saving checkpoints for 135802 into Data/cylinder_flow/mgtn/checkpoint/model.ckpt.
INFO:tensorflow:global_step/sec: 0.94944
I0614 08:58:11.789963 139918092940096 basic_session_run_hooks.py:692] global_step/sec: 0.94944
INFO:tensorflow:global_step/sec: 0.965251
I0614 08:59:55.389901 139918092940096 basic_session_run_hooks.py:692] global_step/sec: 0.965251
I0614 08:59:55.391044 139918092940096 run_model.py:87] Step 136000: Loss 0.0467641
INFO:tensorflow:global_step/sec: 0.944959
I0614 09:01:41.214593 139918092940096 basic_session_run_hooks.py:692] global_step/sec: 0.944959
INFO:tensorflow:global_step/sec: 0.96112
I0614 09:03:25.259886 139918092940096 basic_session_run_hooks.py:692] global_step/sec: 0.96112
INFO:tensorflow:global_step/sec: 0.951704
I0614 09:05:10.334587 139918092940096 basic_session_run_hooks.py:692] global_step/sec: 0.951704
INFO:tensorflow:Saving checkpoints for 136375 into Data/cylinder_flow/mgtn/checkpoint/model.ckpt.
I0614 09:06:27.708798 139918092940096 basic_session_run_hooks.py:606] Saving checkpoints for 136375 into Data/cylinder_flow/mgtn/checkpoint/model.ckpt.
INFO:tensorflow:global_step/sec: 0.943472
I0614 09:06:56.325970 139918092940096 basic_session_run_hooks.py:692] global_step/sec: 0.943472
INFO:tensorflow:global_step/sec: 0.964231
I0614 09:08:40.035620 139918092940096 basic_session_run_hooks.py:692] global_step/sec: 0.964231
INFO:tensorflow:global_step/sec: 0.945071
I0614 09:10:25.847820 139918092940096 basic_session_run_hooks.py:692] global_step/sec: 0.945071
INFO:tensorflow:global_step/sec: 0.945653
I0614 09:12:11.594873 139918092940096 basic_session_run_hooks.py:692] global_step/sec: 0.945653
INFO:tensorflow:global_step/sec: 0.963546
I0614 09:13:55.378233 139918092940096 basic_session_run_hooks.py:692] global_step/sec: 0.963546
INFO:tensorflow:global_step/sec: 0.941108
I0614 09:15:41.635953 139918092940096 basic_session_run_hooks.py:692] global_step/sec: 0.941108
INFO:tensorflow:Saving checkpoints for 136946 into Data/cylinder_flow/mgtn/checkpoint/model.ckpt.
I0614 09:16:28.580089 139918092940096 basic_session_run_hooks.py:606] Saving checkpoints for 136946 into Data/cylinder_flow/mgtn/checkpoint/model.ckpt.
INFO:tensorflow:global_step/sec: 0.952951
I0614 09:17:26.573142 139918092940096 basic_session_run_hooks.py:692] global_step/sec: 0.952951
I0614 09:17:26.573806 139918092940096 run_model.py:87] Step 137000: Loss 0.0543152
INFO:tensorflow:global_step/sec: 0.977608
I0614 09:19:08.863597 139918092940096 basic_session_run_hooks.py:692] global_step/sec: 0.977608
INFO:tensorflow:global_step/sec: 0.977217
I0614 09:20:51.195127 139918092940096 basic_session_run_hooks.py:692] global_step/sec: 0.977217
INFO:tensorflow:global_step/sec: 0.957549
I0614 09:22:35.628416 139918092940096 basic_session_run_hooks.py:692] global_step/sec: 0.957549
INFO:tensorflow:global_step/sec: 0.976134
I0614 09:24:18.073370 139918092940096 basic_session_run_hooks.py:692] global_step/sec: 0.976134
INFO:tensorflow:global_step/sec: 0.966127
I0614 09:26:01.579473 139918092940096 basic_session_run_hooks.py:692] global_step/sec: 0.966127
INFO:tensorflow:Saving checkpoints for 137528 into Data/cylinder_flow/mgtn/checkpoint/model.ckpt.
I0614 09:26:29.358150 139918092940096 basic_session_run_hooks.py:606] Saving checkpoints for 137528 into Data/cylinder_flow/mgtn/checkpoint/model.ckpt.
INFO:tensorflow:global_step/sec: 0.949962
I0614 09:27:46.846911 139918092940096 basic_session_run_hooks.py:692] global_step/sec: 0.949962
INFO:tensorflow:global_step/sec: 0.966817
I0614 09:29:30.279014 139918092940096 basic_session_run_hooks.py:692] global_step/sec: 0.966817
INFO:tensorflow:global_step/sec: 0.970398
I0614 09:31:13.329475 139918092940096 basic_session_run_hooks.py:692] global_step/sec: 0.970398
INFO:tensorflow:global_step/sec: 0.947669
I0614 09:32:58.851642 139918092940096 basic_session_run_hooks.py:692] global_step/sec: 0.947669
INFO:tensorflow:global_step/sec: 0.976407
I0614 09:34:41.267874 139918092940096 basic_session_run_hooks.py:692] global_step/sec: 0.976407
I0614 09:34:41.268652 139918092940096 run_model.py:87] Step 138000: Loss 0.244213
INFO:tensorflow:global_step/sec: 0.964642
I0614 09:36:24.933285 139918092940096 basic_session_run_hooks.py:692] global_step/sec: 0.964642
INFO:tensorflow:Saving checkpoints for 138106 into Data/cylinder_flow/mgtn/checkpoint/model.ckpt.
I0614 09:36:30.142133 139918092940096 basic_session_run_hooks.py:606] Saving checkpoints for 138106 into Data/cylinder_flow/mgtn/checkpoint/model.ckpt.
INFO:tensorflow:global_step/sec: 0.969738
I0614 09:38:08.054020 139918092940096 basic_session_run_hooks.py:692] global_step/sec: 0.969738
INFO:tensorflow:global_step/sec: 0.97248
I0614 09:39:50.883826 139918092940096 basic_session_run_hooks.py:692] global_step/sec: 0.97248
INFO:tensorflow:global_step/sec: 0.970092
I0614 09:41:33.966820 139918092940096 basic_session_run_hooks.py:692] global_step/sec: 0.970092
INFO:tensorflow:global_step/sec: 0.962623
I0614 09:43:17.849618 139918092940096 basic_session_run_hooks.py:692] global_step/sec: 0.962623
INFO:tensorflow:global_step/sec: 0.963792
I0614 09:45:01.606354 139918092940096 basic_session_run_hooks.py:692] global_step/sec: 0.963792
INFO:tensorflow:Saving checkpoints for 138686 into Data/cylinder_flow/mgtn/checkpoint/model.ckpt.
I0614 09:46:30.259773 139918092940096 basic_session_run_hooks.py:606] Saving checkpoints for 138686 into Data/cylinder_flow/mgtn/checkpoint/model.ckpt.
INFO:tensorflow:global_step/sec: 0.947282
I0614 09:46:47.171649 139918092940096 basic_session_run_hooks.py:692] global_step/sec: 0.947282
INFO:tensorflow:global_step/sec: 0.955668
I0614 09:48:31.810496 139918092940096 basic_session_run_hooks.py:692] global_step/sec: 0.955668
INFO:tensorflow:global_step/sec: 0.973943
I0614 09:50:14.485943 139918092940096 basic_session_run_hooks.py:692] global_step/sec: 0.973943
INFO:tensorflow:global_step/sec: 0.963473
I0614 09:51:58.277134 139918092940096 basic_session_run_hooks.py:692] global_step/sec: 0.963473
I0614 09:51:58.277873 139918092940096 run_model.py:87] Step 139000: Loss 0.0805758
INFO:tensorflow:global_step/sec: 0.991388
I0614 09:53:39.145817 139918092940096 basic_session_run_hooks.py:692] global_step/sec: 0.991388
INFO:tensorflow:global_step/sec: 0.969938
I0614 09:55:22.245123 139918092940096 basic_session_run_hooks.py:692] global_step/sec: 0.969938
INFO:tensorflow:Saving checkpoints for 139267 into Data/cylinder_flow/mgtn/checkpoint/model.ckpt.
I0614 09:56:30.502855 139918092940096 basic_session_run_hooks.py:606] Saving checkpoints for 139267 into Data/cylinder_flow/mgtn/checkpoint/model.ckpt.
INFO:tensorflow:global_step/sec: 0.960712
I0614 09:57:06.334596 139918092940096 basic_session_run_hooks.py:692] global_step/sec: 0.960712
INFO:tensorflow:global_step/sec: 0.990231
I0614 09:58:47.321130 139918092940096 basic_session_run_hooks.py:692] global_step/sec: 0.990231
INFO:tensorflow:global_step/sec: 0.984113
I0614 10:00:28.935521 139918092940096 basic_session_run_hooks.py:692] global_step/sec: 0.984113
INFO:tensorflow:global_step/sec: 0.986687
I0614 10:02:10.284856 139918092940096 basic_session_run_hooks.py:692] global_step/sec: 0.986687
INFO:tensorflow:global_step/sec: 0.968761
I0614 10:03:53.509433 139918092940096 basic_session_run_hooks.py:692] global_step/sec: 0.968761
INFO:tensorflow:global_step/sec: 0.979188
I0614 10:05:35.634949 139918092940096 basic_session_run_hooks.py:692] global_step/sec: 0.979188
INFO:tensorflow:Saving checkpoints for 139854 into Data/cylinder_flow/mgtn/checkpoint/model.ckpt.
I0614 10:06:30.673833 139918092940096 basic_session_run_hooks.py:606] Saving checkpoints for 139854 into Data/cylinder_flow/mgtn/checkpoint/model.ckpt.
INFO:tensorflow:global_step/sec: 0.954283
I0614 10:07:20.425678 139918092940096 basic_session_run_hooks.py:692] global_step/sec: 0.954283
INFO:tensorflow:global_step/sec: 0.984579
I0614 10:09:01.991960 139918092940096 basic_session_run_hooks.py:692] global_step/sec: 0.984579
I0614 10:09:01.993118 139918092940096 run_model.py:87] Step 140000: Loss 0.039019
INFO:tensorflow:global_step/sec: 0.968041
I0614 10:10:45.293331 139918092940096 basic_session_run_hooks.py:692] global_step/sec: 0.968041
INFO:tensorflow:global_step/sec: 0.957782
I0614 10:12:29.701195 139918092940096 basic_session_run_hooks.py:692] global_step/sec: 0.957782
INFO:tensorflow:global_step/sec: 0.971525
I0614 10:14:12.632202 139918092940096 basic_session_run_hooks.py:692] global_step/sec: 0.971525
INFO:tensorflow:global_step/sec: 0.969184
I0614 10:15:55.811808 139918092940096 basic_session_run_hooks.py:692] global_step/sec: 0.969184
INFO:tensorflow:Saving checkpoints for 140435 into Data/cylinder_flow/mgtn/checkpoint/model.ckpt.
I0614 10:16:31.379055 139918092940096 basic_session_run_hooks.py:606] Saving checkpoints for 140435 into Data/cylinder_flow/mgtn/checkpoint/model.ckpt.
INFO:tensorflow:global_step/sec: 0.940405
I0614 10:17:42.149032 139918092940096 basic_session_run_hooks.py:692] global_step/sec: 0.940405
INFO:tensorflow:global_step/sec: 0.964876
I0614 10:19:25.789216 139918092940096 basic_session_run_hooks.py:692] global_step/sec: 0.964876
INFO:tensorflow:global_step/sec: 0.963436
I0614 10:21:09.584338 139918092940096 basic_session_run_hooks.py:692] global_step/sec: 0.963436
INFO:tensorflow:global_step/sec: 0.947907
I0614 10:22:55.079878 139918092940096 basic_session_run_hooks.py:692] global_step/sec: 0.947907
INFO:tensorflow:global_step/sec: 0.97228
I0614 10:24:37.930974 139918092940096 basic_session_run_hooks.py:692] global_step/sec: 0.97228
INFO:tensorflow:global_step/sec: 0.962427
I0614 10:26:21.834873 139918092940096 basic_session_run_hooks.py:692] global_step/sec: 0.962427
I0614 10:26:21.836251 139918092940096 run_model.py:87] Step 141000: Loss 0.0564127
INFO:tensorflow:Saving checkpoints for 141011 into Data/cylinder_flow/mgtn/checkpoint/model.ckpt.
I0614 10:26:31.890650 139918092940096 basic_session_run_hooks.py:606] Saving checkpoints for 141011 into Data/cylinder_flow/mgtn/checkpoint/model.ckpt.
INFO:tensorflow:global_step/sec: 0.938318
I0614 10:28:08.408604 139918092940096 basic_session_run_hooks.py:692] global_step/sec: 0.938318
INFO:tensorflow:global_step/sec: 0.972963
I0614 10:29:51.187338 139918092940096 basic_session_run_hooks.py:692] global_step/sec: 0.972963
INFO:tensorflow:global_step/sec: 0.965292
I0614 10:31:34.782916 139918092940096 basic_session_run_hooks.py:692] global_step/sec: 0.965292
INFO:tensorflow:global_step/sec: 0.971387
I0614 10:33:17.728513 139918092940096 basic_session_run_hooks.py:692] global_step/sec: 0.971387
INFO:tensorflow:global_step/sec: 0.969098
I0614 10:35:00.917217 139918092940096 basic_session_run_hooks.py:692] global_step/sec: 0.969098
INFO:tensorflow:Saving checkpoints for 141588 into Data/cylinder_flow/mgtn/checkpoint/model.ckpt.
I0614 10:36:32.838244 139918092940096 basic_session_run_hooks.py:606] Saving checkpoints for 141588 into Data/cylinder_flow/mgtn/checkpoint/model.ckpt.
INFO:tensorflow:global_step/sec: 0.934932
I0614 10:36:47.877008 139918092940096 basic_session_run_hooks.py:692] global_step/sec: 0.934932
INFO:tensorflow:global_step/sec: 0.954451
I0614 10:38:32.649292 139918092940096 basic_session_run_hooks.py:692] global_step/sec: 0.954451
INFO:tensorflow:global_step/sec: 0.976205
I0614 10:40:15.086787 139918092940096 basic_session_run_hooks.py:692] global_step/sec: 0.976205
INFO:tensorflow:global_step/sec: 0.976731
I0614 10:41:57.469167 139918092940096 basic_session_run_hooks.py:692] global_step/sec: 0.976731
INFO:tensorflow:global_step/sec: 0.965242
I0614 10:43:41.070129 139918092940096 basic_session_run_hooks.py:692] global_step/sec: 0.965242
I0614 10:43:41.071336 139918092940096 run_model.py:87] Step 142000: Loss 0.0513316
INFO:tensorflow:global_step/sec: 0.96506
I0614 10:45:24.690681 139918092940096 basic_session_run_hooks.py:692] global_step/sec: 0.96506
INFO:tensorflow:Saving checkpoints for 142166 into Data/cylinder_flow/mgtn/checkpoint/model.ckpt.
I0614 10:46:33.566950 139918092940096 basic_session_run_hooks.py:606] Saving checkpoints for 142166 into Data/cylinder_flow/mgtn/checkpoint/model.ckpt.
INFO:tensorflow:global_step/sec: 0.94433
I0614 10:47:10.585915 139918092940096 basic_session_run_hooks.py:692] global_step/sec: 0.94433
INFO:tensorflow:global_step/sec: 0.96308
I0614 10:48:54.419412 139918092940096 basic_session_run_hooks.py:692] global_step/sec: 0.96308
INFO:tensorflow:global_step/sec: 0.988788
I0614 10:50:35.553357 139918092940096 basic_session_run_hooks.py:692] global_step/sec: 0.988788
INFO:tensorflow:global_step/sec: 0.981084
I0614 10:52:17.481379 139918092940096 basic_session_run_hooks.py:692] global_step/sec: 0.981084
INFO:tensorflow:global_step/sec: 0.981359
I0614 10:53:59.380950 139918092940096 basic_session_run_hooks.py:692] global_step/sec: 0.981359
INFO:tensorflow:global_step/sec: 0.980699
I0614 10:55:41.348987 139918092940096 basic_session_run_hooks.py:692] global_step/sec: 0.980699
INFO:tensorflow:Saving checkpoints for 142752 into Data/cylinder_flow/mgtn/checkpoint/model.ckpt.
I0614 10:56:33.810282 139918092940096 basic_session_run_hooks.py:606] Saving checkpoints for 142752 into Data/cylinder_flow/mgtn/checkpoint/model.ckpt.
INFO:tensorflow:global_step/sec: 0.959398
I0614 10:57:25.581061 139918092940096 basic_session_run_hooks.py:692] global_step/sec: 0.959398
INFO:tensorflow:global_step/sec: 0.970145
I0614 10:59:08.658374 139918092940096 basic_session_run_hooks.py:692] global_step/sec: 0.970145
INFO:tensorflow:global_step/sec: 0.974688
I0614 11:00:51.255307 139918092940096 basic_session_run_hooks.py:692] global_step/sec: 0.974688
I0614 11:00:51.256060 139918092940096 run_model.py:87] Step 143000: Loss 0.0812629
INFO:tensorflow:global_step/sec: 0.975779
I0614 11:02:33.737528 139918092940096 basic_session_run_hooks.py:692] global_step/sec: 0.975779
INFO:tensorflow:global_step/sec: 0.974195
I0614 11:04:16.386437 139918092940096 basic_session_run_hooks.py:692] global_step/sec: 0.974195
INFO:tensorflow:global_step/sec: 0.982216
I0614 11:05:58.197043 139918092940096 basic_session_run_hooks.py:692] global_step/sec: 0.982216
INFO:tensorflow:Saving checkpoints for 143336 into Data/cylinder_flow/mgtn/checkpoint/model.ckpt.
I0614 11:06:33.901742 139918092940096 basic_session_run_hooks.py:606] Saving checkpoints for 143336 into Data/cylinder_flow/mgtn/checkpoint/model.ckpt.
INFO:tensorflow:global_step/sec: 0.961961
I0614 11:07:42.151381 139918092940096 basic_session_run_hooks.py:692] global_step/sec: 0.961961
INFO:tensorflow:global_step/sec: 0.96733
I0614 11:09:25.528754 139918092940096 basic_session_run_hooks.py:692] global_step/sec: 0.96733
INFO:tensorflow:global_step/sec: 0.974604
I0614 11:11:08.134513 139918092940096 basic_session_run_hooks.py:692] global_step/sec: 0.974604
INFO:tensorflow:global_step/sec: 0.967674
I0614 11:12:51.475125 139918092940096 basic_session_run_hooks.py:692] global_step/sec: 0.967674
INFO:tensorflow:global_step/sec: 0.963101
I0614 11:14:35.306362 139918092940096 basic_session_run_hooks.py:692] global_step/sec: 0.963101
INFO:tensorflow:global_step/sec: 0.971766
I0614 11:16:18.211745 139918092940096 basic_session_run_hooks.py:692] global_step/sec: 0.971766
INFO:tensorflow:Saving checkpoints for 143916 into Data/cylinder_flow/mgtn/checkpoint/model.ckpt.
I0614 11:16:34.195516 139918092940096 basic_session_run_hooks.py:606] Saving checkpoints for 143916 into Data/cylinder_flow/mgtn/checkpoint/model.ckpt.
INFO:tensorflow:global_step/sec: 0.949096
I0614 11:18:03.575141 139918092940096 basic_session_run_hooks.py:692] global_step/sec: 0.949096
I0614 11:18:03.575945 139918092940096 run_model.py:87] Step 144000: Loss 0.0696273
INFO:tensorflow:global_step/sec: 0.985041
I0614 11:19:45.093812 139918092940096 basic_session_run_hooks.py:692] global_step/sec: 0.985041
INFO:tensorflow:global_step/sec: 0.973996
I0614 11:21:27.763601 139918092940096 basic_session_run_hooks.py:692] global_step/sec: 0.973996
INFO:tensorflow:global_step/sec: 0.969872
I0614 11:23:10.870033 139918092940096 basic_session_run_hooks.py:692] global_step/sec: 0.969872
INFO:tensorflow:global_step/sec: 0.981472
I0614 11:24:52.757747 139918092940096 basic_session_run_hooks.py:692] global_step/sec: 0.981472
INFO:tensorflow:global_step/sec: 0.984757
I0614 11:26:34.305632 139918092940096 basic_session_run_hooks.py:692] global_step/sec: 0.984757
INFO:tensorflow:Saving checkpoints for 144501 into Data/cylinder_flow/mgtn/checkpoint/model.ckpt.
I0614 11:26:34.312046 139918092940096 basic_session_run_hooks.py:606] Saving checkpoints for 144501 into Data/cylinder_flow/mgtn/checkpoint/model.ckpt.
INFO:tensorflow:global_step/sec: 0.977722
I0614 11:28:16.584273 139918092940096 basic_session_run_hooks.py:692] global_step/sec: 0.977722
INFO:tensorflow:global_step/sec: 0.992766
I0614 11:29:57.312868 139918092940096 basic_session_run_hooks.py:692] global_step/sec: 0.992766
INFO:tensorflow:global_step/sec: 0.9886
I0614 11:31:38.466052 139918092940096 basic_session_run_hooks.py:692] global_step/sec: 0.9886
INFO:tensorflow:global_step/sec: 0.97813
I0614 11:33:20.701894 139918092940096 basic_session_run_hooks.py:692] global_step/sec: 0.97813
INFO:tensorflow:global_step/sec: 0.988189
I0614 11:35:01.897159 139918092940096 basic_session_run_hooks.py:692] global_step/sec: 0.988189
I0614 11:35:01.897835 139918092940096 run_model.py:87] Step 145000: Loss 0.119781
INFO:tensorflow:Saving checkpoints for 145092 into Data/cylinder_flow/mgtn/checkpoint/model.ckpt.
I0614 11:36:35.102032 139918092940096 basic_session_run_hooks.py:606] Saving checkpoints for 145092 into Data/cylinder_flow/mgtn/checkpoint/model.ckpt.
INFO:tensorflow:global_step/sec: 0.961771
I0614 11:36:45.872036 139918092940096 basic_session_run_hooks.py:692] global_step/sec: 0.961771
INFO:tensorflow:global_step/sec: 0.972746
I0614 11:38:28.673779 139918092940096 basic_session_run_hooks.py:692] global_step/sec: 0.972746
INFO:tensorflow:global_step/sec: 0.972484
I0614 11:40:11.503194 139918092940096 basic_session_run_hooks.py:692] global_step/sec: 0.972484
INFO:tensorflow:global_step/sec: 0.97327
I0614 11:41:54.249549 139918092940096 basic_session_run_hooks.py:692] global_step/sec: 0.97327
INFO:tensorflow:global_step/sec: 0.981261
I0614 11:43:36.159230 139918092940096 basic_session_run_hooks.py:692] global_step/sec: 0.981261
INFO:tensorflow:global_step/sec: 0.984686
I0614 11:45:17.714426 139918092940096 basic_session_run_hooks.py:692] global_step/sec: 0.984686
INFO:tensorflow:Saving checkpoints for 145677 into Data/cylinder_flow/mgtn/checkpoint/model.ckpt.
I0614 11:46:36.120132 139918092940096 basic_session_run_hooks.py:606] Saving checkpoints for 145677 into Data/cylinder_flow/mgtn/checkpoint/model.ckpt.
INFO:tensorflow:global_step/sec: 0.945788
I0614 11:47:03.446335 139918092940096 basic_session_run_hooks.py:692] global_step/sec: 0.945788
INFO:tensorflow:global_step/sec: 0.975239
I0614 11:48:45.985329 139918092940096 basic_session_run_hooks.py:692] global_step/sec: 0.975239
INFO:tensorflow:global_step/sec: 0.974011
I0614 11:50:28.653614 139918092940096 basic_session_run_hooks.py:692] global_step/sec: 0.974011
INFO:tensorflow:global_step/sec: 0.974089
I0614 11:52:11.313642 139918092940096 basic_session_run_hooks.py:692] global_step/sec: 0.974089
I0614 11:52:11.315227 139918092940096 run_model.py:87] Step 146000: Loss 0.0951853
INFO:tensorflow:global_step/sec: 0.960479
I0614 11:53:55.428373 139918092940096 basic_session_run_hooks.py:692] global_step/sec: 0.960479
INFO:tensorflow:global_step/sec: 0.973892
I0614 11:55:38.109180 139918092940096 basic_session_run_hooks.py:692] global_step/sec: 0.973892
INFO:tensorflow:Saving checkpoints for 146258 into Data/cylinder_flow/mgtn/checkpoint/model.ckpt.
I0614 11:56:36.970317 139918092940096 basic_session_run_hooks.py:606] Saving checkpoints for 146258 into Data/cylinder_flow/mgtn/checkpoint/model.ckpt.
INFO:tensorflow:global_step/sec: 0.957571
I0614 11:57:22.540138 139918092940096 basic_session_run_hooks.py:692] global_step/sec: 0.957571
INFO:tensorflow:global_step/sec: 0.986882
I0614 11:59:03.869377 139918092940096 basic_session_run_hooks.py:692] global_step/sec: 0.986882
INFO:tensorflow:global_step/sec: 0.987857
I0614 12:00:45.098649 139918092940096 basic_session_run_hooks.py:692] global_step/sec: 0.987857
INFO:tensorflow:global_step/sec: 0.980343
I0614 12:02:27.103759 139918092940096 basic_session_run_hooks.py:692] global_step/sec: 0.980343
INFO:tensorflow:global_step/sec: 0.983786
I0614 12:04:08.751882 139918092940096 basic_session_run_hooks.py:692] global_step/sec: 0.983786
INFO:tensorflow:global_step/sec: 0.973951
I0614 12:05:51.426461 139918092940096 basic_session_run_hooks.py:692] global_step/sec: 0.973951
INFO:tensorflow:Saving checkpoints for 146846 into Data/cylinder_flow/mgtn/checkpoint/model.ckpt.
I0614 12:06:37.030758 139918092940096 basic_session_run_hooks.py:606] Saving checkpoints for 146846 into Data/cylinder_flow/mgtn/checkpoint/model.ckpt.
INFO:tensorflow:global_step/sec: 0.97142
I0614 12:07:34.368573 139918092940096 basic_session_run_hooks.py:692] global_step/sec: 0.97142
INFO:tensorflow:global_step/sec: 0.989567
I0614 12:09:15.422849 139918092940096 basic_session_run_hooks.py:692] global_step/sec: 0.989567
I0614 12:09:15.423957 139918092940096 run_model.py:87] Step 147000: Loss 0.0634449
INFO:tensorflow:global_step/sec: 0.976012
I0614 12:10:57.880634 139918092940096 basic_session_run_hooks.py:692] global_step/sec: 0.976012
INFO:tensorflow:global_step/sec: 0.967581
I0614 12:12:41.231188 139918092940096 basic_session_run_hooks.py:692] global_step/sec: 0.967581
INFO:tensorflow:global_step/sec: 0.969519
I0614 12:14:24.375163 139918092940096 basic_session_run_hooks.py:692] global_step/sec: 0.969519
INFO:tensorflow:global_step/sec: 0.973527
I0614 12:16:07.094491 139918092940096 basic_session_run_hooks.py:692] global_step/sec: 0.973527
INFO:tensorflow:Saving checkpoints for 147431 into Data/cylinder_flow/mgtn/checkpoint/model.ckpt.
I0614 12:16:37.881915 139918092940096 basic_session_run_hooks.py:606] Saving checkpoints for 147431 into Data/cylinder_flow/mgtn/checkpoint/model.ckpt.
INFO:tensorflow:global_step/sec: 0.970453
I0614 12:17:50.139087 139918092940096 basic_session_run_hooks.py:692] global_step/sec: 0.970453
INFO:tensorflow:global_step/sec: 0.968523
I0614 12:19:33.389163 139918092940096 basic_session_run_hooks.py:692] global_step/sec: 0.968523
INFO:tensorflow:global_step/sec: 0.979186
I0614 12:21:15.514765 139918092940096 basic_session_run_hooks.py:692] global_step/sec: 0.979186
INFO:tensorflow:global_step/sec: 0.980665
I0614 12:22:57.486406 139918092940096 basic_session_run_hooks.py:692] global_step/sec: 0.980665
INFO:tensorflow:global_step/sec: 0.960746
I0614 12:24:41.572142 139918092940096 basic_session_run_hooks.py:692] global_step/sec: 0.960746
INFO:tensorflow:global_step/sec: 0.982557
I0614 12:26:23.347406 139918092940096 basic_session_run_hooks.py:692] global_step/sec: 0.982557
I0614 12:26:23.348876 139918092940096 run_model.py:87] Step 148000: Loss 0.0550232
INFO:tensorflow:Saving checkpoints for 148016 into Data/cylinder_flow/mgtn/checkpoint/model.ckpt.
I0614 12:26:38.501741 139918092940096 basic_session_run_hooks.py:606] Saving checkpoints for 148016 into Data/cylinder_flow/mgtn/checkpoint/model.ckpt.
INFO:tensorflow:global_step/sec: 0.968811
I0614 12:28:06.566787 139918092940096 basic_session_run_hooks.py:692] global_step/sec: 0.968811
INFO:tensorflow:global_step/sec: 0.982525
I0614 12:29:48.345321 139918092940096 basic_session_run_hooks.py:692] global_step/sec: 0.982525
INFO:tensorflow:global_step/sec: 0.996637
I0614 12:31:28.682733 139918092940096 basic_session_run_hooks.py:692] global_step/sec: 0.996637
INFO:tensorflow:global_step/sec: 0.983777
I0614 12:33:10.331779 139918092940096 basic_session_run_hooks.py:692] global_step/sec: 0.983777
INFO:tensorflow:global_step/sec: 0.986309
I0614 12:34:51.719941 139918092940096 basic_session_run_hooks.py:692] global_step/sec: 0.986309
INFO:tensorflow:global_step/sec: 0.996294
I0614 12:36:32.091898 139918092940096 basic_session_run_hooks.py:692] global_step/sec: 0.996294
INFO:tensorflow:Saving checkpoints for 148608 into Data/cylinder_flow/mgtn/checkpoint/model.ckpt.
I0614 12:36:39.334951 139918092940096 basic_session_run_hooks.py:606] Saving checkpoints for 148608 into Data/cylinder_flow/mgtn/checkpoint/model.ckpt.
INFO:tensorflow:global_step/sec: 0.967247
I0614 12:38:15.478088 139918092940096 basic_session_run_hooks.py:692] global_step/sec: 0.967247
INFO:tensorflow:global_step/sec: 0.990832
I0614 12:39:56.403357 139918092940096 basic_session_run_hooks.py:692] global_step/sec: 0.990832
INFO:tensorflow:global_step/sec: 0.985047
I0614 12:41:37.921326 139918092940096 basic_session_run_hooks.py:692] global_step/sec: 0.985047
INFO:tensorflow:global_step/sec: 0.975341
I0614 12:43:20.449581 139918092940096 basic_session_run_hooks.py:692] global_step/sec: 0.975341
I0614 12:43:20.451050 139918092940096 run_model.py:87] Step 149000: Loss 0.0778614
INFO:tensorflow:global_step/sec: 0.978476
I0614 12:45:02.649381 139918092940096 basic_session_run_hooks.py:692] global_step/sec: 0.978476
INFO:tensorflow:Saving checkpoints for 149197 into Data/cylinder_flow/mgtn/checkpoint/model.ckpt.
I0614 12:46:39.457402 139918092940096 basic_session_run_hooks.py:606] Saving checkpoints for 149197 into Data/cylinder_flow/mgtn/checkpoint/model.ckpt.
INFO:tensorflow:global_step/sec: 0.976053
I0614 12:46:45.102879 139918092940096 basic_session_run_hooks.py:692] global_step/sec: 0.976053
INFO:tensorflow:global_step/sec: 0.978595
I0614 12:48:27.290167 139918092940096 basic_session_run_hooks.py:692] global_step/sec: 0.978595
INFO:tensorflow:global_step/sec: 0.970154
I0614 12:50:10.366518 139918092940096 basic_session_run_hooks.py:692] global_step/sec: 0.970154
INFO:tensorflow:global_step/sec: 0.975604
I0614 12:51:52.867188 139918092940096 basic_session_run_hooks.py:692] global_step/sec: 0.975604
INFO:tensorflow:global_step/sec: 0.967937
I0614 12:53:36.179697 139918092940096 basic_session_run_hooks.py:692] global_step/sec: 0.967937
INFO:tensorflow:global_step/sec: 0.96602
I0614 12:55:19.697215 139918092940096 basic_session_run_hooks.py:692] global_step/sec: 0.96602
INFO:tensorflow:Saving checkpoints for 149779 into Data/cylinder_flow/mgtn/checkpoint/model.ckpt.
I0614 12:56:40.414109 139918092940096 basic_session_run_hooks.py:606] Saving checkpoints for 149779 into Data/cylinder_flow/mgtn/checkpoint/model.ckpt.
INFO:tensorflow:global_step/sec: 0.953408
I0614 12:57:04.584227 139918092940096 basic_session_run_hooks.py:692] global_step/sec: 0.953408
INFO:tensorflow:global_step/sec: 0.971212
I0614 12:58:47.548299 139918092940096 basic_session_run_hooks.py:692] global_step/sec: 0.971212
INFO:tensorflow:global_step/sec: 0.963965
I0614 13:00:31.286485 139918092940096 basic_session_run_hooks.py:692] global_step/sec: 0.963965
I0614 13:00:31.287203 139918092940096 run_model.py:87] Step 150000: Loss 0.0932516
INFO:tensorflow:global_step/sec: 0.988402
I0614 13:02:12.459888 139918092940096 basic_session_run_hooks.py:692] global_step/sec: 0.988402
INFO:tensorflow:global_step/sec: 0.991363
I0614 13:03:53.331118 139918092940096 basic_session_run_hooks.py:692] global_step/sec: 0.991363
INFO:tensorflow:global_step/sec: 0.991952
I0614 13:05:34.142357 139918092940096 basic_session_run_hooks.py:692] global_step/sec: 0.991952
INFO:tensorflow:Saving checkpoints for 150367 into Data/cylinder_flow/mgtn/checkpoint/model.ckpt.
I0614 13:06:40.803355 139918092940096 basic_session_run_hooks.py:606] Saving checkpoints for 150367 into Data/cylinder_flow/mgtn/checkpoint/model.ckpt.
INFO:tensorflow:global_step/sec: 0.974048
I0614 13:07:16.806703 139918092940096 basic_session_run_hooks.py:692] global_step/sec: 0.974048
INFO:tensorflow:global_step/sec: 0.984142
I0614 13:08:58.418095 139918092940096 basic_session_run_hooks.py:692] global_step/sec: 0.984142
INFO:tensorflow:global_step/sec: 0.983148
I0614 13:10:40.132218 139918092940096 basic_session_run_hooks.py:692] global_step/sec: 0.983148
INFO:tensorflow:global_step/sec: 0.9938
I0614 13:12:20.756126 139918092940096 basic_session_run_hooks.py:692] global_step/sec: 0.9938
INFO:tensorflow:global_step/sec: 0.975173
I0614 13:14:03.301983 139918092940096 basic_session_run_hooks.py:692] global_step/sec: 0.975173
INFO:tensorflow:global_step/sec: 0.996915
I0614 13:15:43.611411 139918092940096 basic_session_run_hooks.py:692] global_step/sec: 0.996915
INFO:tensorflow:Saving checkpoints for 150958 into Data/cylinder_flow/mgtn/checkpoint/model.ckpt.
I0614 13:16:41.773008 139918092940096 basic_session_run_hooks.py:606] Saving checkpoints for 150958 into Data/cylinder_flow/mgtn/checkpoint/model.ckpt.
INFO:tensorflow:global_step/sec: 0.968395
I0614 13:17:26.875162 139918092940096 basic_session_run_hooks.py:692] global_step/sec: 0.968395
I0614 13:17:26.875804 139918092940096 run_model.py:87] Step 151000: Loss 0.128866
INFO:tensorflow:global_step/sec: 0.994446
I0614 13:19:07.433636 139918092940096 basic_session_run_hooks.py:692] global_step/sec: 0.994446
INFO:tensorflow:global_step/sec: 0.996566
I0614 13:20:47.778274 139918092940096 basic_session_run_hooks.py:692] global_step/sec: 0.996566
INFO:tensorflow:global_step/sec: 0.991303
I0614 13:22:28.655558 139918092940096 basic_session_run_hooks.py:692] global_step/sec: 0.991303
INFO:tensorflow:global_step/sec: 0.986843
I0614 13:24:09.988851 139918092940096 basic_session_run_hooks.py:692] global_step/sec: 0.986843
INFO:tensorflow:global_step/sec: 0.98048
I0614 13:25:51.979649 139918092940096 basic_session_run_hooks.py:692] global_step/sec: 0.98048
INFO:tensorflow:Saving checkpoints for 151551 into Data/cylinder_flow/mgtn/checkpoint/model.ckpt.
I0614 13:26:42.577014 139918092940096 basic_session_run_hooks.py:606] Saving checkpoints for 151551 into Data/cylinder_flow/mgtn/checkpoint/model.ckpt.
INFO:tensorflow:global_step/sec: 0.978128
I0614 13:27:34.215876 139918092940096 basic_session_run_hooks.py:692] global_step/sec: 0.978128
INFO:tensorflow:global_step/sec: 1.00418
I0614 13:29:13.799891 139918092940096 basic_session_run_hooks.py:692] global_step/sec: 1.00418
INFO:tensorflow:global_step/sec: 1.00851
I0614 13:30:52.955903 139918092940096 basic_session_run_hooks.py:692] global_step/sec: 1.00851
INFO:tensorflow:global_step/sec: 1.01143
I0614 13:32:31.826150 139918092940096 basic_session_run_hooks.py:692] global_step/sec: 1.01143
INFO:tensorflow:global_step/sec: 0.997034
I0614 13:34:12.123616 139918092940096 basic_session_run_hooks.py:692] global_step/sec: 0.997034
I0614 13:34:12.124400 139918092940096 run_model.py:87] Step 152000: Loss 0.0698192
INFO:tensorflow:global_step/sec: 0.998055
I0614 13:35:52.318511 139918092940096 basic_session_run_hooks.py:692] global_step/sec: 0.998055
INFO:tensorflow:Saving checkpoints for 152152 into Data/cylinder_flow/mgtn/checkpoint/model.ckpt.
I0614 13:36:42.679177 139918092940096 basic_session_run_hooks.py:606] Saving checkpoints for 152152 into Data/cylinder_flow/mgtn/checkpoint/model.ckpt.
INFO:tensorflow:global_step/sec: 0.977329
I0614 13:37:34.638303 139918092940096 basic_session_run_hooks.py:692] global_step/sec: 0.977329
INFO:tensorflow:global_step/sec: 0.989746
I0614 13:39:15.674281 139918092940096 basic_session_run_hooks.py:692] global_step/sec: 0.989746
INFO:tensorflow:global_step/sec: 0.97671
I0614 13:40:58.058822 139918092940096 basic_session_run_hooks.py:692] global_step/sec: 0.97671
INFO:tensorflow:global_step/sec: 0.981138
I0614 13:42:39.981235 139918092940096 basic_session_run_hooks.py:692] global_step/sec: 0.981138
INFO:tensorflow:global_step/sec: 0.98535
I0614 13:44:21.468035 139918092940096 basic_session_run_hooks.py:692] global_step/sec: 0.98535
INFO:tensorflow:global_step/sec: 0.979586
I0614 13:46:03.551991 139918092940096 basic_session_run_hooks.py:692] global_step/sec: 0.979586
INFO:tensorflow:Saving checkpoints for 152740 into Data/cylinder_flow/mgtn/checkpoint/model.ckpt.
I0614 13:46:43.625489 139918092940096 basic_session_run_hooks.py:606] Saving checkpoints for 152740 into Data/cylinder_flow/mgtn/checkpoint/model.ckpt.
INFO:tensorflow:global_step/sec: 0.963358
I0614 13:47:47.355501 139918092940096 basic_session_run_hooks.py:692] global_step/sec: 0.963358
INFO:tensorflow:global_step/sec: 1.0009
I0614 13:49:27.265278 139918092940096 basic_session_run_hooks.py:692] global_step/sec: 1.0009
INFO:tensorflow:global_step/sec: 0.987146
I0614 13:51:08.567395 139918092940096 basic_session_run_hooks.py:692] global_step/sec: 0.987146
I0614 13:51:08.568165 139918092940096 run_model.py:87] Step 153000: Loss 0.0800442
INFO:tensorflow:global_step/sec: 0.983993
I0614 13:52:50.194208 139918092940096 basic_session_run_hooks.py:692] global_step/sec: 0.983993
INFO:tensorflow:global_step/sec: 0.991903
I0614 13:54:31.010437 139918092940096 basic_session_run_hooks.py:692] global_step/sec: 0.991903
INFO:tensorflow:global_step/sec: 0.973385
I0614 13:56:13.744745 139918092940096 basic_session_run_hooks.py:692] global_step/sec: 0.973385
INFO:tensorflow:Saving checkpoints for 153331 into Data/cylinder_flow/mgtn/checkpoint/model.ckpt.
I0614 13:56:44.252410 139918092940096 basic_session_run_hooks.py:606] Saving checkpoints for 153331 into Data/cylinder_flow/mgtn/checkpoint/model.ckpt.
INFO:tensorflow:global_step/sec: 0.967723
I0614 13:57:57.080224 139918092940096 basic_session_run_hooks.py:692] global_step/sec: 0.967723
INFO:tensorflow:global_step/sec: 0.987267
I0614 13:59:38.369891 139918092940096 basic_session_run_hooks.py:692] global_step/sec: 0.987267
INFO:tensorflow:global_step/sec: 0.974177
I0614 14:01:21.020684 139918092940096 basic_session_run_hooks.py:692] global_step/sec: 0.974177
INFO:tensorflow:global_step/sec: 0.995961
I0614 14:03:01.426253 139918092940096 basic_session_run_hooks.py:692] global_step/sec: 0.995961
INFO:tensorflow:global_step/sec: 0.977284
I0614 14:04:43.750574 139918092940096 basic_session_run_hooks.py:692] global_step/sec: 0.977284
INFO:tensorflow:global_step/sec: 0.966827
I0614 14:06:27.181703 139918092940096 basic_session_run_hooks.py:692] global_step/sec: 0.966827
INFO:tensorflow:Saving checkpoints for 153918 into Data/cylinder_flow/mgtn/checkpoint/model.ckpt.
I0614 14:06:44.899007 139918092940096 basic_session_run_hooks.py:606] Saving checkpoints for 153918 into Data/cylinder_flow/mgtn/checkpoint/model.ckpt.
INFO:tensorflow:global_step/sec: 0.958127
I0614 14:08:11.552047 139918092940096 basic_session_run_hooks.py:692] global_step/sec: 0.958127
I0614 14:08:11.552957 139918092940096 run_model.py:87] Step 154000: Loss 0.161953
INFO:tensorflow:global_step/sec: 0.971538
I0614 14:09:54.481515 139918092940096 basic_session_run_hooks.py:692] global_step/sec: 0.971538
INFO:tensorflow:global_step/sec: 0.979755
I0614 14:11:36.547865 139918092940096 basic_session_run_hooks.py:692] global_step/sec: 0.979755
INFO:tensorflow:global_step/sec: 0.959714
I0614 14:13:20.745630 139918092940096 basic_session_run_hooks.py:692] global_step/sec: 0.959714
INFO:tensorflow:global_step/sec: 0.975705
I0614 14:15:03.235587 139918092940096 basic_session_run_hooks.py:692] global_step/sec: 0.975705
INFO:tensorflow:global_step/sec: 0.996788
I0614 14:16:43.557854 139918092940096 basic_session_run_hooks.py:692] global_step/sec: 0.996788
INFO:tensorflow:Saving checkpoints for 154503 into Data/cylinder_flow/mgtn/checkpoint/model.ckpt.
I0614 14:16:45.431963 139918092940096 basic_session_run_hooks.py:606] Saving checkpoints for 154503 into Data/cylinder_flow/mgtn/checkpoint/model.ckpt.
INFO:tensorflow:global_step/sec: 0.951641
I0614 14:18:28.639563 139918092940096 basic_session_run_hooks.py:692] global_step/sec: 0.951641
INFO:tensorflow:global_step/sec: 0.974072
I0614 14:20:11.301362 139918092940096 basic_session_run_hooks.py:692] global_step/sec: 0.974072
INFO:tensorflow:global_step/sec: 0.970289
I0614 14:21:54.363468 139918092940096 basic_session_run_hooks.py:692] global_step/sec: 0.970289
INFO:tensorflow:global_step/sec: 0.961544
I0614 14:23:38.362906 139918092940096 basic_session_run_hooks.py:692] global_step/sec: 0.961544
INFO:tensorflow:global_step/sec: 0.971025
I0614 14:25:21.346791 139918092940096 basic_session_run_hooks.py:692] global_step/sec: 0.971025
I0614 14:25:21.347579 139918092940096 run_model.py:87] Step 155000: Loss 0.0414723
INFO:tensorflow:Saving checkpoints for 155084 into Data/cylinder_flow/mgtn/checkpoint/model.ckpt.
I0614 14:26:46.265707 139918092940096 basic_session_run_hooks.py:606] Saving checkpoints for 155084 into Data/cylinder_flow/mgtn/checkpoint/model.ckpt.
INFO:tensorflow:global_step/sec: 0.965206
I0614 14:27:04.951631 139918092940096 basic_session_run_hooks.py:692] global_step/sec: 0.965206
INFO:tensorflow:global_step/sec: 0.994284
I0614 14:28:45.526543 139918092940096 basic_session_run_hooks.py:692] global_step/sec: 0.994284
INFO:tensorflow:global_step/sec: 0.975539
I0614 14:30:28.034027 139918092940096 basic_session_run_hooks.py:692] global_step/sec: 0.975539
INFO:tensorflow:global_step/sec: 0.98007
I0614 14:32:10.067574 139918092940096 basic_session_run_hooks.py:692] global_step/sec: 0.98007
INFO:tensorflow:global_step/sec: 0.978545
I0614 14:33:52.260116 139918092940096 basic_session_run_hooks.py:692] global_step/sec: 0.978545
INFO:tensorflow:global_step/sec: 0.966905
I0614 14:35:35.682948 139918092940096 basic_session_run_hooks.py:692] global_step/sec: 0.966905
INFO:tensorflow:Saving checkpoints for 155672 into Data/cylinder_flow/mgtn/checkpoint/model.ckpt.
I0614 14:36:47.157764 139918092940096 basic_session_run_hooks.py:606] Saving checkpoints for 155672 into Data/cylinder_flow/mgtn/checkpoint/model.ckpt.
INFO:tensorflow:global_step/sec: 0.968578
I0614 14:37:18.927075 139918092940096 basic_session_run_hooks.py:692] global_step/sec: 0.968578
INFO:tensorflow:global_step/sec: 0.971493
I0614 14:39:01.861461 139918092940096 basic_session_run_hooks.py:692] global_step/sec: 0.971493
INFO:tensorflow:global_step/sec: 1.00604
I0614 14:40:41.260971 139918092940096 basic_session_run_hooks.py:692] global_step/sec: 1.00604
INFO:tensorflow:global_step/sec: 0.993738
I0614 14:42:21.891090 139918092940096 basic_session_run_hooks.py:692] global_step/sec: 0.993738
I0614 14:42:21.892244 139918092940096 run_model.py:87] Step 156000: Loss 0.101156
INFO:tensorflow:global_step/sec: 0.99407
I0614 14:44:02.487676 139918092940096 basic_session_run_hooks.py:692] global_step/sec: 0.99407
INFO:tensorflow:global_step/sec: 0.975269
I0614 14:45:45.023504 139918092940096 basic_session_run_hooks.py:692] global_step/sec: 0.975269
INFO:tensorflow:Saving checkpoints for 156262 into Data/cylinder_flow/mgtn/checkpoint/model.ckpt.
I0614 14:46:47.261878 139918092940096 basic_session_run_hooks.py:606] Saving checkpoints for 156262 into Data/cylinder_flow/mgtn/checkpoint/model.ckpt.
INFO:tensorflow:global_step/sec: 0.966449
I0614 14:47:28.495083 139918092940096 basic_session_run_hooks.py:692] global_step/sec: 0.966449
INFO:tensorflow:global_step/sec: 0.985511
I0614 14:49:09.965332 139918092940096 basic_session_run_hooks.py:692] global_step/sec: 0.985511
INFO:tensorflow:global_step/sec: 0.998891
I0614 14:50:50.076277 139918092940096 basic_session_run_hooks.py:692] global_step/sec: 0.998891
INFO:tensorflow:global_step/sec: 1.00192
I0614 14:52:29.884980 139918092940096 basic_session_run_hooks.py:692] global_step/sec: 1.00192
INFO:tensorflow:global_step/sec: 0.987203
I0614 14:54:11.181228 139918092940096 basic_session_run_hooks.py:692] global_step/sec: 0.987203
INFO:tensorflow:global_step/sec: 0.98714
I0614 14:55:52.484048 139918092940096 basic_session_run_hooks.py:692] global_step/sec: 0.98714
INFO:tensorflow:Saving checkpoints for 156856 into Data/cylinder_flow/mgtn/checkpoint/model.ckpt.
I0614 14:56:48.075293 139918092940096 basic_session_run_hooks.py:606] Saving checkpoints for 156856 into Data/cylinder_flow/mgtn/checkpoint/model.ckpt.
INFO:tensorflow:global_step/sec: 0.984449
I0614 14:57:34.063627 139918092940096 basic_session_run_hooks.py:692] global_step/sec: 0.984449
INFO:tensorflow:global_step/sec: 0.976264
I0614 14:59:16.494942 139918092940096 basic_session_run_hooks.py:692] global_step/sec: 0.976264
I0614 14:59:16.496421 139918092940096 run_model.py:87] Step 157000: Loss 0.103772
INFO:tensorflow:global_step/sec: 0.976263
I0614 15:00:58.926380 139918092940096 basic_session_run_hooks.py:692] global_step/sec: 0.976263
INFO:tensorflow:global_step/sec: 0.996747
I0614 15:02:39.252681 139918092940096 basic_session_run_hooks.py:692] global_step/sec: 0.996747
INFO:tensorflow:global_step/sec: 0.986098
I0614 15:04:20.662517 139918092940096 basic_session_run_hooks.py:692] global_step/sec: 0.986098
INFO:tensorflow:global_step/sec: 1.01024
I0614 15:05:59.648749 139918092940096 basic_session_run_hooks.py:692] global_step/sec: 1.01024
INFO:tensorflow:Saving checkpoints for 157451 into Data/cylinder_flow/mgtn/checkpoint/model.ckpt.
I0614 15:06:48.804627 139918092940096 basic_session_run_hooks.py:606] Saving checkpoints for 157451 into Data/cylinder_flow/mgtn/checkpoint/model.ckpt.
INFO:tensorflow:global_step/sec: 0.995024
I0614 15:07:40.148777 139918092940096 basic_session_run_hooks.py:692] global_step/sec: 0.995024
INFO:tensorflow:global_step/sec: 1.01531
I0614 15:09:18.641001 139918092940096 basic_session_run_hooks.py:692] global_step/sec: 1.01531
INFO:tensorflow:global_step/sec: 0.992585
I0614 15:10:59.387965 139918092940096 basic_session_run_hooks.py:692] global_step/sec: 0.992585
INFO:tensorflow:global_step/sec: 1.0166
I0614 15:12:37.755521 139918092940096 basic_session_run_hooks.py:692] global_step/sec: 1.0166
INFO:tensorflow:global_step/sec: 1.01077
I0614 15:14:16.689707 139918092940096 basic_session_run_hooks.py:692] global_step/sec: 1.01077
INFO:tensorflow:global_step/sec: 1.00379
I0614 15:15:56.312319 139918092940096 basic_session_run_hooks.py:692] global_step/sec: 1.00379
I0614 15:15:56.313406 139918092940096 run_model.py:87] Step 158000: Loss 0.033039
INFO:tensorflow:Saving checkpoints for 158054 into Data/cylinder_flow/mgtn/checkpoint/model.ckpt.
I0614 15:16:49.020142 139918092940096 basic_session_run_hooks.py:606] Saving checkpoints for 158054 into Data/cylinder_flow/mgtn/checkpoint/model.ckpt.
INFO:tensorflow:global_step/sec: 0.987629
I0614 15:17:37.564919 139918092940096 basic_session_run_hooks.py:692] global_step/sec: 0.987629
INFO:tensorflow:global_step/sec: 0.998282
I0614 15:19:17.737041 139918092940096 basic_session_run_hooks.py:692] global_step/sec: 0.998282
INFO:tensorflow:global_step/sec: 0.983113
I0614 15:20:59.454700 139918092940096 basic_session_run_hooks.py:692] global_step/sec: 0.983113
INFO:tensorflow:global_step/sec: 0.995062
I0614 15:22:39.950937 139918092940096 basic_session_run_hooks.py:692] global_step/sec: 0.995062
INFO:tensorflow:global_step/sec: 0.995101
I0614 15:24:20.443296 139918092940096 basic_session_run_hooks.py:692] global_step/sec: 0.995101
INFO:tensorflow:global_step/sec: 0.984689
I0614 15:26:01.998189 139918092940096 basic_session_run_hooks.py:692] global_step/sec: 0.984689
INFO:tensorflow:Saving checkpoints for 158648 into Data/cylinder_flow/mgtn/checkpoint/model.ckpt.
I0614 15:26:49.540817 139918092940096 basic_session_run_hooks.py:606] Saving checkpoints for 158648 into Data/cylinder_flow/mgtn/checkpoint/model.ckpt.
INFO:tensorflow:global_step/sec: 0.980524
I0614 15:27:43.984507 139918092940096 basic_session_run_hooks.py:692] global_step/sec: 0.980524
INFO:tensorflow:global_step/sec: 1.0034
I0614 15:29:23.645756 139918092940096 basic_session_run_hooks.py:692] global_step/sec: 1.0034
INFO:tensorflow:global_step/sec: 0.983952
I0614 15:31:05.276700 139918092940096 basic_session_run_hooks.py:692] global_step/sec: 0.983952
INFO:tensorflow:global_step/sec: 0.998448
I0614 15:32:45.432122 139918092940096 basic_session_run_hooks.py:692] global_step/sec: 0.998448
I0614 15:32:45.433241 139918092940096 run_model.py:87] Step 159000: Loss 0.0850741
INFO:tensorflow:global_step/sec: 0.971839
I0614 15:34:28.329821 139918092940096 basic_session_run_hooks.py:692] global_step/sec: 0.971839
INFO:tensorflow:global_step/sec: 0.984352
I0614 15:36:09.919514 139918092940096 basic_session_run_hooks.py:692] global_step/sec: 0.984352
INFO:tensorflow:Saving checkpoints for 159241 into Data/cylinder_flow/mgtn/checkpoint/model.ckpt.
I0614 15:36:49.806495 139918092940096 basic_session_run_hooks.py:606] Saving checkpoints for 159241 into Data/cylinder_flow/mgtn/checkpoint/model.ckpt.
INFO:tensorflow:global_step/sec: 0.984269
I0614 15:37:51.517779 139918092940096 basic_session_run_hooks.py:692] global_step/sec: 0.984269
INFO:tensorflow:global_step/sec: 0.991921
I0614 15:39:32.332214 139918092940096 basic_session_run_hooks.py:692] global_step/sec: 0.991921
INFO:tensorflow:global_step/sec: 1.00409
I0614 15:41:11.924982 139918092940096 basic_session_run_hooks.py:692] global_step/sec: 1.00409
INFO:tensorflow:global_step/sec: 1.00933
I0614 15:42:51.000401 139918092940096 basic_session_run_hooks.py:692] global_step/sec: 1.00933
INFO:tensorflow:global_step/sec: 0.975321
I0614 15:44:33.530685 139918092940096 basic_session_run_hooks.py:692] global_step/sec: 0.975321
INFO:tensorflow:global_step/sec: 0.985805
I0614 15:46:14.970664 139918092940096 basic_session_run_hooks.py:692] global_step/sec: 0.985805
INFO:tensorflow:Saving checkpoints for 159835 into Data/cylinder_flow/mgtn/checkpoint/model.ckpt.
I0614 15:46:49.987858 139918092940096 basic_session_run_hooks.py:606] Saving checkpoints for 159835 into Data/cylinder_flow/mgtn/checkpoint/model.ckpt.
INFO:tensorflow:global_step/sec: 0.974564
I0614 15:47:57.580664 139918092940096 basic_session_run_hooks.py:692] global_step/sec: 0.974564
INFO:tensorflow:global_step/sec: 1.01347
I0614 15:49:36.251811 139918092940096 basic_session_run_hooks.py:692] global_step/sec: 1.01347
I0614 15:49:36.252927 139918092940096 run_model.py:87] Step 160000: Loss 0.122794
INFO:tensorflow:global_step/sec: 1.01176
I0614 15:51:15.089268 139918092940096 basic_session_run_hooks.py:692] global_step/sec: 1.01176
INFO:tensorflow:global_step/sec: 1.01172
I0614 15:52:53.930607 139918092940096 basic_session_run_hooks.py:692] global_step/sec: 1.01172
INFO:tensorflow:global_step/sec: 0.997583
I0614 15:54:34.172971 139918092940096 basic_session_run_hooks.py:692] global_step/sec: 0.997583
INFO:tensorflow:global_step/sec: 0.998801
I0614 15:56:14.292958 139918092940096 basic_session_run_hooks.py:692] global_step/sec: 0.998801
INFO:tensorflow:Saving checkpoints for 160438 into Data/cylinder_flow/mgtn/checkpoint/model.ckpt.
I0614 15:56:50.702033 139918092940096 basic_session_run_hooks.py:606] Saving checkpoints for 160438 into Data/cylinder_flow/mgtn/checkpoint/model.ckpt.
INFO:tensorflow:global_step/sec: 0.98718
I0614 15:57:55.591588 139918092940096 basic_session_run_hooks.py:692] global_step/sec: 0.98718
INFO:tensorflow:global_step/sec: 1.01776
I0614 15:59:33.847034 139918092940096 basic_session_run_hooks.py:692] global_step/sec: 1.01776
INFO:tensorflow:global_step/sec: 1.01336
I0614 16:01:12.528510 139918092940096 basic_session_run_hooks.py:692] global_step/sec: 1.01336
INFO:tensorflow:global_step/sec: 1.00997
I0614 16:02:51.541542 139918092940096 basic_session_run_hooks.py:692] global_step/sec: 1.00997
INFO:tensorflow:global_step/sec: 0.995128
I0614 16:04:32.031092 139918092940096 basic_session_run_hooks.py:692] global_step/sec: 0.995128
INFO:tensorflow:global_step/sec: 0.9819
I0614 16:06:13.874459 139918092940096 basic_session_run_hooks.py:692] global_step/sec: 0.9819
I0614 16:06:13.875887 139918092940096 run_model.py:87] Step 161000: Loss 0.135366
INFO:tensorflow:Saving checkpoints for 161038 into Data/cylinder_flow/mgtn/checkpoint/model.ckpt.
I0614 16:06:51.174335 139918092940096 basic_session_run_hooks.py:606] Saving checkpoints for 161038 into Data/cylinder_flow/mgtn/checkpoint/model.ckpt.
INFO:tensorflow:global_step/sec: 0.980418
I0614 16:07:55.871829 139918092940096 basic_session_run_hooks.py:692] global_step/sec: 0.980418
INFO:tensorflow:global_step/sec: 1.00741
I0614 16:09:35.135950 139918092940096 basic_session_run_hooks.py:692] global_step/sec: 1.00741
INFO:tensorflow:global_step/sec: 1.01305
I0614 16:11:13.847313 139918092940096 basic_session_run_hooks.py:692] global_step/sec: 1.01305
INFO:tensorflow:global_step/sec: 1.00028
I0614 16:12:53.818894 139918092940096 basic_session_run_hooks.py:692] global_step/sec: 1.00028
INFO:tensorflow:global_step/sec: 1.01109
I0614 16:14:32.722056 139918092940096 basic_session_run_hooks.py:692] global_step/sec: 1.01109
INFO:tensorflow:global_step/sec: 1.003
I0614 16:16:12.422898 139918092940096 basic_session_run_hooks.py:692] global_step/sec: 1.003
INFO:tensorflow:Saving checkpoints for 161641 into Data/cylinder_flow/mgtn/checkpoint/model.ckpt.
I0614 16:16:51.750337 139918092940096 basic_session_run_hooks.py:606] Saving checkpoints for 161641 into Data/cylinder_flow/mgtn/checkpoint/model.ckpt.
INFO:tensorflow:global_step/sec: 0.996184
I0614 16:17:52.805984 139918092940096 basic_session_run_hooks.py:692] global_step/sec: 0.996184
INFO:tensorflow:global_step/sec: 1.01639
I0614 16:19:31.193596 139918092940096 basic_session_run_hooks.py:692] global_step/sec: 1.01639
INFO:tensorflow:global_step/sec: 1.01841
I0614 16:21:09.386316 139918092940096 basic_session_run_hooks.py:692] global_step/sec: 1.01841
INFO:tensorflow:global_step/sec: 1.00175
I0614 16:22:49.211328 139918092940096 basic_session_run_hooks.py:692] global_step/sec: 1.00175
I0614 16:22:49.212581 139918092940096 run_model.py:87] Step 162000: Loss 0.0665903
INFO:tensorflow:global_step/sec: 1.01102
I0614 16:24:28.121695 139918092940096 basic_session_run_hooks.py:692] global_step/sec: 1.01102
INFO:tensorflow:global_step/sec: 1.00595
I0614 16:26:07.530150 139918092940096 basic_session_run_hooks.py:692] global_step/sec: 1.00595
INFO:tensorflow:Saving checkpoints for 162247 into Data/cylinder_flow/mgtn/checkpoint/model.ckpt.
I0614 16:26:52.626571 139918092940096 basic_session_run_hooks.py:606] Saving checkpoints for 162247 into Data/cylinder_flow/mgtn/checkpoint/model.ckpt.
INFO:tensorflow:global_step/sec: 1.00047
I0614 16:27:47.483051 139918092940096 basic_session_run_hooks.py:692] global_step/sec: 1.00047
INFO:tensorflow:global_step/sec: 1.0042
I0614 16:29:27.064349 139918092940096 basic_session_run_hooks.py:692] global_step/sec: 1.0042
INFO:tensorflow:global_step/sec: 1.02879
I0614 16:31:04.266283 139918092940096 basic_session_run_hooks.py:692] global_step/sec: 1.02879
INFO:tensorflow:global_step/sec: 1.01786
I0614 16:32:42.512072 139918092940096 basic_session_run_hooks.py:692] global_step/sec: 1.01786
INFO:tensorflow:global_step/sec: 1.0185
I0614 16:34:20.695359 139918092940096 basic_session_run_hooks.py:692] global_step/sec: 1.0185
INFO:tensorflow:global_step/sec: 1.03159
I0614 16:35:57.633363 139918092940096 basic_session_run_hooks.py:692] global_step/sec: 1.03159
INFO:tensorflow:Saving checkpoints for 162858 into Data/cylinder_flow/mgtn/checkpoint/model.ckpt.
I0614 16:36:52.854148 139918092940096 basic_session_run_hooks.py:606] Saving checkpoints for 162858 into Data/cylinder_flow/mgtn/checkpoint/model.ckpt.
INFO:tensorflow:global_step/sec: 0.993789
I0614 16:37:38.258407 139918092940096 basic_session_run_hooks.py:692] global_step/sec: 0.993789
INFO:tensorflow:global_step/sec: 1.01497
I0614 16:39:16.783823 139918092940096 basic_session_run_hooks.py:692] global_step/sec: 1.01497
I0614 16:39:16.785355 139918092940096 run_model.py:87] Step 163000: Loss 0.0652722
INFO:tensorflow:global_step/sec: 0.997197
I0614 16:40:57.064926 139918092940096 basic_session_run_hooks.py:692] global_step/sec: 0.997197
INFO:tensorflow:global_step/sec: 1.00383
I0614 16:42:36.683128 139918092940096 basic_session_run_hooks.py:692] global_step/sec: 1.00383
INFO:tensorflow:global_step/sec: 0.998264
I0614 16:44:16.857057 139918092940096 basic_session_run_hooks.py:692] global_step/sec: 0.998264
INFO:tensorflow:global_step/sec: 1.01024
I0614 16:45:55.843924 139918092940096 basic_session_run_hooks.py:692] global_step/sec: 1.01024
INFO:tensorflow:Saving checkpoints for 163459 into Data/cylinder_flow/mgtn/checkpoint/model.ckpt.
I0614 16:46:53.190876 139918092940096 basic_session_run_hooks.py:606] Saving checkpoints for 163459 into Data/cylinder_flow/mgtn/checkpoint/model.ckpt.
INFO:tensorflow:global_step/sec: 0.993001
I0614 16:47:36.548770 139918092940096 basic_session_run_hooks.py:692] global_step/sec: 0.993001
INFO:tensorflow:global_step/sec: 1.00405
I0614 16:49:16.145090 139918092940096 basic_session_run_hooks.py:692] global_step/sec: 1.00405
INFO:tensorflow:global_step/sec: 1.0134
I0614 16:50:54.822587 139918092940096 basic_session_run_hooks.py:692] global_step/sec: 1.0134
INFO:tensorflow:global_step/sec: 1.02256
I0614 16:52:32.616115 139918092940096 basic_session_run_hooks.py:692] global_step/sec: 1.02256
INFO:tensorflow:global_step/sec: 1.02
I0614 16:54:10.655036 139918092940096 basic_session_run_hooks.py:692] global_step/sec: 1.02
INFO:tensorflow:global_step/sec: 1.02051
I0614 16:55:48.645727 139918092940096 basic_session_run_hooks.py:692] global_step/sec: 1.02051
I0614 16:55:48.647130 139918092940096 run_model.py:87] Step 164000: Loss 0.125741
INFO:tensorflow:Saving checkpoints for 164068 into Data/cylinder_flow/mgtn/checkpoint/model.ckpt.
I0614 16:56:53.271826 139918092940096 basic_session_run_hooks.py:606] Saving checkpoints for 164068 into Data/cylinder_flow/mgtn/checkpoint/model.ckpt.
INFO:tensorflow:global_step/sec: 1.01675
I0614 16:57:26.998570 139918092940096 basic_session_run_hooks.py:692] global_step/sec: 1.01675
INFO:tensorflow:global_step/sec: 1.05304
I0614 16:59:01.961607 139918092940096 basic_session_run_hooks.py:692] global_step/sec: 1.05304
INFO:tensorflow:global_step/sec: 1.01719
I0614 17:00:40.271227 139918092940096 basic_session_run_hooks.py:692] global_step/sec: 1.01719
INFO:tensorflow:global_step/sec: 1.00968
I0614 17:02:19.312062 139918092940096 basic_session_run_hooks.py:692] global_step/sec: 1.00968
INFO:tensorflow:global_step/sec: 1.0129
I0614 17:03:58.038437 139918092940096 basic_session_run_hooks.py:692] global_step/sec: 1.0129
INFO:tensorflow:global_step/sec: 1.00864
I0614 17:05:37.182034 139918092940096 basic_session_run_hooks.py:692] global_step/sec: 1.00864
INFO:tensorflow:Saving checkpoints for 164679 into Data/cylinder_flow/mgtn/checkpoint/model.ckpt.
I0614 17:06:54.076616 139918092940096 basic_session_run_hooks.py:606] Saving checkpoints for 164679 into Data/cylinder_flow/mgtn/checkpoint/model.ckpt.
INFO:tensorflow:global_step/sec: 1.00043
I0614 17:07:17.139249 139918092940096 basic_session_run_hooks.py:692] global_step/sec: 1.00043
INFO:tensorflow:global_step/sec: 1.01355
I0614 17:08:55.802654 139918092940096 basic_session_run_hooks.py:692] global_step/sec: 1.01355
INFO:tensorflow:global_step/sec: 0.99324
I0614 17:10:36.483226 139918092940096 basic_session_run_hooks.py:692] global_step/sec: 0.99324
INFO:tensorflow:global_step/sec: 0.99836
I0614 17:12:16.647487 139918092940096 basic_session_run_hooks.py:692] global_step/sec: 0.99836
I0614 17:12:16.648592 139918092940096 run_model.py:87] Step 165000: Loss 0.141653
INFO:tensorflow:global_step/sec: 1.00009
I0614 17:13:56.639010 139918092940096 basic_session_run_hooks.py:692] global_step/sec: 1.00009
INFO:tensorflow:global_step/sec: 1.01068
I0614 17:15:35.581822 139918092940096 basic_session_run_hooks.py:692] global_step/sec: 1.01068
INFO:tensorflow:Saving checkpoints for 165281 into Data/cylinder_flow/mgtn/checkpoint/model.ckpt.
I0614 17:16:54.511246 139918092940096 basic_session_run_hooks.py:606] Saving checkpoints for 165281 into Data/cylinder_flow/mgtn/checkpoint/model.ckpt.
INFO:tensorflow:global_step/sec: 0.999523
I0614 17:17:15.629597 139918092940096 basic_session_run_hooks.py:692] global_step/sec: 0.999523
INFO:tensorflow:global_step/sec: 1.00683
I0614 17:18:54.951136 139918092940096 basic_session_run_hooks.py:692] global_step/sec: 1.00683
INFO:tensorflow:global_step/sec: 1.00122
I0614 17:20:34.829181 139918092940096 basic_session_run_hooks.py:692] global_step/sec: 1.00122
INFO:tensorflow:global_step/sec: 1.0028
I0614 17:22:14.550179 139918092940096 basic_session_run_hooks.py:692] global_step/sec: 1.0028
INFO:tensorflow:global_step/sec: 0.993667
I0614 17:23:55.187544 139918092940096 basic_session_run_hooks.py:692] global_step/sec: 0.993667
INFO:tensorflow:global_step/sec: 0.994909
I0614 17:25:35.699249 139918092940096 basic_session_run_hooks.py:692] global_step/sec: 0.994909
INFO:tensorflow:Saving checkpoints for 165882 into Data/cylinder_flow/mgtn/checkpoint/model.ckpt.
I0614 17:26:54.824230 139918092940096 basic_session_run_hooks.py:606] Saving checkpoints for 165882 into Data/cylinder_flow/mgtn/checkpoint/model.ckpt.
INFO:tensorflow:global_step/sec: 1.00326
I0614 17:27:15.374501 139918092940096 basic_session_run_hooks.py:692] global_step/sec: 1.00326
INFO:tensorflow:global_step/sec: 1.00097
I0614 17:28:55.277349 139918092940096 basic_session_run_hooks.py:692] global_step/sec: 1.00097
I0614 17:28:55.278464 139918092940096 run_model.py:87] Step 166000: Loss 0.0813188
INFO:tensorflow:global_step/sec: 1.00811
I0614 17:30:34.473262 139918092940096 basic_session_run_hooks.py:692] global_step/sec: 1.00811
INFO:tensorflow:global_step/sec: 1.01849
I0614 17:32:12.658097 139918092940096 basic_session_run_hooks.py:692] global_step/sec: 1.01849
INFO:tensorflow:global_step/sec: 1.01429
I0614 17:33:51.249479 139918092940096 basic_session_run_hooks.py:692] global_step/sec: 1.01429
INFO:tensorflow:global_step/sec: 1.0014
I0614 17:35:31.109587 139918092940096 basic_session_run_hooks.py:692] global_step/sec: 1.0014
INFO:tensorflow:Saving checkpoints for 166486 into Data/cylinder_flow/mgtn/checkpoint/model.ckpt.
I0614 17:36:54.898767 139918092940096 basic_session_run_hooks.py:606] Saving checkpoints for 166486 into Data/cylinder_flow/mgtn/checkpoint/model.ckpt.
INFO:tensorflow:global_step/sec: 0.998206
I0614 17:37:11.289287 139918092940096 basic_session_run_hooks.py:692] global_step/sec: 0.998206
INFO:tensorflow:global_step/sec: 1.0136
I0614 17:38:49.947035 139918092940096 basic_session_run_hooks.py:692] global_step/sec: 1.0136
INFO:tensorflow:global_step/sec: 1.00769
I0614 17:40:29.183966 139918092940096 basic_session_run_hooks.py:692] global_step/sec: 1.00769
INFO:tensorflow:global_step/sec: 1.0191
I0614 17:42:07.310132 139918092940096 basic_session_run_hooks.py:692] global_step/sec: 1.0191
INFO:tensorflow:global_step/sec: 0.986088
I0614 17:43:48.720912 139918092940096 basic_session_run_hooks.py:692] global_step/sec: 0.986088
INFO:tensorflow:global_step/sec: 0.9989
I0614 17:45:28.831059 139918092940096 basic_session_run_hooks.py:692] global_step/sec: 0.9989
I0614 17:45:28.832146 139918092940096 run_model.py:87] Step 167000: Loss 0.137334
INFO:tensorflow:Saving checkpoints for 167087 into Data/cylinder_flow/mgtn/checkpoint/model.ckpt.
I0614 17:46:55.579662 139918092940096 basic_session_run_hooks.py:606] Saving checkpoints for 167087 into Data/cylinder_flow/mgtn/checkpoint/model.ckpt.
INFO:tensorflow:global_step/sec: 0.975803
I0614 17:47:11.310762 139918092940096 basic_session_run_hooks.py:692] global_step/sec: 0.975803
INFO:tensorflow:global_step/sec: 1.00167
I0614 17:48:51.143805 139918092940096 basic_session_run_hooks.py:692] global_step/sec: 1.00167
INFO:tensorflow:global_step/sec: 1.00742
I0614 17:50:30.407099 139918092940096 basic_session_run_hooks.py:692] global_step/sec: 1.00742
INFO:tensorflow:global_step/sec: 1.02774
I0614 17:52:07.708341 139918092940096 basic_session_run_hooks.py:692] global_step/sec: 1.02774
INFO:tensorflow:global_step/sec: 1.01683
I0614 17:53:46.053589 139918092940096 basic_session_run_hooks.py:692] global_step/sec: 1.01683
INFO:tensorflow:global_step/sec: 1.01874
I0614 17:55:24.214179 139918092940096 basic_session_run_hooks.py:692] global_step/sec: 1.01874
INFO:tensorflow:Saving checkpoints for 167694 into Data/cylinder_flow/mgtn/checkpoint/model.ckpt.
I0614 17:56:56.041483 139918092940096 basic_session_run_hooks.py:606] Saving checkpoints for 167694 into Data/cylinder_flow/mgtn/checkpoint/model.ckpt.
INFO:tensorflow:global_step/sec: 0.997458
I0614 17:57:04.469006 139918092940096 basic_session_run_hooks.py:692] global_step/sec: 0.997458
INFO:tensorflow:global_step/sec: 1.00896
I0614 17:58:43.580854 139918092940096 basic_session_run_hooks.py:692] global_step/sec: 1.00896
INFO:tensorflow:global_step/sec: 1.00777
I0614 18:00:22.809768 139918092940096 basic_session_run_hooks.py:692] global_step/sec: 1.00777
INFO:tensorflow:global_step/sec: 1.01546
I0614 18:02:01.287466 139918092940096 basic_session_run_hooks.py:692] global_step/sec: 1.01546
I0614 18:02:01.288546 139918092940096 run_model.py:87] Step 168000: Loss 0.0812731
INFO:tensorflow:global_step/sec: 1.00696
I0614 18:03:40.596676 139918092940096 basic_session_run_hooks.py:692] global_step/sec: 1.00696
INFO:tensorflow:global_step/sec: 1.02081
I0614 18:05:18.557633 139918092940096 basic_session_run_hooks.py:692] global_step/sec: 1.02081
INFO:tensorflow:Saving checkpoints for 168299 into Data/cylinder_flow/mgtn/checkpoint/model.ckpt.
I0614 18:06:56.954874 139918092940096 basic_session_run_hooks.py:606] Saving checkpoints for 168299 into Data/cylinder_flow/mgtn/checkpoint/model.ckpt.
INFO:tensorflow:global_step/sec: 0.982252
I0614 18:07:00.364513 139918092940096 basic_session_run_hooks.py:692] global_step/sec: 0.982252
INFO:tensorflow:global_step/sec: 0.994214
I0614 18:08:40.946386 139918092940096 basic_session_run_hooks.py:692] global_step/sec: 0.994214
INFO:tensorflow:global_step/sec: 1.01785
I0614 18:10:19.192650 139918092940096 basic_session_run_hooks.py:692] global_step/sec: 1.01785
INFO:tensorflow:global_step/sec: 0.995482
I0614 18:11:59.646530 139918092940096 basic_session_run_hooks.py:692] global_step/sec: 0.995482
INFO:tensorflow:global_step/sec: 0.989847
I0614 18:13:40.672231 139918092940096 basic_session_run_hooks.py:692] global_step/sec: 0.989847
INFO:tensorflow:global_step/sec: 0.9844
I0614 18:15:22.256963 139918092940096 basic_session_run_hooks.py:692] global_step/sec: 0.9844
INFO:tensorflow:Saving checkpoints for 168896 into Data/cylinder_flow/mgtn/checkpoint/model.ckpt.
I0614 18:16:57.612773 139918092940096 basic_session_run_hooks.py:606] Saving checkpoints for 168896 into Data/cylinder_flow/mgtn/checkpoint/model.ckpt.
INFO:tensorflow:global_step/sec: 0.979871
I0614 18:17:04.311200 139918092940096 basic_session_run_hooks.py:692] global_step/sec: 0.979871
INFO:tensorflow:global_step/sec: 1.00349
I0614 18:18:43.963288 139918092940096 basic_session_run_hooks.py:692] global_step/sec: 1.00349
I0614 18:18:43.964610 139918092940096 run_model.py:87] Step 169000: Loss 0.0487825
INFO:tensorflow:global_step/sec: 0.998311
I0614 18:20:24.132530 139918092940096 basic_session_run_hooks.py:692] global_step/sec: 0.998311
INFO:tensorflow:global_step/sec: 0.991722
I0614 18:22:04.967244 139918092940096 basic_session_run_hooks.py:692] global_step/sec: 0.991722
INFO:tensorflow:global_step/sec: 1.00728
I0614 18:23:44.244587 139918092940096 basic_session_run_hooks.py:692] global_step/sec: 1.00728
INFO:tensorflow:global_step/sec: 1.01292
I0614 18:25:22.968773 139918092940096 basic_session_run_hooks.py:692] global_step/sec: 1.01292
INFO:tensorflow:Saving checkpoints for 169495 into Data/cylinder_flow/mgtn/checkpoint/model.ckpt.
I0614 18:26:57.672773 139918092940096 basic_session_run_hooks.py:606] Saving checkpoints for 169495 into Data/cylinder_flow/mgtn/checkpoint/model.ckpt.
INFO:tensorflow:global_step/sec: 0.979414
I0614 18:27:05.070647 139918092940096 basic_session_run_hooks.py:692] global_step/sec: 0.979414
INFO:tensorflow:global_step/sec: 0.98824
I0614 18:28:46.260694 139918092940096 basic_session_run_hooks.py:692] global_step/sec: 0.98824
INFO:tensorflow:global_step/sec: 1.00046
I0614 18:30:26.214273 139918092940096 basic_session_run_hooks.py:692] global_step/sec: 1.00046
INFO:tensorflow:global_step/sec: 1.00413
I0614 18:32:05.802852 139918092940096 basic_session_run_hooks.py:692] global_step/sec: 1.00413
INFO:tensorflow:global_step/sec: 1.02405
I0614 18:33:43.453944 139918092940096 basic_session_run_hooks.py:692] global_step/sec: 1.02405
INFO:tensorflow:global_step/sec: 1.01112
I0614 18:35:22.353901 139918092940096 basic_session_run_hooks.py:692] global_step/sec: 1.01112
I0614 18:35:22.355215 139918092940096 run_model.py:87] Step 170000: Loss 0.0393806
INFO:tensorflow:Saving checkpoints for 170099 into Data/cylinder_flow/mgtn/checkpoint/model.ckpt.
I0614 18:36:57.694912 139918092940096 basic_session_run_hooks.py:606] Saving checkpoints for 170099 into Data/cylinder_flow/mgtn/checkpoint/model.ckpt.
INFO:tensorflow:global_step/sec: 1.01081
I0614 18:37:01.284641 139918092940096 basic_session_run_hooks.py:692] global_step/sec: 1.01081
INFO:tensorflow:global_step/sec: 1.01166
I0614 18:38:40.131564 139918092940096 basic_session_run_hooks.py:692] global_step/sec: 1.01166
INFO:tensorflow:global_step/sec: 1.01378
I0614 18:40:18.771926 139918092940096 basic_session_run_hooks.py:692] global_step/sec: 1.01378
INFO:tensorflow:global_step/sec: 1.00794
I0614 18:41:57.983856 139918092940096 basic_session_run_hooks.py:692] global_step/sec: 1.00794
INFO:tensorflow:global_step/sec: 1.00115
I0614 18:43:37.869148 139918092940096 basic_session_run_hooks.py:692] global_step/sec: 1.00115
INFO:tensorflow:global_step/sec: 1.00716
I0614 18:45:17.158418 139918092940096 basic_session_run_hooks.py:692] global_step/sec: 1.00716
INFO:tensorflow:global_step/sec: 1.00392
I0614 18:46:56.768327 139918092940096 basic_session_run_hooks.py:692] global_step/sec: 1.00392
INFO:tensorflow:Saving checkpoints for 170703 into Data/cylinder_flow/mgtn/checkpoint/model.ckpt.
I0614 18:46:58.624659 139918092940096 basic_session_run_hooks.py:606] Saving checkpoints for 170703 into Data/cylinder_flow/mgtn/checkpoint/model.ckpt.
INFO:tensorflow:global_step/sec: 0.980776
I0614 18:48:38.728469 139918092940096 basic_session_run_hooks.py:692] global_step/sec: 0.980776
INFO:tensorflow:global_step/sec: 0.975911
I0614 18:50:21.196810 139918092940096 basic_session_run_hooks.py:692] global_step/sec: 0.975911
INFO:tensorflow:global_step/sec: 0.995152
I0614 18:52:01.684011 139918092940096 basic_session_run_hooks.py:692] global_step/sec: 0.995152
I0614 18:52:01.685145 139918092940096 run_model.py:87] Step 171000: Loss 0.0818405
INFO:tensorflow:global_step/sec: 1.00117
I0614 18:53:41.566827 139918092940096 basic_session_run_hooks.py:692] global_step/sec: 1.00117
INFO:tensorflow:global_step/sec: 0.99436
I0614 18:55:22.134009 139918092940096 basic_session_run_hooks.py:692] global_step/sec: 0.99436
INFO:tensorflow:Saving checkpoints for 171298 into Data/cylinder_flow/mgtn/checkpoint/model.ckpt.
I0614 18:56:58.826063 139918092940096 basic_session_run_hooks.py:606] Saving checkpoints for 171298 into Data/cylinder_flow/mgtn/checkpoint/model.ckpt.
INFO:tensorflow:global_step/sec: 0.987211
I0614 18:57:03.429481 139918092940096 basic_session_run_hooks.py:692] global_step/sec: 0.987211
INFO:tensorflow:global_step/sec: 0.99895
I0614 18:58:43.534642 139918092940096 basic_session_run_hooks.py:692] global_step/sec: 0.99895
INFO:tensorflow:global_step/sec: 1.01099
I0614 19:00:22.447812 139918092940096 basic_session_run_hooks.py:692] global_step/sec: 1.01099
INFO:tensorflow:global_step/sec: 1.0199
I0614 19:02:00.496903 139918092940096 basic_session_run_hooks.py:692] global_step/sec: 1.0199
INFO:tensorflow:global_step/sec: 1.01055
I0614 19:03:39.452912 139918092940096 basic_session_run_hooks.py:692] global_step/sec: 1.01055
INFO:tensorflow:global_step/sec: 1.01205
I0614 19:05:18.262350 139918092940096 basic_session_run_hooks.py:692] global_step/sec: 1.01205
INFO:tensorflow:global_step/sec: 1.00657
I0614 19:06:57.609714 139918092940096 basic_session_run_hooks.py:692] global_step/sec: 1.00657
INFO:tensorflow:Saving checkpoints for 171903 into Data/cylinder_flow/mgtn/checkpoint/model.ckpt.
I0614 19:06:59.663336 139918092940096 basic_session_run_hooks.py:606] Saving checkpoints for 171903 into Data/cylinder_flow/mgtn/checkpoint/model.ckpt.
INFO:tensorflow:global_step/sec: 0.993646
I0614 19:08:38.249181 139918092940096 basic_session_run_hooks.py:692] global_step/sec: 0.993646
I0614 19:08:38.250442 139918092940096 run_model.py:87] Step 172000: Loss 0.0595
INFO:tensorflow:global_step/sec: 0.997231
I0614 19:10:18.526832 139918092940096 basic_session_run_hooks.py:692] global_step/sec: 0.997231
INFO:tensorflow:global_step/sec: 1.01672
I0614 19:11:56.881919 139918092940096 basic_session_run_hooks.py:692] global_step/sec: 1.01672
INFO:tensorflow:global_step/sec: 0.997508
I0614 19:13:37.131704 139918092940096 basic_session_run_hooks.py:692] global_step/sec: 0.997508
INFO:tensorflow:global_step/sec: 1.00719
I0614 19:15:16.417843 139918092940096 basic_session_run_hooks.py:692] global_step/sec: 1.00719
INFO:tensorflow:global_step/sec: 1.01707
I0614 19:16:54.739292 139918092940096 basic_session_run_hooks.py:692] global_step/sec: 1.01707
INFO:tensorflow:Saving checkpoints for 172507 into Data/cylinder_flow/mgtn/checkpoint/model.ckpt.
I0614 19:17:00.520387 139918092940096 basic_session_run_hooks.py:606] Saving checkpoints for 172507 into Data/cylinder_flow/mgtn/checkpoint/model.ckpt.
INFO:tensorflow:global_step/sec: 0.993642
I0614 19:18:35.379197 139918092940096 basic_session_run_hooks.py:692] global_step/sec: 0.993642
INFO:tensorflow:global_step/sec: 1.00087
I0614 19:20:15.292655 139918092940096 basic_session_run_hooks.py:692] global_step/sec: 1.00087
INFO:tensorflow:global_step/sec: 1.00441
I0614 19:21:54.853420 139918092940096 basic_session_run_hooks.py:692] global_step/sec: 1.00441
INFO:tensorflow:global_step/sec: 0.995079
I0614 19:23:35.347946 139918092940096 basic_session_run_hooks.py:692] global_step/sec: 0.995079
INFO:tensorflow:global_step/sec: 1.01131
I0614 19:25:14.229449 139918092940096 basic_session_run_hooks.py:692] global_step/sec: 1.01131
I0614 19:25:14.230763 139918092940096 run_model.py:87] Step 173000: Loss 0.0330787
INFO:tensorflow:global_step/sec: 0.984266
I0614 19:26:55.827954 139918092940096 basic_session_run_hooks.py:692] global_step/sec: 0.984266
INFO:tensorflow:Saving checkpoints for 173106 into Data/cylinder_flow/mgtn/checkpoint/model.ckpt.
I0614 19:27:00.964879 139918092940096 basic_session_run_hooks.py:606] Saving checkpoints for 173106 into Data/cylinder_flow/mgtn/checkpoint/model.ckpt.
INFO:tensorflow:global_step/sec: 0.97654
I0614 19:28:38.230353 139918092940096 basic_session_run_hooks.py:692] global_step/sec: 0.97654
INFO:tensorflow:global_step/sec: 0.990246
I0614 19:30:19.215283 139918092940096 basic_session_run_hooks.py:692] global_step/sec: 0.990246
INFO:tensorflow:global_step/sec: 0.993262
I0614 19:31:59.893614 139918092940096 basic_session_run_hooks.py:692] global_step/sec: 0.993262
INFO:tensorflow:global_step/sec: 0.996736
I0614 19:33:40.221118 139918092940096 basic_session_run_hooks.py:692] global_step/sec: 0.996736
INFO:tensorflow:global_step/sec: 1.01483
I0614 19:35:18.759291 139918092940096 basic_session_run_hooks.py:692] global_step/sec: 1.01483
INFO:tensorflow:global_step/sec: 1.01966
I0614 19:36:56.831648 139918092940096 basic_session_run_hooks.py:692] global_step/sec: 1.01966
INFO:tensorflow:Saving checkpoints for 173706 into Data/cylinder_flow/mgtn/checkpoint/model.ckpt.
I0614 19:37:01.761558 139918092940096 basic_session_run_hooks.py:606] Saving checkpoints for 173706 into Data/cylinder_flow/mgtn/checkpoint/model.ckpt.
INFO:tensorflow:global_step/sec: 0.983858
I0614 19:38:38.472337 139918092940096 basic_session_run_hooks.py:692] global_step/sec: 0.983858
INFO:tensorflow:global_step/sec: 1.00259
I0614 19:40:18.213910 139918092940096 basic_session_run_hooks.py:692] global_step/sec: 1.00259
INFO:tensorflow:global_step/sec: 1.00026
I0614 19:41:58.187638 139918092940096 basic_session_run_hooks.py:692] global_step/sec: 1.00026
I0614 19:41:58.188989 139918092940096 run_model.py:87] Step 174000: Loss 0.130496
INFO:tensorflow:global_step/sec: 0.986394
I0614 19:43:39.566954 139918092940096 basic_session_run_hooks.py:692] global_step/sec: 0.986394
INFO:tensorflow:global_step/sec: 0.993689
I0614 19:45:20.202084 139918092940096 basic_session_run_hooks.py:692] global_step/sec: 0.993689
INFO:tensorflow:global_step/sec: 0.978387
I0614 19:47:02.411145 139918092940096 basic_session_run_hooks.py:692] global_step/sec: 0.978387
INFO:tensorflow:Saving checkpoints for 174301 into Data/cylinder_flow/mgtn/checkpoint/model.ckpt.
I0614 19:47:02.418625 139918092940096 basic_session_run_hooks.py:606] Saving checkpoints for 174301 into Data/cylinder_flow/mgtn/checkpoint/model.ckpt.
INFO:tensorflow:global_step/sec: 0.983872
I0614 19:48:44.050415 139918092940096 basic_session_run_hooks.py:692] global_step/sec: 0.983872
INFO:tensorflow:global_step/sec: 0.994934
I0614 19:50:24.559522 139918092940096 basic_session_run_hooks.py:692] global_step/sec: 0.994934
INFO:tensorflow:global_step/sec: 0.996214
I0614 19:52:04.939609 139918092940096 basic_session_run_hooks.py:692] global_step/sec: 0.996214
INFO:tensorflow:global_step/sec: 0.986552
I0614 19:53:46.302682 139918092940096 basic_session_run_hooks.py:692] global_step/sec: 0.986552
INFO:tensorflow:global_step/sec: 0.998611
I0614 19:55:26.441813 139918092940096 basic_session_run_hooks.py:692] global_step/sec: 0.998611
INFO:tensorflow:Saving checkpoints for 174898 into Data/cylinder_flow/mgtn/checkpoint/model.ckpt.
I0614 19:57:03.217187 139918092940096 basic_session_run_hooks.py:606] Saving checkpoints for 174898 into Data/cylinder_flow/mgtn/checkpoint/model.ckpt.
INFO:tensorflow:global_step/sec: 0.987215
I0614 19:57:07.736901 139918092940096 basic_session_run_hooks.py:692] global_step/sec: 0.987215
INFO:tensorflow:global_step/sec: 0.991336
I0614 19:58:48.610790 139918092940096 basic_session_run_hooks.py:692] global_step/sec: 0.991336
I0614 19:58:48.611964 139918092940096 run_model.py:87] Step 175000: Loss 0.179424
INFO:tensorflow:global_step/sec: 1.00332
I0614 20:00:28.280361 139918092940096 basic_session_run_hooks.py:692] global_step/sec: 1.00332
INFO:tensorflow:global_step/sec: 1.00139
I0614 20:02:08.141944 139918092940096 basic_session_run_hooks.py:692] global_step/sec: 1.00139
INFO:tensorflow:global_step/sec: 1.00561
I0614 20:03:47.583587 139918092940096 basic_session_run_hooks.py:692] global_step/sec: 1.00561
INFO:tensorflow:global_step/sec: 0.997557
I0614 20:05:27.828545 139918092940096 basic_session_run_hooks.py:692] global_step/sec: 0.997557
INFO:tensorflow:Saving checkpoints for 175496 into Data/cylinder_flow/mgtn/checkpoint/model.ckpt.
I0614 20:07:03.318439 139918092940096 basic_session_run_hooks.py:606] Saving checkpoints for 175496 into Data/cylinder_flow/mgtn/checkpoint/model.ckpt.
INFO:tensorflow:global_step/sec: 0.980431
I0614 20:07:09.824425 139918092940096 basic_session_run_hooks.py:692] global_step/sec: 0.980431
INFO:tensorflow:global_step/sec: 1.01491
I0614 20:08:48.354950 139918092940096 basic_session_run_hooks.py:692] global_step/sec: 1.01491
INFO:tensorflow:global_step/sec: 1.00739
I0614 20:10:27.621032 139918092940096 basic_session_run_hooks.py:692] global_step/sec: 1.00739
INFO:tensorflow:global_step/sec: 0.994865
I0614 20:12:08.137117 139918092940096 basic_session_run_hooks.py:692] global_step/sec: 0.994865
INFO:tensorflow:global_step/sec: 0.997658
I0614 20:13:48.371879 139918092940096 basic_session_run_hooks.py:692] global_step/sec: 0.997658
INFO:tensorflow:global_step/sec: 0.973952
I0614 20:15:31.046372 139918092940096 basic_session_run_hooks.py:692] global_step/sec: 0.973952
I0614 20:15:31.047517 139918092940096 run_model.py:87] Step 176000: Loss 0.0439419
INFO:tensorflow:Saving checkpoints for 176094 into Data/cylinder_flow/mgtn/checkpoint/model.ckpt.
I0614 20:17:04.145217 139918092940096 basic_session_run_hooks.py:606] Saving checkpoints for 176094 into Data/cylinder_flow/mgtn/checkpoint/model.ckpt.
INFO:tensorflow:global_step/sec: 0.984171
I0614 20:17:12.654779 139918092940096 basic_session_run_hooks.py:692] global_step/sec: 0.984171
INFO:tensorflow:global_step/sec: 1.02109
I0614 20:18:50.588864 139918092940096 basic_session_run_hooks.py:692] global_step/sec: 1.02109
INFO:tensorflow:global_step/sec: 0.987482
I0614 20:20:31.856533 139918092940096 basic_session_run_hooks.py:692] global_step/sec: 0.987482
INFO:tensorflow:global_step/sec: 1.00295
I0614 20:22:11.562445 139918092940096 basic_session_run_hooks.py:692] global_step/sec: 1.00295
INFO:tensorflow:global_step/sec: 1.00387
I0614 20:23:51.177179 139918092940096 basic_session_run_hooks.py:692] global_step/sec: 1.00387
INFO:tensorflow:global_step/sec: 1.02009
I0614 20:25:29.207939 139918092940096 basic_session_run_hooks.py:692] global_step/sec: 1.02009
INFO:tensorflow:Saving checkpoints for 176697 into Data/cylinder_flow/mgtn/checkpoint/model.ckpt.
I0614 20:27:05.086626 139918092940096 basic_session_run_hooks.py:606] Saving checkpoints for 176697 into Data/cylinder_flow/mgtn/checkpoint/model.ckpt.
INFO:tensorflow:global_step/sec: 0.985125
I0614 20:27:10.717852 139918092940096 basic_session_run_hooks.py:692] global_step/sec: 0.985125
INFO:tensorflow:global_step/sec: 1.01188
I0614 20:28:49.543897 139918092940096 basic_session_run_hooks.py:692] global_step/sec: 1.01188
INFO:tensorflow:global_step/sec: 0.99108
I0614 20:30:30.443941 139918092940096 basic_session_run_hooks.py:692] global_step/sec: 0.99108
INFO:tensorflow:global_step/sec: 1.00012
I0614 20:32:10.431445 139918092940096 basic_session_run_hooks.py:692] global_step/sec: 1.00012
I0614 20:32:10.432624 139918092940096 run_model.py:87] Step 177000: Loss 0.148347
INFO:tensorflow:global_step/sec: 1.00891
I0614 20:33:49.548489 139918092940096 basic_session_run_hooks.py:692] global_step/sec: 1.00891
INFO:tensorflow:global_step/sec: 1.00081
I0614 20:35:29.467845 139918092940096 basic_session_run_hooks.py:692] global_step/sec: 1.00081
INFO:tensorflow:Saving checkpoints for 177297 into Data/cylinder_flow/mgtn/checkpoint/model.ckpt.
I0614 20:37:05.958185 139918092940096 basic_session_run_hooks.py:606] Saving checkpoints for 177297 into Data/cylinder_flow/mgtn/checkpoint/model.ckpt.
INFO:tensorflow:global_step/sec: 0.979929
I0614 20:37:11.516143 139918092940096 basic_session_run_hooks.py:692] global_step/sec: 0.979929
INFO:tensorflow:global_step/sec: 0.989082
I0614 20:38:52.619915 139918092940096 basic_session_run_hooks.py:692] global_step/sec: 0.989082
INFO:tensorflow:global_step/sec: 0.986426
I0614 20:40:33.995976 139918092940096 basic_session_run_hooks.py:692] global_step/sec: 0.986426
INFO:tensorflow:global_step/sec: 0.99452
I0614 20:42:14.546965 139918092940096 basic_session_run_hooks.py:692] global_step/sec: 0.99452
INFO:tensorflow:global_step/sec: 0.983364
I0614 20:43:56.238724 139918092940096 basic_session_run_hooks.py:692] global_step/sec: 0.983364
INFO:tensorflow:global_step/sec: 0.978535
I0614 20:45:38.432231 139918092940096 basic_session_run_hooks.py:692] global_step/sec: 0.978535
INFO:tensorflow:Saving checkpoints for 177888 into Data/cylinder_flow/mgtn/checkpoint/model.ckpt.
I0614 20:47:06.019816 139918092940096 basic_session_run_hooks.py:606] Saving checkpoints for 177888 into Data/cylinder_flow/mgtn/checkpoint/model.ckpt.
INFO:tensorflow:global_step/sec: 0.976953
I0614 20:47:20.791321 139918092940096 basic_session_run_hooks.py:692] global_step/sec: 0.976953
INFO:tensorflow:global_step/sec: 0.985931
I0614 20:49:02.218282 139918092940096 basic_session_run_hooks.py:692] global_step/sec: 0.985931
I0614 20:49:02.219469 139918092940096 run_model.py:87] Step 178000: Loss 0.0740305
INFO:tensorflow:global_step/sec: 0.989583
I0614 20:50:43.271008 139918092940096 basic_session_run_hooks.py:692] global_step/sec: 0.989583
INFO:tensorflow:global_step/sec: 0.993212
I0614 20:52:23.954466 139918092940096 basic_session_run_hooks.py:692] global_step/sec: 0.993212
INFO:tensorflow:global_step/sec: 0.988201
I0614 20:54:05.148450 139918092940096 basic_session_run_hooks.py:692] global_step/sec: 0.988201
INFO:tensorflow:global_step/sec: 0.994445
I0614 20:55:45.707033 139918092940096 basic_session_run_hooks.py:692] global_step/sec: 0.994445
INFO:tensorflow:Saving checkpoints for 178482 into Data/cylinder_flow/mgtn/checkpoint/model.ckpt.
I0614 20:57:06.300406 139918092940096 basic_session_run_hooks.py:606] Saving checkpoints for 178482 into Data/cylinder_flow/mgtn/checkpoint/model.ckpt.
INFO:tensorflow:global_step/sec: 0.9844
I0614 20:57:27.291778 139918092940096 basic_session_run_hooks.py:692] global_step/sec: 0.9844
INFO:tensorflow:global_step/sec: 0.968451
I0614 20:59:10.549467 139918092940096 basic_session_run_hooks.py:692] global_step/sec: 0.968451
INFO:tensorflow:global_step/sec: 0.975591
I0614 21:00:53.051451 139918092940096 basic_session_run_hooks.py:692] global_step/sec: 0.975591
INFO:tensorflow:global_step/sec: 0.990982
I0614 21:02:33.961444 139918092940096 basic_session_run_hooks.py:692] global_step/sec: 0.990982
INFO:tensorflow:global_step/sec: 0.980019
I0614 21:04:16.000329 139918092940096 basic_session_run_hooks.py:692] global_step/sec: 0.980019
INFO:tensorflow:global_step/sec: 0.98007
I0614 21:05:58.033824 139918092940096 basic_session_run_hooks.py:692] global_step/sec: 0.98007
I0614 21:05:58.035302 139918092940096 run_model.py:87] Step 179000: Loss 0.0333145
INFO:tensorflow:Saving checkpoints for 179069 into Data/cylinder_flow/mgtn/checkpoint/model.ckpt.
I0614 21:07:06.480353 139918092940096 basic_session_run_hooks.py:606] Saving checkpoints for 179069 into Data/cylinder_flow/mgtn/checkpoint/model.ckpt.
INFO:tensorflow:global_step/sec: 0.982202
I0614 21:07:39.845834 139918092940096 basic_session_run_hooks.py:692] global_step/sec: 0.982202
INFO:tensorflow:global_step/sec: 0.988477
I0614 21:09:21.011610 139918092940096 basic_session_run_hooks.py:692] global_step/sec: 0.988477
INFO:tensorflow:global_step/sec: 0.976537
I0614 21:11:03.414171 139918092940096 basic_session_run_hooks.py:692] global_step/sec: 0.976537
INFO:tensorflow:global_step/sec: 1.00592
I0614 21:12:42.825622 139918092940096 basic_session_run_hooks.py:692] global_step/sec: 1.00592
INFO:tensorflow:global_step/sec: 0.999259
I0614 21:14:22.899767 139918092940096 basic_session_run_hooks.py:692] global_step/sec: 0.999259
INFO:tensorflow:global_step/sec: 0.992992
I0614 21:16:03.605556 139918092940096 basic_session_run_hooks.py:692] global_step/sec: 0.992992
INFO:tensorflow:Saving checkpoints for 179664 into Data/cylinder_flow/mgtn/checkpoint/model.ckpt.
I0614 21:17:06.868856 139918092940096 basic_session_run_hooks.py:606] Saving checkpoints for 179664 into Data/cylinder_flow/mgtn/checkpoint/model.ckpt.
INFO:tensorflow:global_step/sec: 0.990074
I0614 21:17:44.608106 139918092940096 basic_session_run_hooks.py:692] global_step/sec: 0.990074
INFO:tensorflow:global_step/sec: 1.02534
I0614 21:19:22.136744 139918092940096 basic_session_run_hooks.py:692] global_step/sec: 1.02534
INFO:tensorflow:global_step/sec: 0.998299
I0614 21:21:02.307179 139918092940096 basic_session_run_hooks.py:692] global_step/sec: 0.998299
INFO:tensorflow:global_step/sec: 1.0097
I0614 21:22:41.346244 139918092940096 basic_session_run_hooks.py:692] global_step/sec: 1.0097
I0614 21:22:41.347403 139918092940096 run_model.py:87] Step 180000: Loss 0.064996
INFO:tensorflow:global_step/sec: 1.00617
I0614 21:24:20.733237 139918092940096 basic_session_run_hooks.py:692] global_step/sec: 1.00617
INFO:tensorflow:global_step/sec: 0.994377
I0614 21:26:01.298731 139918092940096 basic_session_run_hooks.py:692] global_step/sec: 0.994377
INFO:tensorflow:Saving checkpoints for 180267 into Data/cylinder_flow/mgtn/checkpoint/model.ckpt.
I0614 21:27:07.052510 139918092940096 basic_session_run_hooks.py:606] Saving checkpoints for 180267 into Data/cylinder_flow/mgtn/checkpoint/model.ckpt.
INFO:tensorflow:global_step/sec: 0.986056
I0614 21:27:42.712914 139918092940096 basic_session_run_hooks.py:692] global_step/sec: 0.986056
INFO:tensorflow:global_step/sec: 0.984058
I0614 21:29:24.332910 139918092940096 basic_session_run_hooks.py:692] global_step/sec: 0.984058
INFO:tensorflow:global_step/sec: 0.993981
I0614 21:31:04.938486 139918092940096 basic_session_run_hooks.py:692] global_step/sec: 0.993981
INFO:tensorflow:global_step/sec: 0.994346
I0614 21:32:45.507149 139918092940096 basic_session_run_hooks.py:692] global_step/sec: 0.994346
INFO:tensorflow:global_step/sec: 1.00665
I0614 21:34:24.846312 139918092940096 basic_session_run_hooks.py:692] global_step/sec: 1.00665
INFO:tensorflow:global_step/sec: 1.01395
I0614 21:36:03.470566 139918092940096 basic_session_run_hooks.py:692] global_step/sec: 1.01395
INFO:tensorflow:Saving checkpoints for 180866 into Data/cylinder_flow/mgtn/checkpoint/model.ckpt.
I0614 21:37:07.717920 139918092940096 basic_session_run_hooks.py:606] Saving checkpoints for 180866 into Data/cylinder_flow/mgtn/checkpoint/model.ckpt.
INFO:tensorflow:global_step/sec: 0.988027
I0614 21:37:44.682344 139918092940096 basic_session_run_hooks.py:692] global_step/sec: 0.988027
INFO:tensorflow:global_step/sec: 0.99985
I0614 21:39:24.697375 139918092940096 basic_session_run_hooks.py:692] global_step/sec: 0.99985
I0614 21:39:24.698498 139918092940096 run_model.py:87] Step 181000: Loss 0.0864102
INFO:tensorflow:global_step/sec: 1.00962
I0614 21:41:03.744385 139918092940096 basic_session_run_hooks.py:692] global_step/sec: 1.00962
INFO:tensorflow:global_step/sec: 1.00097
I0614 21:42:43.647549 139918092940096 basic_session_run_hooks.py:692] global_step/sec: 1.00097
INFO:tensorflow:global_step/sec: 1.00709
I0614 21:44:22.943930 139918092940096 basic_session_run_hooks.py:692] global_step/sec: 1.00709
INFO:tensorflow:global_step/sec: 1.00789
I0614 21:46:02.161262 139918092940096 basic_session_run_hooks.py:692] global_step/sec: 1.00789
INFO:tensorflow:Saving checkpoints for 181468 into Data/cylinder_flow/mgtn/checkpoint/model.ckpt.
I0614 21:47:08.102359 139918092940096 basic_session_run_hooks.py:606] Saving checkpoints for 181468 into Data/cylinder_flow/mgtn/checkpoint/model.ckpt.
INFO:tensorflow:global_step/sec: 0.988873
I0614 21:47:43.286565 139918092940096 basic_session_run_hooks.py:692] global_step/sec: 0.988873
INFO:tensorflow:global_step/sec: 1.01678
I0614 21:49:21.636275 139918092940096 basic_session_run_hooks.py:692] global_step/sec: 1.01678
INFO:tensorflow:global_step/sec: 1.00248
I0614 21:51:01.389017 139918092940096 basic_session_run_hooks.py:692] global_step/sec: 1.00248
INFO:tensorflow:global_step/sec: 0.9957
I0614 21:52:41.820858 139918092940096 basic_session_run_hooks.py:692] global_step/sec: 0.9957
INFO:tensorflow:global_step/sec: 0.997602
I0614 21:54:22.061194 139918092940096 basic_session_run_hooks.py:692] global_step/sec: 0.997602
INFO:tensorflow:global_step/sec: 1.00004
I0614 21:56:02.056868 139918092940096 basic_session_run_hooks.py:692] global_step/sec: 1.00004
I0614 21:56:02.058418 139918092940096 run_model.py:87] Step 182000: Loss 0.0328272
INFO:tensorflow:Saving checkpoints for 182066 into Data/cylinder_flow/mgtn/checkpoint/model.ckpt.
I0614 21:57:08.314579 139918092940096 basic_session_run_hooks.py:606] Saving checkpoints for 182066 into Data/cylinder_flow/mgtn/checkpoint/model.ckpt.
INFO:tensorflow:global_step/sec: 0.977111
I0614 21:57:44.399440 139918092940096 basic_session_run_hooks.py:692] global_step/sec: 0.977111
INFO:tensorflow:global_step/sec: 1.02529
I0614 21:59:21.932866 139918092940096 basic_session_run_hooks.py:692] global_step/sec: 1.02529
INFO:tensorflow:global_step/sec: 1.02176
I0614 22:00:59.803443 139918092940096 basic_session_run_hooks.py:692] global_step/sec: 1.02176
INFO:tensorflow:global_step/sec: 1.00402
I0614 22:02:39.402829 139918092940096 basic_session_run_hooks.py:692] global_step/sec: 1.00402
INFO:tensorflow:global_step/sec: 1.0079
I0614 22:04:18.618835 139918092940096 basic_session_run_hooks.py:692] global_step/sec: 1.0079
INFO:tensorflow:global_step/sec: 1.00299
I0614 22:05:58.320544 139918092940096 basic_session_run_hooks.py:692] global_step/sec: 1.00299
INFO:tensorflow:Saving checkpoints for 182672 into Data/cylinder_flow/mgtn/checkpoint/model.ckpt.
I0614 22:07:08.535782 139918092940096 basic_session_run_hooks.py:606] Saving checkpoints for 182672 into Data/cylinder_flow/mgtn/checkpoint/model.ckpt.
INFO:tensorflow:global_step/sec: 0.995748
I0614 22:07:38.747576 139918092940096 basic_session_run_hooks.py:692] global_step/sec: 0.995748
INFO:tensorflow:global_step/sec: 0.996539
I0614 22:09:19.094864 139918092940096 basic_session_run_hooks.py:692] global_step/sec: 0.996539
INFO:tensorflow:global_step/sec: 0.998248
I0614 22:10:59.270428 139918092940096 basic_session_run_hooks.py:692] global_step/sec: 0.998248
INFO:tensorflow:global_step/sec: 1.00684
I0614 22:12:38.591098 139918092940096 basic_session_run_hooks.py:692] global_step/sec: 1.00684
I0614 22:12:38.592188 139918092940096 run_model.py:87] Step 183000: Loss 0.0746202
INFO:tensorflow:global_step/sec: 0.994595
I0614 22:14:19.134540 139918092940096 basic_session_run_hooks.py:692] global_step/sec: 0.994595
INFO:tensorflow:global_step/sec: 1.01581
I0614 22:15:57.578408 139918092940096 basic_session_run_hooks.py:692] global_step/sec: 1.01581
INFO:tensorflow:Saving checkpoints for 183272 into Data/cylinder_flow/mgtn/checkpoint/model.ckpt.
I0614 22:17:08.801904 139918092940096 basic_session_run_hooks.py:606] Saving checkpoints for 183272 into Data/cylinder_flow/mgtn/checkpoint/model.ckpt.
INFO:tensorflow:global_step/sec: 0.982789
I0614 22:17:39.329703 139918092940096 basic_session_run_hooks.py:692] global_step/sec: 0.982789
INFO:tensorflow:global_step/sec: 1.0016
I0614 22:19:19.170148 139918092940096 basic_session_run_hooks.py:692] global_step/sec: 1.0016
INFO:tensorflow:global_step/sec: 0.986723
I0614 22:21:00.515722 139918092940096 basic_session_run_hooks.py:692] global_step/sec: 0.986723
INFO:tensorflow:global_step/sec: 1.00467
I0614 22:22:40.051118 139918092940096 basic_session_run_hooks.py:692] global_step/sec: 1.00467
INFO:tensorflow:global_step/sec: 0.997031
I0614 22:24:20.348870 139918092940096 basic_session_run_hooks.py:692] global_step/sec: 0.997031
INFO:tensorflow:global_step/sec: 0.989361
I0614 22:26:01.424259 139918092940096 basic_session_run_hooks.py:692] global_step/sec: 0.989361
INFO:tensorflow:Saving checkpoints for 183869 into Data/cylinder_flow/mgtn/checkpoint/model.ckpt.
I0614 22:27:08.964491 139918092940096 basic_session_run_hooks.py:606] Saving checkpoints for 183869 into Data/cylinder_flow/mgtn/checkpoint/model.ckpt.
INFO:tensorflow:global_step/sec: 0.995048
I0614 22:27:41.921968 139918092940096 basic_session_run_hooks.py:692] global_step/sec: 0.995048
INFO:tensorflow:global_step/sec: 1.00009
I0614 22:29:21.912845 139918092940096 basic_session_run_hooks.py:692] global_step/sec: 1.00009
I0614 22:29:21.913949 139918092940096 run_model.py:87] Step 184000: Loss 0.0455046
INFO:tensorflow:global_step/sec: 0.996012
I0614 22:31:02.313306 139918092940096 basic_session_run_hooks.py:692] global_step/sec: 0.996012
INFO:tensorflow:global_step/sec: 0.977834
I0614 22:32:44.580123 139918092940096 basic_session_run_hooks.py:692] global_step/sec: 0.977834
INFO:tensorflow:global_step/sec: 0.985681
I0614 22:34:26.032759 139918092940096 basic_session_run_hooks.py:692] global_step/sec: 0.985681
INFO:tensorflow:global_step/sec: 0.9919
I0614 22:36:06.849378 139918092940096 basic_session_run_hooks.py:692] global_step/sec: 0.9919
INFO:tensorflow:Saving checkpoints for 184463 into Data/cylinder_flow/mgtn/checkpoint/model.ckpt.
I0614 22:37:09.858603 139918092940096 basic_session_run_hooks.py:606] Saving checkpoints for 184463 into Data/cylinder_flow/mgtn/checkpoint/model.ckpt.
INFO:tensorflow:global_step/sec: 0.979889
I0614 22:37:48.901706 139918092940096 basic_session_run_hooks.py:692] global_step/sec: 0.979889
INFO:tensorflow:global_step/sec: 1.008
I0614 22:39:28.107728 139918092940096 basic_session_run_hooks.py:692] global_step/sec: 1.008
INFO:tensorflow:global_step/sec: 0.999457
I0614 22:41:08.162060 139918092940096 basic_session_run_hooks.py:692] global_step/sec: 0.999457
INFO:tensorflow:global_step/sec: 0.991876
I0614 22:42:48.981157 139918092940096 basic_session_run_hooks.py:692] global_step/sec: 0.991876
INFO:tensorflow:global_step/sec: 0.997586
I0614 22:44:29.223105 139918092940096 basic_session_run_hooks.py:692] global_step/sec: 0.997586
INFO:tensorflow:global_step/sec: 1.0043
I0614 22:46:08.795393 139918092940096 basic_session_run_hooks.py:692] global_step/sec: 1.0043
I0614 22:46:08.796547 139918092940096 run_model.py:87] Step 185000: Loss 0.0453944
INFO:tensorflow:Saving checkpoints for 185064 into Data/cylinder_flow/mgtn/checkpoint/model.ckpt.
I0614 22:47:10.599270 139918092940096 basic_session_run_hooks.py:606] Saving checkpoints for 185064 into Data/cylinder_flow/mgtn/checkpoint/model.ckpt.
INFO:tensorflow:global_step/sec: 0.992493
I0614 22:47:49.551838 139918092940096 basic_session_run_hooks.py:692] global_step/sec: 0.992493
INFO:tensorflow:global_step/sec: 0.989734
I0614 22:49:30.589077 139918092940096 basic_session_run_hooks.py:692] global_step/sec: 0.989734
INFO:tensorflow:global_step/sec: 0.997578
I0614 22:51:10.831871 139918092940096 basic_session_run_hooks.py:692] global_step/sec: 0.997578
INFO:tensorflow:global_step/sec: 0.997247
I0614 22:52:51.107973 139918092940096 basic_session_run_hooks.py:692] global_step/sec: 0.997247
INFO:tensorflow:global_step/sec: 1.00041
I0614 22:54:31.066692 139918092940096 basic_session_run_hooks.py:692] global_step/sec: 1.00041
INFO:tensorflow:global_step/sec: 1.00634
I0614 22:56:10.436644 139918092940096 basic_session_run_hooks.py:692] global_step/sec: 1.00634
INFO:tensorflow:Saving checkpoints for 185663 into Data/cylinder_flow/mgtn/checkpoint/model.ckpt.
I0614 22:57:11.412882 139918092940096 basic_session_run_hooks.py:606] Saving checkpoints for 185663 into Data/cylinder_flow/mgtn/checkpoint/model.ckpt.
INFO:tensorflow:global_step/sec: 0.99117
I0614 22:57:51.327489 139918092940096 basic_session_run_hooks.py:692] global_step/sec: 0.99117
INFO:tensorflow:global_step/sec: 1.00397
I0614 22:59:30.932518 139918092940096 basic_session_run_hooks.py:692] global_step/sec: 1.00397
INFO:tensorflow:global_step/sec: 1.0107
I0614 23:01:09.873772 139918092940096 basic_session_run_hooks.py:692] global_step/sec: 1.0107
INFO:tensorflow:global_step/sec: 0.989431
I0614 23:02:50.941980 139918092940096 basic_session_run_hooks.py:692] global_step/sec: 0.989431
I0614 23:02:50.943750 139918092940096 run_model.py:87] Step 186000: Loss 0.0633107
INFO:tensorflow:global_step/sec: 0.985094
I0614 23:04:32.455107 139918092940096 basic_session_run_hooks.py:692] global_step/sec: 0.985094
INFO:tensorflow:global_step/sec: 1.00006
I0614 23:06:12.448687 139918092940096 basic_session_run_hooks.py:692] global_step/sec: 1.00006
INFO:tensorflow:Saving checkpoints for 186260 into Data/cylinder_flow/mgtn/checkpoint/model.ckpt.
I0614 23:07:11.920498 139918092940096 basic_session_run_hooks.py:606] Saving checkpoints for 186260 into Data/cylinder_flow/mgtn/checkpoint/model.ckpt.
INFO:tensorflow:global_step/sec: 0.967955
I0614 23:07:55.759278 139918092940096 basic_session_run_hooks.py:692] global_step/sec: 0.967955
INFO:tensorflow:global_step/sec: 0.998541
I0614 23:09:35.905303 139918092940096 basic_session_run_hooks.py:692] global_step/sec: 0.998541
INFO:tensorflow:global_step/sec: 0.988202
I0614 23:11:17.099215 139918092940096 basic_session_run_hooks.py:692] global_step/sec: 0.988202
INFO:tensorflow:global_step/sec: 1.00447
I0614 23:12:56.654417 139918092940096 basic_session_run_hooks.py:692] global_step/sec: 1.00447
INFO:tensorflow:global_step/sec: 1.00069
I0614 23:14:36.585485 139918092940096 basic_session_run_hooks.py:692] global_step/sec: 1.00069
INFO:tensorflow:global_step/sec: 1.0161
I0614 23:16:15.000798 139918092940096 basic_session_run_hooks.py:692] global_step/sec: 1.0161
INFO:tensorflow:Saving checkpoints for 186858 into Data/cylinder_flow/mgtn/checkpoint/model.ckpt.
I0614 23:17:12.247732 139918092940096 basic_session_run_hooks.py:606] Saving checkpoints for 186858 into Data/cylinder_flow/mgtn/checkpoint/model.ckpt.
INFO:tensorflow:global_step/sec: 0.97841
I0614 23:17:57.207477 139918092940096 basic_session_run_hooks.py:692] global_step/sec: 0.97841
INFO:tensorflow:global_step/sec: 0.993734
I0614 23:19:37.838035 139918092940096 basic_session_run_hooks.py:692] global_step/sec: 0.993734
I0614 23:19:37.839260 139918092940096 run_model.py:87] Step 187000: Loss 0.0980016
INFO:tensorflow:global_step/sec: 0.991018
I0614 23:21:18.744304 139918092940096 basic_session_run_hooks.py:692] global_step/sec: 0.991018
INFO:tensorflow:global_step/sec: 0.988553
I0614 23:22:59.902246 139918092940096 basic_session_run_hooks.py:692] global_step/sec: 0.988553
INFO:tensorflow:global_step/sec: 1.00597
I0614 23:24:39.308798 139918092940096 basic_session_run_hooks.py:692] global_step/sec: 1.00597
INFO:tensorflow:global_step/sec: 1.00318
I0614 23:26:18.991951 139918092940096 basic_session_run_hooks.py:692] global_step/sec: 1.00318
INFO:tensorflow:Saving checkpoints for 187454 into Data/cylinder_flow/mgtn/checkpoint/model.ckpt.
I0614 23:27:12.312909 139918092940096 basic_session_run_hooks.py:606] Saving checkpoints for 187454 into Data/cylinder_flow/mgtn/checkpoint/model.ckpt.
INFO:tensorflow:global_step/sec: 0.984456
I0614 23:28:00.570917 139918092940096 basic_session_run_hooks.py:692] global_step/sec: 0.984456
INFO:tensorflow:global_step/sec: 0.998078
I0614 23:29:40.763460 139918092940096 basic_session_run_hooks.py:692] global_step/sec: 0.998078
INFO:tensorflow:global_step/sec: 0.985143
I0614 23:31:22.271533 139918092940096 basic_session_run_hooks.py:692] global_step/sec: 0.985143
INFO:tensorflow:global_step/sec: 0.99725
I0614 23:33:02.547254 139918092940096 basic_session_run_hooks.py:692] global_step/sec: 0.99725
INFO:tensorflow:global_step/sec: 1.02123
I0614 23:34:40.468764 139918092940096 basic_session_run_hooks.py:692] global_step/sec: 1.02123
INFO:tensorflow:global_step/sec: 0.991315
I0614 23:36:21.344893 139918092940096 basic_session_run_hooks.py:692] global_step/sec: 0.991315
I0614 23:36:21.346481 139918092940096 run_model.py:87] Step 188000: Loss 0.0570548
INFO:tensorflow:Saving checkpoints for 188053 into Data/cylinder_flow/mgtn/checkpoint/model.ckpt.
I0614 23:37:12.984723 139918092940096 basic_session_run_hooks.py:606] Saving checkpoints for 188053 into Data/cylinder_flow/mgtn/checkpoint/model.ckpt.
INFO:tensorflow:global_step/sec: 0.989245
I0614 23:38:02.432107 139918092940096 basic_session_run_hooks.py:692] global_step/sec: 0.989245
INFO:tensorflow:global_step/sec: 0.995878
I0614 23:39:42.846049 139918092940096 basic_session_run_hooks.py:692] global_step/sec: 0.995878
INFO:tensorflow:global_step/sec: 1.00079
I0614 23:41:22.766790 139918092940096 basic_session_run_hooks.py:692] global_step/sec: 1.00079
INFO:tensorflow:global_step/sec: 0.985318
I0614 23:43:04.256867 139918092940096 basic_session_run_hooks.py:692] global_step/sec: 0.985318
INFO:tensorflow:global_step/sec: 0.991771
I0614 23:44:45.086537 139918092940096 basic_session_run_hooks.py:692] global_step/sec: 0.991771
INFO:tensorflow:global_step/sec: 1.00037
I0614 23:46:25.049297 139918092940096 basic_session_run_hooks.py:692] global_step/sec: 1.00037
INFO:tensorflow:Saving checkpoints for 188648 into Data/cylinder_flow/mgtn/checkpoint/model.ckpt.
I0614 23:47:12.992279 139918092940096 basic_session_run_hooks.py:606] Saving checkpoints for 188648 into Data/cylinder_flow/mgtn/checkpoint/model.ckpt.
INFO:tensorflow:global_step/sec: 0.971889
I0614 23:48:07.941655 139918092940096 basic_session_run_hooks.py:692] global_step/sec: 0.971889
INFO:tensorflow:global_step/sec: 0.994013
I0614 23:49:48.544007 139918092940096 basic_session_run_hooks.py:692] global_step/sec: 0.994013
INFO:tensorflow:global_step/sec: 0.987779
I0614 23:51:29.781162 139918092940096 basic_session_run_hooks.py:692] global_step/sec: 0.987779
INFO:tensorflow:global_step/sec: 0.97283
I0614 23:53:12.574026 139918092940096 basic_session_run_hooks.py:692] global_step/sec: 0.97283
I0614 23:53:12.575109 139918092940096 run_model.py:87] Step 189000: Loss 0.0271166
INFO:tensorflow:global_step/sec: 0.992338
I0614 23:54:53.346150 139918092940096 basic_session_run_hooks.py:692] global_step/sec: 0.992338
INFO:tensorflow:global_step/sec: 0.993208
I0614 23:56:34.030072 139918092940096 basic_session_run_hooks.py:692] global_step/sec: 0.993208
INFO:tensorflow:Saving checkpoints for 189240 into Data/cylinder_flow/mgtn/checkpoint/model.ckpt.
I0614 23:57:13.615010 139918092940096 basic_session_run_hooks.py:606] Saving checkpoints for 189240 into Data/cylinder_flow/mgtn/checkpoint/model.ckpt.
INFO:tensorflow:global_step/sec: 0.978407
I0614 23:58:16.237059 139918092940096 basic_session_run_hooks.py:692] global_step/sec: 0.978407
INFO:tensorflow:global_step/sec: 0.996228
I0614 23:59:56.615636 139918092940096 basic_session_run_hooks.py:692] global_step/sec: 0.996228
INFO:tensorflow:global_step/sec: 1.01449
I0615 00:01:35.187410 139918092940096 basic_session_run_hooks.py:692] global_step/sec: 1.01449
INFO:tensorflow:global_step/sec: 1.02655
I0615 00:03:12.600836 139918092940096 basic_session_run_hooks.py:692] global_step/sec: 1.02655
INFO:tensorflow:global_step/sec: 1.00216
I0615 00:04:52.385663 139918092940096 basic_session_run_hooks.py:692] global_step/sec: 1.00216
INFO:tensorflow:global_step/sec: 1.02408
I0615 00:06:30.034410 139918092940096 basic_session_run_hooks.py:692] global_step/sec: 1.02408
INFO:tensorflow:Saving checkpoints for 189846 into Data/cylinder_flow/mgtn/checkpoint/model.ckpt.
I0615 00:07:14.303028 139918092940096 basic_session_run_hooks.py:606] Saving checkpoints for 189846 into Data/cylinder_flow/mgtn/checkpoint/model.ckpt.
INFO:tensorflow:global_step/sec: 0.991663
I0615 00:08:10.875116 139918092940096 basic_session_run_hooks.py:692] global_step/sec: 0.991663
INFO:tensorflow:global_step/sec: 1.01115
I0615 00:09:49.772410 139918092940096 basic_session_run_hooks.py:692] global_step/sec: 1.01115
I0615 00:09:49.773922 139918092940096 run_model.py:87] Step 190000: Loss 0.058292
INFO:tensorflow:global_step/sec: 1.01293
I0615 00:11:28.496121 139918092940096 basic_session_run_hooks.py:692] global_step/sec: 1.01293
INFO:tensorflow:global_step/sec: 1.00441
I0615 00:13:08.057331 139918092940096 basic_session_run_hooks.py:692] global_step/sec: 1.00441
INFO:tensorflow:global_step/sec: 0.995234
I0615 00:14:48.536164 139918092940096 basic_session_run_hooks.py:692] global_step/sec: 0.995234
INFO:tensorflow:global_step/sec: 1.00043
I0615 00:16:28.493113 139918092940096 basic_session_run_hooks.py:692] global_step/sec: 1.00043
INFO:tensorflow:Saving checkpoints for 190447 into Data/cylinder_flow/mgtn/checkpoint/model.ckpt.
I0615 00:17:14.338440 139918092940096 basic_session_run_hooks.py:606] Saving checkpoints for 190447 into Data/cylinder_flow/mgtn/checkpoint/model.ckpt.
INFO:tensorflow:global_step/sec: 0.98994
I0615 00:18:09.509373 139918092940096 basic_session_run_hooks.py:692] global_step/sec: 0.98994
INFO:tensorflow:global_step/sec: 1.00471
I0615 00:19:49.040727 139918092940096 basic_session_run_hooks.py:692] global_step/sec: 1.00471
INFO:tensorflow:global_step/sec: 0.995669
I0615 00:21:29.475681 139918092940096 basic_session_run_hooks.py:692] global_step/sec: 0.995669
INFO:tensorflow:global_step/sec: 0.990872
I0615 00:23:10.396952 139918092940096 basic_session_run_hooks.py:692] global_step/sec: 0.990872
INFO:tensorflow:global_step/sec: 1.00943
I0615 00:24:49.462502 139918092940096 basic_session_run_hooks.py:692] global_step/sec: 1.00943
INFO:tensorflow:global_step/sec: 0.992481
I0615 00:26:30.220084 139918092940096 basic_session_run_hooks.py:692] global_step/sec: 0.992481
I0615 00:26:30.221158 139918092940096 run_model.py:87] Step 191000: Loss 0.060362
INFO:tensorflow:Saving checkpoints for 191046 into Data/cylinder_flow/mgtn/checkpoint/model.ckpt.
I0615 00:27:14.969023 139918092940096 basic_session_run_hooks.py:606] Saving checkpoints for 191046 into Data/cylinder_flow/mgtn/checkpoint/model.ckpt.
INFO:tensorflow:global_step/sec: 0.984905
I0615 00:28:11.752770 139918092940096 basic_session_run_hooks.py:692] global_step/sec: 0.984905
INFO:tensorflow:global_step/sec: 0.991844
I0615 00:29:52.575056 139918092940096 basic_session_run_hooks.py:692] global_step/sec: 0.991844
INFO:tensorflow:global_step/sec: 0.995038
I0615 00:31:33.073746 139918092940096 basic_session_run_hooks.py:692] global_step/sec: 0.995038
INFO:tensorflow:global_step/sec: 0.992003
I0615 00:33:13.879963 139918092940096 basic_session_run_hooks.py:692] global_step/sec: 0.992003
INFO:tensorflow:global_step/sec: 0.991281
I0615 00:34:54.759451 139918092940096 basic_session_run_hooks.py:692] global_step/sec: 0.991281
INFO:tensorflow:global_step/sec: 0.986755
I0615 00:36:36.101725 139918092940096 basic_session_run_hooks.py:692] global_step/sec: 0.986755
INFO:tensorflow:Saving checkpoints for 191640 into Data/cylinder_flow/mgtn/checkpoint/model.ckpt.
I0615 00:37:15.523233 139918092940096 basic_session_run_hooks.py:606] Saving checkpoints for 191640 into Data/cylinder_flow/mgtn/checkpoint/model.ckpt.
INFO:tensorflow:global_step/sec: 0.977452
I0615 00:38:18.408575 139918092940096 basic_session_run_hooks.py:692] global_step/sec: 0.977452
INFO:tensorflow:global_step/sec: 0.990694
I0615 00:39:59.347989 139918092940096 basic_session_run_hooks.py:692] global_step/sec: 0.990694
INFO:tensorflow:global_step/sec: 1.01541
I0615 00:41:37.830523 139918092940096 basic_session_run_hooks.py:692] global_step/sec: 1.01541
INFO:tensorflow:global_step/sec: 0.98495
I0615 00:43:19.358533 139918092940096 basic_session_run_hooks.py:692] global_step/sec: 0.98495
I0615 00:43:19.359619 139918092940096 run_model.py:87] Step 192000: Loss 0.0757606
INFO:tensorflow:global_step/sec: 0.991127
I0615 00:45:00.253776 139918092940096 basic_session_run_hooks.py:692] global_step/sec: 0.991127
INFO:tensorflow:global_step/sec: 1.00032
I0615 00:46:40.222251 139918092940096 basic_session_run_hooks.py:692] global_step/sec: 1.00032
INFO:tensorflow:Saving checkpoints for 192236 into Data/cylinder_flow/mgtn/checkpoint/model.ckpt.
I0615 00:47:15.770104 139918092940096 basic_session_run_hooks.py:606] Saving checkpoints for 192236 into Data/cylinder_flow/mgtn/checkpoint/model.ckpt.
INFO:tensorflow:global_step/sec: 0.965454
I0615 00:48:23.800425 139918092940096 basic_session_run_hooks.py:692] global_step/sec: 0.965454
INFO:tensorflow:global_step/sec: 0.963826
I0615 00:50:07.553628 139918092940096 basic_session_run_hooks.py:692] global_step/sec: 0.963826
INFO:tensorflow:global_step/sec: 0.978499
I0615 00:51:49.750980 139918092940096 basic_session_run_hooks.py:692] global_step/sec: 0.978499
INFO:tensorflow:global_step/sec: 0.998164
I0615 00:53:29.934873 139918092940096 basic_session_run_hooks.py:692] global_step/sec: 0.998164
INFO:tensorflow:global_step/sec: 0.968951
I0615 00:55:13.139265 139918092940096 basic_session_run_hooks.py:692] global_step/sec: 0.968951
INFO:tensorflow:global_step/sec: 0.987669
I0615 00:56:54.387688 139918092940096 basic_session_run_hooks.py:692] global_step/sec: 0.987669
INFO:tensorflow:Saving checkpoints for 192823 into Data/cylinder_flow/mgtn/checkpoint/model.ckpt.
I0615 00:57:16.341687 139918092940096 basic_session_run_hooks.py:606] Saving checkpoints for 192823 into Data/cylinder_flow/mgtn/checkpoint/model.ckpt.
INFO:tensorflow:global_step/sec: 0.969528
I0615 00:58:37.530724 139918092940096 basic_session_run_hooks.py:692] global_step/sec: 0.969528
INFO:tensorflow:global_step/sec: 0.97704
I0615 01:00:19.880636 139918092940096 basic_session_run_hooks.py:692] global_step/sec: 0.97704
I0615 01:00:19.882201 139918092940096 run_model.py:87] Step 193000: Loss 0.040489
INFO:tensorflow:global_step/sec: 0.987578
I0615 01:02:01.138413 139918092940096 basic_session_run_hooks.py:692] global_step/sec: 0.987578
INFO:tensorflow:global_step/sec: 0.971175
I0615 01:03:44.106475 139918092940096 basic_session_run_hooks.py:692] global_step/sec: 0.971175
INFO:tensorflow:global_step/sec: 0.979197
I0615 01:05:26.231005 139918092940096 basic_session_run_hooks.py:692] global_step/sec: 0.979197
INFO:tensorflow:global_step/sec: 0.994206
I0615 01:07:06.813714 139918092940096 basic_session_run_hooks.py:692] global_step/sec: 0.994206
INFO:tensorflow:Saving checkpoints for 193410 into Data/cylinder_flow/mgtn/checkpoint/model.ckpt.
I0615 01:07:16.382307 139918092940096 basic_session_run_hooks.py:606] Saving checkpoints for 193410 into Data/cylinder_flow/mgtn/checkpoint/model.ckpt.
INFO:tensorflow:global_step/sec: 0.96356
I0615 01:08:50.595530 139918092940096 basic_session_run_hooks.py:692] global_step/sec: 0.96356
INFO:tensorflow:global_step/sec: 1.00917
I0615 01:10:29.686722 139918092940096 basic_session_run_hooks.py:692] global_step/sec: 1.00917
INFO:tensorflow:global_step/sec: 0.984578
I0615 01:12:11.253098 139918092940096 basic_session_run_hooks.py:692] global_step/sec: 0.984578
INFO:tensorflow:global_step/sec: 1.00659
I0615 01:13:50.598564 139918092940096 basic_session_run_hooks.py:692] global_step/sec: 1.00659
INFO:tensorflow:global_step/sec: 0.988938
I0615 01:15:31.717213 139918092940096 basic_session_run_hooks.py:692] global_step/sec: 0.988938
INFO:tensorflow:global_step/sec: 1.00373
I0615 01:17:11.345249 139918092940096 basic_session_run_hooks.py:692] global_step/sec: 1.00373
I0615 01:17:11.346653 139918092940096 run_model.py:87] Step 194000: Loss 0.0170063
INFO:tensorflow:Saving checkpoints for 194006 into Data/cylinder_flow/mgtn/checkpoint/model.ckpt.
I0615 01:17:16.421133 139918092940096 basic_session_run_hooks.py:606] Saving checkpoints for 194006 into Data/cylinder_flow/mgtn/checkpoint/model.ckpt.
INFO:tensorflow:global_step/sec: 0.985725
I0615 01:18:52.793465 139918092940096 basic_session_run_hooks.py:692] global_step/sec: 0.985725
INFO:tensorflow:global_step/sec: 0.981671
I0615 01:20:34.660559 139918092940096 basic_session_run_hooks.py:692] global_step/sec: 0.981671
INFO:tensorflow:global_step/sec: 0.989964
I0615 01:22:15.674318 139918092940096 basic_session_run_hooks.py:692] global_step/sec: 0.989964
INFO:tensorflow:global_step/sec: 0.991219
I0615 01:23:56.560213 139918092940096 basic_session_run_hooks.py:692] global_step/sec: 0.991219
INFO:tensorflow:global_step/sec: 0.991761
I0615 01:25:37.390904 139918092940096 basic_session_run_hooks.py:692] global_step/sec: 0.991761
INFO:tensorflow:Saving checkpoints for 194599 into Data/cylinder_flow/mgtn/checkpoint/model.ckpt.
I0615 01:27:16.602695 139918092940096 basic_session_run_hooks.py:606] Saving checkpoints for 194599 into Data/cylinder_flow/mgtn/checkpoint/model.ckpt.
INFO:tensorflow:global_step/sec: 0.973274
I0615 01:27:20.136919 139918092940096 basic_session_run_hooks.py:692] global_step/sec: 0.973274
INFO:tensorflow:global_step/sec: 0.999398
I0615 01:29:00.197141 139918092940096 basic_session_run_hooks.py:692] global_step/sec: 0.999398
INFO:tensorflow:global_step/sec: 0.975354
I0615 01:30:42.724031 139918092940096 basic_session_run_hooks.py:692] global_step/sec: 0.975354
INFO:tensorflow:global_step/sec: 0.993158
I0615 01:32:23.412940 139918092940096 basic_session_run_hooks.py:692] global_step/sec: 0.993158
INFO:tensorflow:global_step/sec: 0.98708
I0615 01:34:04.721864 139918092940096 basic_session_run_hooks.py:692] global_step/sec: 0.98708
I0615 01:34:04.722893 139918092940096 run_model.py:87] Step 195000: Loss 0.103937
INFO:tensorflow:global_step/sec: 0.987107
I0615 01:35:46.028043 139918092940096 basic_session_run_hooks.py:692] global_step/sec: 0.987107
INFO:tensorflow:Saving checkpoints for 195191 into Data/cylinder_flow/mgtn/checkpoint/model.ckpt.
I0615 01:37:16.612294 139918092940096 basic_session_run_hooks.py:606] Saving checkpoints for 195191 into Data/cylinder_flow/mgtn/checkpoint/model.ckpt.
INFO:tensorflow:global_step/sec: 0.977702
I0615 01:37:28.308645 139918092940096 basic_session_run_hooks.py:692] global_step/sec: 0.977702
INFO:tensorflow:global_step/sec: 0.998304
I0615 01:39:08.478467 139918092940096 basic_session_run_hooks.py:692] global_step/sec: 0.998304
INFO:tensorflow:global_step/sec: 0.997411
I0615 01:40:48.738053 139918092940096 basic_session_run_hooks.py:692] global_step/sec: 0.997411
INFO:tensorflow:global_step/sec: 0.987377
I0615 01:42:30.016468 139918092940096 basic_session_run_hooks.py:692] global_step/sec: 0.987377
INFO:tensorflow:global_step/sec: 0.997568
I0615 01:44:10.260261 139918092940096 basic_session_run_hooks.py:692] global_step/sec: 0.997568
INFO:tensorflow:global_step/sec: 0.988225
I0615 01:45:51.451804 139918092940096 basic_session_run_hooks.py:692] global_step/sec: 0.988225
INFO:tensorflow:Saving checkpoints for 195785 into Data/cylinder_flow/mgtn/checkpoint/model.ckpt.
I0615 01:47:17.308660 139918092940096 basic_session_run_hooks.py:606] Saving checkpoints for 195785 into Data/cylinder_flow/mgtn/checkpoint/model.ckpt.
INFO:tensorflow:global_step/sec: 0.964064
I0615 01:47:35.179418 139918092940096 basic_session_run_hooks.py:692] global_step/sec: 0.964064
INFO:tensorflow:global_step/sec: 0.990801
I0615 01:49:16.107813 139918092940096 basic_session_run_hooks.py:692] global_step/sec: 0.990801
INFO:tensorflow:global_step/sec: 0.98669
I0615 01:50:57.456840 139918092940096 basic_session_run_hooks.py:692] global_step/sec: 0.98669
I0615 01:50:57.458666 139918092940096 run_model.py:87] Step 196000: Loss 0.024848
INFO:tensorflow:global_step/sec: 0.993207
I0615 01:52:38.140726 139918092940096 basic_session_run_hooks.py:692] global_step/sec: 0.993207
INFO:tensorflow:global_step/sec: 0.986531
I0615 01:54:19.506043 139918092940096 basic_session_run_hooks.py:692] global_step/sec: 0.986531
INFO:tensorflow:global_step/sec: 0.995152
I0615 01:55:59.993185 139918092940096 basic_session_run_hooks.py:692] global_step/sec: 0.995152
INFO:tensorflow:Saving checkpoints for 196378 into Data/cylinder_flow/mgtn/checkpoint/model.ckpt.
I0615 01:57:17.489838 139918092940096 basic_session_run_hooks.py:606] Saving checkpoints for 196378 into Data/cylinder_flow/mgtn/checkpoint/model.ckpt.
INFO:tensorflow:global_step/sec: 0.97407
I0615 01:57:42.655198 139918092940096 basic_session_run_hooks.py:692] global_step/sec: 0.97407
INFO:tensorflow:global_step/sec: 0.973084
I0615 01:59:25.421200 139918092940096 basic_session_run_hooks.py:692] global_step/sec: 0.973084
INFO:tensorflow:global_step/sec: 0.978777
I0615 02:01:07.589549 139918092940096 basic_session_run_hooks.py:692] global_step/sec: 0.978777
INFO:tensorflow:global_step/sec: 0.985351
I0615 02:02:49.076238 139918092940096 basic_session_run_hooks.py:692] global_step/sec: 0.985351
INFO:tensorflow:global_step/sec: 0.990883
I0615 02:04:29.996385 139918092940096 basic_session_run_hooks.py:692] global_step/sec: 0.990883
INFO:tensorflow:global_step/sec: 0.98669
I0615 02:06:11.345302 139918092940096 basic_session_run_hooks.py:692] global_step/sec: 0.98669
INFO:tensorflow:Saving checkpoints for 196965 into Data/cylinder_flow/mgtn/checkpoint/model.ckpt.
I0615 02:07:17.526883 139918092940096 basic_session_run_hooks.py:606] Saving checkpoints for 196965 into Data/cylinder_flow/mgtn/checkpoint/model.ckpt.
INFO:tensorflow:global_step/sec: 0.959646
I0615 02:07:55.550389 139918092940096 basic_session_run_hooks.py:692] global_step/sec: 0.959646
I0615 02:07:55.551008 139918092940096 run_model.py:87] Step 197000: Loss 0.104134
INFO:tensorflow:global_step/sec: 0.974118
I0615 02:09:38.207331 139918092940096 basic_session_run_hooks.py:692] global_step/sec: 0.974118
INFO:tensorflow:global_step/sec: 0.99419
I0615 02:11:18.791786 139918092940096 basic_session_run_hooks.py:692] global_step/sec: 0.99419
INFO:tensorflow:global_step/sec: 0.973686
I0615 02:13:01.494254 139918092940096 basic_session_run_hooks.py:692] global_step/sec: 0.973686
INFO:tensorflow:global_step/sec: 0.978488
I0615 02:14:43.692749 139918092940096 basic_session_run_hooks.py:692] global_step/sec: 0.978488
INFO:tensorflow:global_step/sec: 0.986588
I0615 02:16:25.052250 139918092940096 basic_session_run_hooks.py:692] global_step/sec: 0.986588
INFO:tensorflow:Saving checkpoints for 197554 into Data/cylinder_flow/mgtn/checkpoint/model.ckpt.
I0615 02:17:17.597104 139918092940096 basic_session_run_hooks.py:606] Saving checkpoints for 197554 into Data/cylinder_flow/mgtn/checkpoint/model.ckpt.
INFO:tensorflow:global_step/sec: 0.987579
I0615 02:18:06.310012 139918092940096 basic_session_run_hooks.py:692] global_step/sec: 0.987579
INFO:tensorflow:global_step/sec: 0.972385
I0615 02:19:49.149866 139918092940096 basic_session_run_hooks.py:692] global_step/sec: 0.972385
INFO:tensorflow:global_step/sec: 0.969261
I0615 02:21:32.321287 139918092940096 basic_session_run_hooks.py:692] global_step/sec: 0.969261
INFO:tensorflow:global_step/sec: 0.997944
I0615 02:23:12.527344 139918092940096 basic_session_run_hooks.py:692] global_step/sec: 0.997944
INFO:tensorflow:global_step/sec: 0.970568
I0615 02:24:55.559796 139918092940096 basic_session_run_hooks.py:692] global_step/sec: 0.970568
I0615 02:24:55.560577 139918092940096 run_model.py:87] Step 198000: Loss 0.0623456
INFO:tensorflow:global_step/sec: 0.978696
I0615 02:26:37.736518 139918092940096 basic_session_run_hooks.py:692] global_step/sec: 0.978696
INFO:tensorflow:Saving checkpoints for 198140 into Data/cylinder_flow/mgtn/checkpoint/model.ckpt.
I0615 02:27:18.002353 139918092940096 basic_session_run_hooks.py:606] Saving checkpoints for 198140 into Data/cylinder_flow/mgtn/checkpoint/model.ckpt.
INFO:tensorflow:global_step/sec: 0.958495
I0615 02:28:22.066774 139918092940096 basic_session_run_hooks.py:692] global_step/sec: 0.958495
INFO:tensorflow:global_step/sec: 0.972461
I0615 02:30:04.898648 139918092940096 basic_session_run_hooks.py:692] global_step/sec: 0.972461
INFO:tensorflow:global_step/sec: 0.973894
I0615 02:31:47.579267 139918092940096 basic_session_run_hooks.py:692] global_step/sec: 0.973894
INFO:tensorflow:global_step/sec: 0.984371
I0615 02:33:29.166946 139918092940096 basic_session_run_hooks.py:692] global_step/sec: 0.984371
INFO:tensorflow:global_step/sec: 0.978361
I0615 02:35:11.378754 139918092940096 basic_session_run_hooks.py:692] global_step/sec: 0.978361
INFO:tensorflow:global_step/sec: 0.98332
I0615 02:36:53.075079 139918092940096 basic_session_run_hooks.py:692] global_step/sec: 0.98332
INFO:tensorflow:Saving checkpoints for 198726 into Data/cylinder_flow/mgtn/checkpoint/model.ckpt.
I0615 02:37:18.594812 139918092940096 basic_session_run_hooks.py:606] Saving checkpoints for 198726 into Data/cylinder_flow/mgtn/checkpoint/model.ckpt.
INFO:tensorflow:global_step/sec: 0.969819
I0615 02:38:36.187124 139918092940096 basic_session_run_hooks.py:692] global_step/sec: 0.969819
INFO:tensorflow:global_step/sec: 0.986749
I0615 02:40:17.530005 139918092940096 basic_session_run_hooks.py:692] global_step/sec: 0.986749
INFO:tensorflow:global_step/sec: 0.988534
I0615 02:41:58.689961 139918092940096 basic_session_run_hooks.py:692] global_step/sec: 0.988534
I0615 02:41:58.690762 139918092940096 run_model.py:87] Step 199000: Loss 0.0610872
INFO:tensorflow:global_step/sec: 0.993251
I0615 02:43:39.369428 139918092940096 basic_session_run_hooks.py:692] global_step/sec: 0.993251
INFO:tensorflow:global_step/sec: 0.980329
I0615 02:45:21.375989 139918092940096 basic_session_run_hooks.py:692] global_step/sec: 0.980329
INFO:tensorflow:global_step/sec: 0.981313
I0615 02:47:03.280303 139918092940096 basic_session_run_hooks.py:692] global_step/sec: 0.981313
INFO:tensorflow:Saving checkpoints for 199317 into Data/cylinder_flow/mgtn/checkpoint/model.ckpt.
I0615 02:47:19.197331 139918092940096 basic_session_run_hooks.py:606] Saving checkpoints for 199317 into Data/cylinder_flow/mgtn/checkpoint/model.ckpt.
INFO:tensorflow:global_step/sec: 0.984851
I0615 02:48:44.818583 139918092940096 basic_session_run_hooks.py:692] global_step/sec: 0.984851
INFO:tensorflow:global_step/sec: 0.985465
I0615 02:50:26.293548 139918092940096 basic_session_run_hooks.py:692] global_step/sec: 0.985465
INFO:tensorflow:global_step/sec: 0.983261
I0615 02:52:07.996011 139918092940096 basic_session_run_hooks.py:692] global_step/sec: 0.983261
INFO:tensorflow:global_step/sec: 0.99347
I0615 02:53:48.653245 139918092940096 basic_session_run_hooks.py:692] global_step/sec: 0.99347
INFO:tensorflow:global_step/sec: 0.975263
I0615 02:55:31.189777 139918092940096 basic_session_run_hooks.py:692] global_step/sec: 0.975263
INFO:tensorflow:global_step/sec: 0.998711
I0615 02:57:11.318868 139918092940096 basic_session_run_hooks.py:692] global_step/sec: 0.998711
INFO:tensorflow:Saving checkpoints for 199909 into Data/cylinder_flow/mgtn/checkpoint/model.ckpt.
I0615 02:57:19.333290 139918092940096 basic_session_run_hooks.py:606] Saving checkpoints for 199909 into Data/cylinder_flow/mgtn/checkpoint/model.ckpt.
I0615 02:58:52.696301 139918092940096 run_model.py:88] Training complete.
INFO:tensorflow:Saving checkpoints for 200000 into Data/cylinder_flow/mgtn/checkpoint/model.ckpt.
I0615 02:58:52.697750 139918092940096 basic_session_run_hooks.py:606] Saving checkpoints for 200000 into Data/cylinder_flow/mgtn/checkpoint/model.ckpt.
WARNING:tensorflow:From /home/cril/arafat/miniconda3/envs/mgn/lib/python3.6/site-packages/tensorflow_core/python/ops/resource_variable_ops.py:1630: calling BaseResourceVariable.__init__ (from tensorflow.python.ops.resource_variable_ops) with constraint is deprecated and will be removed in a future version.
Instructions for updating:
If using Keras pass *_constraint arguments to layers.
W0615 02:59:00.211107 139861252866880 deprecation.py:506] From /home/cril/arafat/miniconda3/envs/mgn/lib/python3.6/site-packages/tensorflow_core/python/ops/resource_variable_ops.py:1630: calling BaseResourceVariable.__init__ (from tensorflow.python.ops.resource_variable_ops) with constraint is deprecated and will be removed in a future version.
Instructions for updating:
If using Keras pass *_constraint arguments to layers.
WARNING:tensorflow:From /home/cril/arafat/miniconda3/envs/mgn/lib/python3.6/site-packages/sonnet/python/modules/basic.py:127: calling TruncatedNormal.__init__ (from tensorflow.python.ops.init_ops) with dtype is deprecated and will be removed in a future version.
Instructions for updating:
Call initializer instance with the dtype argument instead of passing it to the constructor
W0615 02:59:00.741609 139861252866880 deprecation.py:506] From /home/cril/arafat/miniconda3/envs/mgn/lib/python3.6/site-packages/sonnet/python/modules/basic.py:127: calling TruncatedNormal.__init__ (from tensorflow.python.ops.init_ops) with dtype is deprecated and will be removed in a future version.
Instructions for updating:
Call initializer instance with the dtype argument instead of passing it to the constructor
WARNING:tensorflow:From /home/cril/arafat/miniconda3/envs/mgn/lib/python3.6/site-packages/sonnet/python/modules/basic.py:132: calling Zeros.__init__ (from tensorflow.python.ops.init_ops) with dtype is deprecated and will be removed in a future version.
Instructions for updating:
Call initializer instance with the dtype argument instead of passing it to the constructor
W0615 02:59:00.741844 139861252866880 deprecation.py:506] From /home/cril/arafat/miniconda3/envs/mgn/lib/python3.6/site-packages/sonnet/python/modules/basic.py:132: calling Zeros.__init__ (from tensorflow.python.ops.init_ops) with dtype is deprecated and will be removed in a future version.
Instructions for updating:
Call initializer instance with the dtype argument instead of passing it to the constructor
WARNING:tensorflow:From /home/cril/arafat/MGN-C/mgtn/TransformerBlock.py:68: dropout (from tensorflow.python.layers.core) is deprecated and will be removed in a future version.
Instructions for updating:
Use keras.layers.dropout instead.
W0615 02:59:00.969151 139861252866880 deprecation.py:323] From /home/cril/arafat/MGN-C/mgtn/TransformerBlock.py:68: dropout (from tensorflow.python.layers.core) is deprecated and will be removed in a future version.
Instructions for updating:
Use keras.layers.dropout instead.
WARNING:tensorflow:From /home/cril/arafat/miniconda3/envs/mgn/lib/python3.6/site-packages/tensorflow_core/python/layers/core.py:271: Layer.apply (from tensorflow.python.keras.engine.base_layer) is deprecated and will be removed in a future version.
Instructions for updating:
Please use `layer.__call__` method instead.
W0615 02:59:00.969532 139861252866880 deprecation.py:323] From /home/cril/arafat/miniconda3/envs/mgn/lib/python3.6/site-packages/tensorflow_core/python/layers/core.py:271: Layer.apply (from tensorflow.python.keras.engine.base_layer) is deprecated and will be removed in a future version.
Instructions for updating:
Please use `layer.__call__` method instead.
WARNING:tensorflow:From /home/cril/arafat/MGN-C/mgtn/cfd_eval.py:33: where (from tensorflow.python.ops.array_ops) is deprecated and will be removed in a future version.
Instructions for updating:
Use tf.where in 2.0, which has the same broadcast rule as np.where
W0615 02:59:04.578027 139861252866880 deprecation.py:323] From /home/cril/arafat/MGN-C/mgtn/cfd_eval.py:33: where (from tensorflow.python.ops.array_ops) is deprecated and will be removed in a future version.
Instructions for updating:
Use tf.where in 2.0, which has the same broadcast rule as np.where
WARNING:tensorflow:From /home/cril/arafat/miniconda3/envs/mgn/lib/python3.6/site-packages/tensorflow_core/python/training/training_util.py:236: Variable.initialized_value (from tensorflow.python.ops.variables) is deprecated and will be removed in a future version.
Instructions for updating:
Use Variable.read_value. Variables in 2.X are initialized automatically both in eager and graph (inside tf.defun) contexts.
W0615 02:59:05.172947 139861252866880 deprecation.py:323] From /home/cril/arafat/miniconda3/envs/mgn/lib/python3.6/site-packages/tensorflow_core/python/training/training_util.py:236: Variable.initialized_value (from tensorflow.python.ops.variables) is deprecated and will be removed in a future version.
Instructions for updating:
Use Variable.read_value. Variables in 2.X are initialized automatically both in eager and graph (inside tf.defun) contexts.
INFO:tensorflow:Graph was finalized.
I0615 02:59:05.924628 139861252866880 monitored_session.py:240] Graph was finalized.
2026-06-15 02:59:05.927024: I tensorflow/stream_executor/platform/default/dso_loader.cc:44] Successfully opened dynamic library libcuda.so.1
2026-06-15 02:59:06.100286: I tensorflow/core/common_runtime/gpu/gpu_device.cc:1639] Found device 0 with properties: 
name: Quadro RTX 8000 major: 7 minor: 5 memoryClockRate(GHz): 1.62
pciBusID: 0000:b1:00.0
2026-06-15 02:59:06.101111: W tensorflow/stream_executor/platform/default/dso_loader.cc:55] Could not load dynamic library 'libcudart.so.10.0'; dlerror: libcudart.so.10.0: cannot open shared object file: No such file or directory
2026-06-15 02:59:06.101510: W tensorflow/stream_executor/platform/default/dso_loader.cc:55] Could not load dynamic library 'libcublas.so.10.0'; dlerror: libcublas.so.10.0: cannot open shared object file: No such file or directory
2026-06-15 02:59:06.102027: W tensorflow/stream_executor/platform/default/dso_loader.cc:55] Could not load dynamic library 'libcufft.so.10.0'; dlerror: libcufft.so.10.0: cannot open shared object file: No such file or directory
2026-06-15 02:59:06.102509: W tensorflow/stream_executor/platform/default/dso_loader.cc:55] Could not load dynamic library 'libcurand.so.10.0'; dlerror: libcurand.so.10.0: cannot open shared object file: No such file or directory
2026-06-15 02:59:06.102992: W tensorflow/stream_executor/platform/default/dso_loader.cc:55] Could not load dynamic library 'libcusolver.so.10.0'; dlerror: libcusolver.so.10.0: cannot open shared object file: No such file or directory
2026-06-15 02:59:06.103419: W tensorflow/stream_executor/platform/default/dso_loader.cc:55] Could not load dynamic library 'libcusparse.so.10.0'; dlerror: libcusparse.so.10.0: cannot open shared object file: No such file or directory
2026-06-15 02:59:06.103917: W tensorflow/stream_executor/platform/default/dso_loader.cc:55] Could not load dynamic library 'libcudnn.so.7'; dlerror: libcudnn.so.7: cannot open shared object file: No such file or directory
2026-06-15 02:59:06.103946: W tensorflow/core/common_runtime/gpu/gpu_device.cc:1662] Cannot dlopen some GPU libraries. Please make sure the missing libraries mentioned above are installed properly if you would like to use GPU. Follow the guide at https://www.tensorflow.org/install/gpu for how to download and setup the required libraries for your platform.
Skipping registering GPU devices...
2026-06-15 02:59:06.104244: I tensorflow/core/platform/cpu_feature_guard.cc:142] Your CPU supports instructions that this TensorFlow binary was not compiled to use: AVX2 AVX512F FMA
2026-06-15 02:59:06.110344: I tensorflow/core/platform/profile_utils/cpu_utils.cc:94] CPU Frequency: 2900000000 Hz
2026-06-15 02:59:06.111055: I tensorflow/compiler/xla/service/service.cc:168] XLA service 0x564c7327b550 initialized for platform Host (this does not guarantee that XLA will be used). Devices:
2026-06-15 02:59:06.111074: I tensorflow/compiler/xla/service/service.cc:176]   StreamExecutor device (0): Host, Default Version
2026-06-15 02:59:06.251983: I tensorflow/compiler/xla/service/service.cc:168] XLA service 0x564c71429150 initialized for platform CUDA (this does not guarantee that XLA will be used). Devices:
2026-06-15 02:59:06.252040: I tensorflow/compiler/xla/service/service.cc:176]   StreamExecutor device (0): Quadro RTX 8000, Compute Capability 7.5
2026-06-15 02:59:06.252215: I tensorflow/core/common_runtime/gpu/gpu_device.cc:1180] Device interconnect StreamExecutor with strength 1 edge matrix:
2026-06-15 02:59:06.252233: I tensorflow/core/common_runtime/gpu/gpu_device.cc:1186]      
INFO:tensorflow:Restoring parameters from Data/cylinder_flow/mgtn/checkpoint/model.ckpt-200000
I0615 02:59:06.257966 139861252866880 saver.py:1284] Restoring parameters from Data/cylinder_flow/mgtn/checkpoint/model.ckpt-200000
WARNING:tensorflow:From /home/cril/arafat/miniconda3/envs/mgn/lib/python3.6/site-packages/tensorflow_core/python/training/saver.py:1069: get_checkpoint_mtimes (from tensorflow.python.training.checkpoint_management) is deprecated and will be removed in a future version.
Instructions for updating:
Use standard file utilities to get mtimes.
W0615 02:59:07.026904 139861252866880 deprecation.py:323] From /home/cril/arafat/miniconda3/envs/mgn/lib/python3.6/site-packages/tensorflow_core/python/training/saver.py:1069: get_checkpoint_mtimes (from tensorflow.python.training.checkpoint_management) is deprecated and will be removed in a future version.
Instructions for updating:
Use standard file utilities to get mtimes.
INFO:tensorflow:Running local_init_op.
I0615 02:59:07.442611 139861252866880 session_manager.py:500] Running local_init_op.
INFO:tensorflow:Done running local_init_op.
I0615 02:59:07.543596 139861252866880 session_manager.py:502] Done running local_init_op.
I0615 02:59:07.919445 139861252866880 run_model.py:106] Rollout trajectory 0
I0615 03:02:46.990202 139861252866880 run_model.py:106] Rollout trajectory 1
WARNING:tensorflow:It seems that global step (tf.train.get_global_step) has not been increased. Current value (could be stable): 200000 vs previous value: 200000. You could increase the global step by passing tf.train.get_global_step() to Optimizer.apply_gradients or Optimizer.minimize.
W0615 03:06:22.244166 139861252866880 basic_session_run_hooks.py:724] It seems that global step (tf.train.get_global_step) has not been increased. Current value (could be stable): 200000 vs previous value: 200000. You could increase the global step by passing tf.train.get_global_step() to Optimizer.apply_gradients or Optimizer.minimize.
I0615 03:06:22.244611 139861252866880 run_model.py:106] Rollout trajectory 2
WARNING:tensorflow:It seems that global step (tf.train.get_global_step) has not been increased. Current value (could be stable): 200000 vs previous value: 200000. You could increase the global step by passing tf.train.get_global_step() to Optimizer.apply_gradients or Optimizer.minimize.
W0615 03:10:11.612036 139861252866880 basic_session_run_hooks.py:724] It seems that global step (tf.train.get_global_step) has not been increased. Current value (could be stable): 200000 vs previous value: 200000. You could increase the global step by passing tf.train.get_global_step() to Optimizer.apply_gradients or Optimizer.minimize.
I0615 03:10:11.618333 139861252866880 run_model.py:106] Rollout trajectory 3
WARNING:tensorflow:It seems that global step (tf.train.get_global_step) has not been increased. Current value (could be stable): 200000 vs previous value: 200000. You could increase the global step by passing tf.train.get_global_step() to Optimizer.apply_gradients or Optimizer.minimize.
W0615 03:14:09.634503 139861252866880 basic_session_run_hooks.py:724] It seems that global step (tf.train.get_global_step) has not been increased. Current value (could be stable): 200000 vs previous value: 200000. You could increase the global step by passing tf.train.get_global_step() to Optimizer.apply_gradients or Optimizer.minimize.
I0615 03:14:09.635221 139861252866880 run_model.py:106] Rollout trajectory 4
WARNING:tensorflow:It seems that global step (tf.train.get_global_step) has not been increased. Current value (could be stable): 200000 vs previous value: 200000. You could increase the global step by passing tf.train.get_global_step() to Optimizer.apply_gradients or Optimizer.minimize.
W0615 03:17:54.350006 139861252866880 basic_session_run_hooks.py:724] It seems that global step (tf.train.get_global_step) has not been increased. Current value (could be stable): 200000 vs previous value: 200000. You could increase the global step by passing tf.train.get_global_step() to Optimizer.apply_gradients or Optimizer.minimize.
I0615 03:17:54.350582 139861252866880 run_model.py:106] Rollout trajectory 5
WARNING:tensorflow:It seems that global step (tf.train.get_global_step) has not been increased. Current value (could be stable): 200000 vs previous value: 200000. You could increase the global step by passing tf.train.get_global_step() to Optimizer.apply_gradients or Optimizer.minimize.
W0615 03:21:05.840532 139861252866880 basic_session_run_hooks.py:724] It seems that global step (tf.train.get_global_step) has not been increased. Current value (could be stable): 200000 vs previous value: 200000. You could increase the global step by passing tf.train.get_global_step() to Optimizer.apply_gradients or Optimizer.minimize.
I0615 03:21:05.846126 139861252866880 run_model.py:106] Rollout trajectory 6
I0615 03:24:30.643718 139861252866880 run_model.py:106] Rollout trajectory 7
I0615 03:27:52.567284 139861252866880 run_model.py:106] Rollout trajectory 8
I0615 03:31:05.525703 139861252866880 run_model.py:106] Rollout trajectory 9
I0615 03:34:49.860497 139861252866880 run_model.py:106] Rollout trajectory 10
I0615 03:38:32.112290 139861252866880 run_model.py:106] Rollout trajectory 11
I0615 03:42:31.930920 139861252866880 run_model.py:106] Rollout trajectory 12
I0615 03:46:03.079592 139861252866880 run_model.py:106] Rollout trajectory 13
I0615 03:49:44.711728 139861252866880 run_model.py:106] Rollout trajectory 14
I0615 03:53:09.358789 139861252866880 run_model.py:106] Rollout trajectory 15
I0615 03:56:29.180001 139861252866880 run_model.py:106] Rollout trajectory 16
I0615 03:59:57.845183 139861252866880 run_model.py:106] Rollout trajectory 17
I0615 04:03:18.443826 139861252866880 run_model.py:106] Rollout trajectory 18
I0615 04:07:10.481750 139861252866880 run_model.py:106] Rollout trajectory 19
I0615 04:10:30.614753 139861252866880 run_model.py:106] Rollout trajectory 20
I0615 04:14:06.217054 139861252866880 run_model.py:106] Rollout trajectory 21
I0615 04:18:13.844960 139861252866880 run_model.py:106] Rollout trajectory 22
I0615 04:22:00.946529 139861252866880 run_model.py:106] Rollout trajectory 23
I0615 04:25:20.626358 139861252866880 run_model.py:106] Rollout trajectory 24
I0615 04:29:13.178269 139861252866880 run_model.py:106] Rollout trajectory 25
I0615 04:32:53.595251 139861252866880 run_model.py:106] Rollout trajectory 26
I0615 04:36:31.689002 139861252866880 run_model.py:106] Rollout trajectory 27
I0615 04:40:11.811497 139861252866880 run_model.py:106] Rollout trajectory 28
I0615 04:43:39.229274 139861252866880 run_model.py:106] Rollout trajectory 29
I0615 04:47:13.746259 139861252866880 run_model.py:106] Rollout trajectory 30
I0615 04:50:38.214592 139861252866880 run_model.py:106] Rollout trajectory 31
I0615 04:54:08.179457 139861252866880 run_model.py:106] Rollout trajectory 32
I0615 04:58:07.967358 139861252866880 run_model.py:106] Rollout trajectory 33
I0615 05:01:52.961194 139861252866880 run_model.py:106] Rollout trajectory 34
I0615 05:05:37.060654 139861252866880 run_model.py:106] Rollout trajectory 35
I0615 05:09:03.421774 139861252866880 run_model.py:106] Rollout trajectory 36
I0615 05:12:48.870735 139861252866880 run_model.py:106] Rollout trajectory 37
I0615 05:16:50.751961 139861252866880 run_model.py:106] Rollout trajectory 38
I0615 05:20:40.853624 139861252866880 run_model.py:106] Rollout trajectory 39
I0615 05:24:37.423790 139861252866880 run_model.py:106] Rollout trajectory 40
I0615 05:28:20.415161 139861252866880 run_model.py:106] Rollout trajectory 41
I0615 05:31:52.353329 139861252866880 run_model.py:106] Rollout trajectory 42
I0615 05:35:40.294584 139861252866880 run_model.py:106] Rollout trajectory 43
I0615 05:39:31.943873 139861252866880 run_model.py:106] Rollout trajectory 44
I0615 05:43:12.282796 139861252866880 run_model.py:106] Rollout trajectory 45
I0615 05:47:06.731418 139861252866880 run_model.py:106] Rollout trajectory 46
I0615 05:51:12.029342 139861252866880 run_model.py:106] Rollout trajectory 47
I0615 05:54:58.797148 139861252866880 run_model.py:106] Rollout trajectory 48
I0615 05:58:31.810314 139861252866880 run_model.py:106] Rollout trajectory 49
I0615 06:02:36.006272 139861252866880 run_model.py:106] Rollout trajectory 50
I0615 06:06:02.885997 139861252866880 run_model.py:106] Rollout trajectory 51
I0615 06:10:03.156492 139861252866880 run_model.py:106] Rollout trajectory 52
I0615 06:14:02.646582 139861252866880 run_model.py:106] Rollout trajectory 53
I0615 06:17:57.072068 139861252866880 run_model.py:106] Rollout trajectory 54
I0615 06:21:54.429874 139861252866880 run_model.py:106] Rollout trajectory 55
I0615 06:25:19.113482 139861252866880 run_model.py:106] Rollout trajectory 56
I0615 06:29:01.943768 139861252866880 run_model.py:106] Rollout trajectory 57
I0615 06:32:31.146604 139861252866880 run_model.py:106] Rollout trajectory 58
I0615 06:36:51.270999 139861252866880 run_model.py:106] Rollout trajectory 59
I0615 06:40:48.458990 139861252866880 run_model.py:106] Rollout trajectory 60
I0615 06:45:15.527420 139861252866880 run_model.py:106] Rollout trajectory 61
I0615 06:49:38.582988 139861252866880 run_model.py:106] Rollout trajectory 62
I0615 06:53:09.086316 139861252866880 run_model.py:106] Rollout trajectory 63
I0615 06:57:25.060681 139861252866880 run_model.py:106] Rollout trajectory 64
I0615 07:00:59.014219 139861252866880 run_model.py:106] Rollout trajectory 65
I0615 07:05:01.781628 139861252866880 run_model.py:106] Rollout trajectory 66
I0615 07:09:35.600023 139861252866880 run_model.py:106] Rollout trajectory 67
I0615 07:13:29.597213 139861252866880 run_model.py:106] Rollout trajectory 68
I0615 07:17:30.371794 139861252866880 run_model.py:106] Rollout trajectory 69
I0615 07:21:01.159758 139861252866880 run_model.py:106] Rollout trajectory 70
I0615 07:25:04.589548 139861252866880 run_model.py:106] Rollout trajectory 71
I0615 07:29:18.625503 139861252866880 run_model.py:106] Rollout trajectory 72
I0615 07:33:35.608736 139861252866880 run_model.py:106] Rollout trajectory 73
I0615 07:37:47.068794 139861252866880 run_model.py:106] Rollout trajectory 74
I0615 07:41:36.065139 139861252866880 run_model.py:106] Rollout trajectory 75
I0615 07:45:38.558941 139861252866880 run_model.py:106] Rollout trajectory 76
I0615 07:49:54.706975 139861252866880 run_model.py:106] Rollout trajectory 77
I0615 07:54:10.729936 139861252866880 run_model.py:106] Rollout trajectory 78
I0615 07:58:10.383142 139861252866880 run_model.py:106] Rollout trajectory 79
I0615 08:01:45.903378 139861252866880 run_model.py:106] Rollout trajectory 80
I0615 08:06:11.286475 139861252866880 run_model.py:106] Rollout trajectory 81
I0615 08:09:46.418227 139861252866880 run_model.py:106] Rollout trajectory 82
I0615 08:13:50.031070 139861252866880 run_model.py:106] Rollout trajectory 83
I0615 08:17:26.756920 139861252866880 run_model.py:106] Rollout trajectory 84
I0615 08:21:28.624073 139861252866880 run_model.py:106] Rollout trajectory 85
I0615 08:25:28.220180 139861252866880 run_model.py:106] Rollout trajectory 86
I0615 08:29:42.287328 139861252866880 run_model.py:106] Rollout trajectory 87
I0615 08:33:20.357812 139861252866880 run_model.py:106] Rollout trajectory 88
I0615 08:37:05.039146 139861252866880 run_model.py:106] Rollout trajectory 89
I0615 08:40:46.050749 139861252866880 run_model.py:106] Rollout trajectory 90
I0615 08:44:46.553605 139861252866880 run_model.py:106] Rollout trajectory 91
I0615 08:48:53.507695 139861252866880 run_model.py:106] Rollout trajectory 92
I0615 08:52:37.116636 139861252866880 run_model.py:106] Rollout trajectory 93
I0615 08:56:35.774321 139861252866880 run_model.py:106] Rollout trajectory 94
I0615 09:00:29.677546 139861252866880 run_model.py:106] Rollout trajectory 95
I0615 09:04:28.213172 139861252866880 run_model.py:106] Rollout trajectory 96
I0615 09:08:20.441799 139861252866880 run_model.py:106] Rollout trajectory 97
I0615 09:12:10.171745 139861252866880 run_model.py:106] Rollout trajectory 98
I0615 09:16:00.039922 139861252866880 run_model.py:106] Rollout trajectory 99
I0615 09:19:58.636799 139861252866880 run_model.py:111] mse_1_steps: 4.1917e-05
I0615 09:19:58.637279 139861252866880 run_model.py:111] mse_10_steps: 0.00017112
I0615 09:19:58.637381 139861252866880 run_model.py:111] mse_20_steps: 0.000295342
I0615 09:19:58.637457 139861252866880 run_model.py:111] mse_50_steps: 0.000771903
I0615 09:19:58.637527 139861252866880 run_model.py:111] mse_100_steps: 0.00176065
I0615 09:19:58.637595 139861252866880 run_model.py:111] mse_200_steps: 0.00418269
