++ hostname
+ echo 'Job started on nodeGcal1'
++ date
+ echo 'Start time: mar. 16 juin 2026 17:15:06 CEST'
+ source /home/cril/arafat/miniconda3/etc/profile.d/conda.sh
++ export CONDA_EXE=/home/cril/arafat/miniconda3/bin/conda
++ CONDA_EXE=/home/cril/arafat/miniconda3/bin/conda
++ export _CONDA_EXE=/home/cril/arafat/miniconda3/bin/conda
++ _CONDA_EXE=/home/cril/arafat/miniconda3/bin/conda
++ export _CE_M=
++ _CE_M=
++ export _CE_CONDA=
++ _CE_CONDA=
++ export CONDA_PYTHON_EXE=/home/cril/arafat/miniconda3/bin/python
++ CONDA_PYTHON_EXE=/home/cril/arafat/miniconda3/bin/python
++ export _CONDA_ROOT=/home/cril/arafat/miniconda3
++ _CONDA_ROOT=/home/cril/arafat/miniconda3
++ '[' -z x ']'
+ conda activate mgn
+ local cmd=activate
+ case "$cmd" in
+ __conda_activate activate mgn
+ '[' -n '' ']'
+ local ask_conda
++ PS1=
++ __conda_exe shell.posix activate mgn
++ '[' -n '' ']'
++ /home/cril/arafat/miniconda3/bin/conda shell.posix activate mgn
+ ask_conda='export _CE_M='\'''\''
export _CE_CONDA='\'''\''
PS1='\''(mgn) '\''
export PATH='\''/home/cril/arafat/miniconda3/envs/mgn/bin:/home/cril/arafat/miniconda3/condabin:/usr/share/Modules/bin:/usr/local/bin:/usr/bin:/usr/local/sbin:/usr/sbin:/home/cril/arafat/bin'\''
export CONDA_SHLVL='\''1'\''
export CONDA_PROMPT_MODIFIER='\''(mgn) '\''
export CONDA_EXE='\''/home/cril/arafat/miniconda3/bin/conda'\''
export _CONDA_EXE='\''/home/cril/arafat/miniconda3/bin/conda'\''
export CONDA_PYTHON_EXE='\''/home/cril/arafat/miniconda3/bin/python'\''
export _CONDA_ROOT='\''/home/cril/arafat/miniconda3'\'''
+ eval 'export _CE_M='\'''\''
export _CE_CONDA='\'''\''
PS1='\''(mgn) '\''
export PATH='\''/home/cril/arafat/miniconda3/envs/mgn/bin:/home/cril/arafat/miniconda3/condabin:/usr/share/Modules/bin:/usr/local/bin:/usr/bin:/usr/local/sbin:/usr/sbin:/home/cril/arafat/bin'\''
export CONDA_SHLVL='\''1'\''
export CONDA_PROMPT_MODIFIER='\''(mgn) '\''
export CONDA_EXE='\''/home/cril/arafat/miniconda3/bin/conda'\''
export _CONDA_EXE='\''/home/cril/arafat/miniconda3/bin/conda'\''
export CONDA_PYTHON_EXE='\''/home/cril/arafat/miniconda3/bin/python'\''
export _CONDA_ROOT='\''/home/cril/arafat/miniconda3'\'''
++ export _CE_M=
++ _CE_M=
++ export _CE_CONDA=
++ _CE_CONDA=
++ PS1='(mgn) '
++ export PATH=/home/cril/arafat/miniconda3/envs/mgn/bin:/home/cril/arafat/miniconda3/condabin:/usr/share/Modules/bin:/usr/local/bin:/usr/bin:/usr/local/sbin:/usr/sbin:/home/cril/arafat/bin
++ PATH=/home/cril/arafat/miniconda3/envs/mgn/bin:/home/cril/arafat/miniconda3/condabin:/usr/share/Modules/bin:/usr/local/bin:/usr/bin:/usr/local/sbin:/usr/sbin:/home/cril/arafat/bin
++ export CONDA_SHLVL=1
++ CONDA_SHLVL=1
++ export 'CONDA_PROMPT_MODIFIER=(mgn) '
++ CONDA_PROMPT_MODIFIER='(mgn) '
++ export CONDA_EXE=/home/cril/arafat/miniconda3/bin/conda
++ CONDA_EXE=/home/cril/arafat/miniconda3/bin/conda
++ export _CONDA_EXE=/home/cril/arafat/miniconda3/bin/conda
++ _CONDA_EXE=/home/cril/arafat/miniconda3/bin/conda
++ export CONDA_PYTHON_EXE=/home/cril/arafat/miniconda3/bin/python
++ CONDA_PYTHON_EXE=/home/cril/arafat/miniconda3/bin/python
++ export _CONDA_ROOT=/home/cril/arafat/miniconda3
++ _CONDA_ROOT=/home/cril/arafat/miniconda3
+ __conda_hashr
+ '[' -n '' ']'
+ '[' -n '' ']'
+ hash -r
+ which python
+ alias
+ eval declare -f
++ declare -f
+ /usr/bin/which --tty-only --read-alias --read-functions --show-tilde --show-dot python
+ python --version
Python 3.6.13 :: Anaconda, Inc.
+ nvidia-smi
+ cd /home/cril/arafat/MGN-C
+ DATA_DIR=Data/flag_simple
+ ROLLOUT_PATH=Data/flag_simple/mgn/rollout.pkl
+ CHK_DIR=Data/flag_simple/mgn/checkpoint
+ SAVE_PATH=test/Result
+ mkdir -p Data/flag_simple/mgn/checkpoint
+ echo 'MGN Training started'
+ python -m meshgraphnets.run_model --model=cloth --mode=train --checkpoint_dir=Data/flag_simple/mgn/checkpoint --dataset_dir=Data/flag_simple --num_training_steps=200000
WARNING:tensorflow:From /home/cril/arafat/miniconda3/envs/mgn/lib/python3.6/site-packages/tensorflow_core/python/ops/resource_variable_ops.py:1630: calling BaseResourceVariable.__init__ (from tensorflow.python.ops.resource_variable_ops) with constraint is deprecated and will be removed in a future version.
Instructions for updating:
If using Keras pass *_constraint arguments to layers.
W0616 17:15:11.993566 140538222822208 deprecation.py:506] From /home/cril/arafat/miniconda3/envs/mgn/lib/python3.6/site-packages/tensorflow_core/python/ops/resource_variable_ops.py:1630: calling BaseResourceVariable.__init__ (from tensorflow.python.ops.resource_variable_ops) with constraint is deprecated and will be removed in a future version.
Instructions for updating:
If using Keras pass *_constraint arguments to layers.
WARNING:tensorflow:From /home/cril/arafat/MGN-C/meshgraphnets/dataset.py:79: where (from tensorflow.python.ops.array_ops) is deprecated and will be removed in a future version.
Instructions for updating:
Use tf.where in 2.0, which has the same broadcast rule as np.where
W0616 17:15:12.535110 140538222822208 deprecation.py:323] From /home/cril/arafat/MGN-C/meshgraphnets/dataset.py:79: where (from tensorflow.python.ops.array_ops) is deprecated and will be removed in a future version.
Instructions for updating:
Use tf.where in 2.0, which has the same broadcast rule as np.where
WARNING:tensorflow:From /home/cril/arafat/miniconda3/envs/mgn/lib/python3.6/site-packages/sonnet/python/modules/basic.py:127: calling TruncatedNormal.__init__ (from tensorflow.python.ops.init_ops) with dtype is deprecated and will be removed in a future version.
Instructions for updating:
Call initializer instance with the dtype argument instead of passing it to the constructor
W0616 17:15:12.633235 140538222822208 deprecation.py:506] From /home/cril/arafat/miniconda3/envs/mgn/lib/python3.6/site-packages/sonnet/python/modules/basic.py:127: calling TruncatedNormal.__init__ (from tensorflow.python.ops.init_ops) with dtype is deprecated and will be removed in a future version.
Instructions for updating:
Call initializer instance with the dtype argument instead of passing it to the constructor
WARNING:tensorflow:From /home/cril/arafat/miniconda3/envs/mgn/lib/python3.6/site-packages/sonnet/python/modules/basic.py:132: calling Zeros.__init__ (from tensorflow.python.ops.init_ops) with dtype is deprecated and will be removed in a future version.
Instructions for updating:
Call initializer instance with the dtype argument instead of passing it to the constructor
W0616 17:15:12.633415 140538222822208 deprecation.py:506] From /home/cril/arafat/miniconda3/envs/mgn/lib/python3.6/site-packages/sonnet/python/modules/basic.py:132: calling Zeros.__init__ (from tensorflow.python.ops.init_ops) with dtype is deprecated and will be removed in a future version.
Instructions for updating:
Call initializer instance with the dtype argument instead of passing it to the constructor
INFO:tensorflow:Create CheckpointSaverHook.
I0616 17:15:18.964915 140538222822208 basic_session_run_hooks.py:541] Create CheckpointSaverHook.
WARNING:tensorflow:From /home/cril/arafat/miniconda3/envs/mgn/lib/python3.6/site-packages/tensorflow_core/python/training/training_util.py:236: Variable.initialized_value (from tensorflow.python.ops.variables) is deprecated and will be removed in a future version.
Instructions for updating:
Use Variable.read_value. Variables in 2.X are initialized automatically both in eager and graph (inside tf.defun) contexts.
W0616 17:15:19.891129 140538222822208 deprecation.py:323] From /home/cril/arafat/miniconda3/envs/mgn/lib/python3.6/site-packages/tensorflow_core/python/training/training_util.py:236: Variable.initialized_value (from tensorflow.python.ops.variables) is deprecated and will be removed in a future version.
Instructions for updating:
Use Variable.read_value. Variables in 2.X are initialized automatically both in eager and graph (inside tf.defun) contexts.
INFO:tensorflow:Graph was finalized.
I0616 17:15:21.032520 140538222822208 monitored_session.py:240] Graph was finalized.
2026-06-16 17:15:21.035163: I tensorflow/stream_executor/platform/default/dso_loader.cc:44] Successfully opened dynamic library libcuda.so.1
2026-06-16 17:15:21.194315: I tensorflow/core/common_runtime/gpu/gpu_device.cc:1639] Found device 0 with properties: 
name: Quadro RTX 8000 major: 7 minor: 5 memoryClockRate(GHz): 1.62
pciBusID: 0000:b1:00.0
2026-06-16 17:15:21.195182: W tensorflow/stream_executor/platform/default/dso_loader.cc:55] Could not load dynamic library 'libcudart.so.10.0'; dlerror: libcudart.so.10.0: cannot open shared object file: No such file or directory
2026-06-16 17:15:21.195767: W tensorflow/stream_executor/platform/default/dso_loader.cc:55] Could not load dynamic library 'libcublas.so.10.0'; dlerror: libcublas.so.10.0: cannot open shared object file: No such file or directory
2026-06-16 17:15:21.196216: W tensorflow/stream_executor/platform/default/dso_loader.cc:55] Could not load dynamic library 'libcufft.so.10.0'; dlerror: libcufft.so.10.0: cannot open shared object file: No such file or directory
2026-06-16 17:15:21.196681: W tensorflow/stream_executor/platform/default/dso_loader.cc:55] Could not load dynamic library 'libcurand.so.10.0'; dlerror: libcurand.so.10.0: cannot open shared object file: No such file or directory
2026-06-16 17:15:21.197079: W tensorflow/stream_executor/platform/default/dso_loader.cc:55] Could not load dynamic library 'libcusolver.so.10.0'; dlerror: libcusolver.so.10.0: cannot open shared object file: No such file or directory
2026-06-16 17:15:21.197519: W tensorflow/stream_executor/platform/default/dso_loader.cc:55] Could not load dynamic library 'libcusparse.so.10.0'; dlerror: libcusparse.so.10.0: cannot open shared object file: No such file or directory
2026-06-16 17:15:21.197941: W tensorflow/stream_executor/platform/default/dso_loader.cc:55] Could not load dynamic library 'libcudnn.so.7'; dlerror: libcudnn.so.7: cannot open shared object file: No such file or directory
2026-06-16 17:15:21.197948: W tensorflow/core/common_runtime/gpu/gpu_device.cc:1662] Cannot dlopen some GPU libraries. Please make sure the missing libraries mentioned above are installed properly if you would like to use GPU. Follow the guide at https://www.tensorflow.org/install/gpu for how to download and setup the required libraries for your platform.
Skipping registering GPU devices...
2026-06-16 17:15:21.198197: I tensorflow/core/platform/cpu_feature_guard.cc:142] Your CPU supports instructions that this TensorFlow binary was not compiled to use: AVX2 AVX512F FMA
2026-06-16 17:15:21.204377: I tensorflow/core/platform/profile_utils/cpu_utils.cc:94] CPU Frequency: 2900000000 Hz
2026-06-16 17:15:21.205055: I tensorflow/compiler/xla/service/service.cc:168] XLA service 0x55b604b91280 initialized for platform Host (this does not guarantee that XLA will be used). Devices:
2026-06-16 17:15:21.205071: I tensorflow/compiler/xla/service/service.cc:176]   StreamExecutor device (0): Host, Default Version
2026-06-16 17:15:21.345815: I tensorflow/compiler/xla/service/service.cc:168] XLA service 0x55b603987dc0 initialized for platform CUDA (this does not guarantee that XLA will be used). Devices:
2026-06-16 17:15:21.345868: I tensorflow/compiler/xla/service/service.cc:176]   StreamExecutor device (0): Quadro RTX 8000, Compute Capability 7.5
2026-06-16 17:15:21.346048: I tensorflow/core/common_runtime/gpu/gpu_device.cc:1180] Device interconnect StreamExecutor with strength 1 edge matrix:
2026-06-16 17:15:21.346067: I tensorflow/core/common_runtime/gpu/gpu_device.cc:1186]      
INFO:tensorflow:Restoring parameters from Data/flag_simple/mgn/checkpoint/model.ckpt-100000
I0616 17:15:21.432769 140538222822208 saver.py:1284] Restoring parameters from Data/flag_simple/mgn/checkpoint/model.ckpt-100000
WARNING:tensorflow:From /home/cril/arafat/miniconda3/envs/mgn/lib/python3.6/site-packages/tensorflow_core/python/training/saver.py:1069: get_checkpoint_mtimes (from tensorflow.python.training.checkpoint_management) is deprecated and will be removed in a future version.
Instructions for updating:
Use standard file utilities to get mtimes.
W0616 17:15:22.797719 140538222822208 deprecation.py:323] From /home/cril/arafat/miniconda3/envs/mgn/lib/python3.6/site-packages/tensorflow_core/python/training/saver.py:1069: get_checkpoint_mtimes (from tensorflow.python.training.checkpoint_management) is deprecated and will be removed in a future version.
Instructions for updating:
Use standard file utilities to get mtimes.
INFO:tensorflow:Running local_init_op.
I0616 17:15:23.547690 140538222822208 session_manager.py:500] Running local_init_op.
INFO:tensorflow:Done running local_init_op.
I0616 17:15:23.755010 140538222822208 session_manager.py:502] Done running local_init_op.
INFO:tensorflow:Saving checkpoints for 100000 into Data/flag_simple/mgn/checkpoint/model.ckpt.
I0616 17:15:28.388031 140538222822208 basic_session_run_hooks.py:606] Saving checkpoints for 100000 into Data/flag_simple/mgn/checkpoint/model.ckpt.
I0616 17:15:35.415854 140538222822208 run_model.py:84] Step 100000: Loss 0.37612
INFO:tensorflow:global_step/sec: 2.98358
I0616 17:16:08.932585 140538222822208 basic_session_run_hooks.py:692] global_step/sec: 2.98358
INFO:tensorflow:global_step/sec: 3.18236
I0616 17:16:40.355838 140538222822208 basic_session_run_hooks.py:692] global_step/sec: 3.18236
INFO:tensorflow:global_step/sec: 3.20967
I0616 17:17:11.511678 140538222822208 basic_session_run_hooks.py:692] global_step/sec: 3.20967
INFO:tensorflow:global_step/sec: 3.25004
I0616 17:17:42.280560 140538222822208 basic_session_run_hooks.py:692] global_step/sec: 3.25004
INFO:tensorflow:global_step/sec: 3.2524
I0616 17:18:13.027117 140538222822208 basic_session_run_hooks.py:692] global_step/sec: 3.2524
INFO:tensorflow:global_step/sec: 3.21793
I0616 17:18:44.103009 140538222822208 basic_session_run_hooks.py:692] global_step/sec: 3.21793
INFO:tensorflow:global_step/sec: 3.17936
I0616 17:19:15.555899 140538222822208 basic_session_run_hooks.py:692] global_step/sec: 3.17936
INFO:tensorflow:global_step/sec: 3.1549
I0616 17:19:47.252603 140538222822208 basic_session_run_hooks.py:692] global_step/sec: 3.1549
INFO:tensorflow:global_step/sec: 3.19679
I0616 17:20:18.534003 140538222822208 basic_session_run_hooks.py:692] global_step/sec: 3.19679
INFO:tensorflow:global_step/sec: 3.1951
I0616 17:20:49.831900 140538222822208 basic_session_run_hooks.py:692] global_step/sec: 3.1951
I0616 17:20:49.832401 140538222822208 run_model.py:84] Step 101000: Loss 0.541007
INFO:tensorflow:global_step/sec: 3.16304
I0616 17:21:21.447096 140538222822208 basic_session_run_hooks.py:692] global_step/sec: 3.16304
INFO:tensorflow:global_step/sec: 3.2759
I0616 17:21:51.973053 140538222822208 basic_session_run_hooks.py:692] global_step/sec: 3.2759
INFO:tensorflow:global_step/sec: 3.25345
I0616 17:22:22.709604 140538222822208 basic_session_run_hooks.py:692] global_step/sec: 3.25345
INFO:tensorflow:global_step/sec: 3.29944
I0616 17:22:53.017760 140538222822208 basic_session_run_hooks.py:692] global_step/sec: 3.29944
INFO:tensorflow:global_step/sec: 3.15863
I0616 17:23:24.677040 140538222822208 basic_session_run_hooks.py:692] global_step/sec: 3.15863
INFO:tensorflow:global_step/sec: 3.22759
I0616 17:23:55.659857 140538222822208 basic_session_run_hooks.py:692] global_step/sec: 3.22759
INFO:tensorflow:global_step/sec: 3.26009
I0616 17:24:26.333907 140538222822208 basic_session_run_hooks.py:692] global_step/sec: 3.26009
INFO:tensorflow:global_step/sec: 3.21705
I0616 17:24:57.418268 140538222822208 basic_session_run_hooks.py:692] global_step/sec: 3.21705
INFO:tensorflow:global_step/sec: 3.20619
I0616 17:25:28.607949 140538222822208 basic_session_run_hooks.py:692] global_step/sec: 3.20619
INFO:tensorflow:Saving checkpoints for 101907 into Data/flag_simple/mgn/checkpoint/model.ckpt.
I0616 17:25:30.486781 140538222822208 basic_session_run_hooks.py:606] Saving checkpoints for 101907 into Data/flag_simple/mgn/checkpoint/model.ckpt.
WARNING:tensorflow:From /home/cril/arafat/miniconda3/envs/mgn/lib/python3.6/site-packages/tensorflow_core/python/training/saver.py:963: remove_checkpoint (from tensorflow.python.training.checkpoint_management) is deprecated and will be removed in a future version.
Instructions for updating:
Use standard file APIs to delete files with this prefix.
W0616 17:25:30.588019 140538222822208 deprecation.py:323] From /home/cril/arafat/miniconda3/envs/mgn/lib/python3.6/site-packages/tensorflow_core/python/training/saver.py:963: remove_checkpoint (from tensorflow.python.training.checkpoint_management) is deprecated and will be removed in a future version.
Instructions for updating:
Use standard file APIs to delete files with this prefix.
INFO:tensorflow:global_step/sec: 3.04196
I0616 17:26:01.481460 140538222822208 basic_session_run_hooks.py:692] global_step/sec: 3.04196
I0616 17:26:01.482301 140538222822208 run_model.py:84] Step 102000: Loss 0.835744
INFO:tensorflow:global_step/sec: 3.16938
I0616 17:26:33.033377 140538222822208 basic_session_run_hooks.py:692] global_step/sec: 3.16938
INFO:tensorflow:global_step/sec: 3.14879
I0616 17:27:04.791696 140538222822208 basic_session_run_hooks.py:692] global_step/sec: 3.14879
INFO:tensorflow:global_step/sec: 3.15122
I0616 17:27:36.525413 140538222822208 basic_session_run_hooks.py:692] global_step/sec: 3.15122
INFO:tensorflow:global_step/sec: 3.23232
I0616 17:28:07.462916 140538222822208 basic_session_run_hooks.py:692] global_step/sec: 3.23232
INFO:tensorflow:global_step/sec: 3.29309
I0616 17:28:37.829569 140538222822208 basic_session_run_hooks.py:692] global_step/sec: 3.29309
INFO:tensorflow:global_step/sec: 3.27615
I0616 17:29:08.353189 140538222822208 basic_session_run_hooks.py:692] global_step/sec: 3.27615
INFO:tensorflow:global_step/sec: 3.28954
I0616 17:29:38.752622 140538222822208 basic_session_run_hooks.py:692] global_step/sec: 3.28954
INFO:tensorflow:global_step/sec: 3.23772
I0616 17:30:09.638550 140538222822208 basic_session_run_hooks.py:692] global_step/sec: 3.23772
INFO:tensorflow:global_step/sec: 3.2073
I0616 17:30:40.817396 140538222822208 basic_session_run_hooks.py:692] global_step/sec: 3.2073
INFO:tensorflow:global_step/sec: 3.18212
I0616 17:31:12.243011 140538222822208 basic_session_run_hooks.py:692] global_step/sec: 3.18212
I0616 17:31:12.243510 140538222822208 run_model.py:84] Step 103000: Loss 0.377511
INFO:tensorflow:global_step/sec: 3.14674
I0616 17:31:44.021901 140538222822208 basic_session_run_hooks.py:692] global_step/sec: 3.14674
INFO:tensorflow:global_step/sec: 3.16677
I0616 17:32:15.599757 140538222822208 basic_session_run_hooks.py:692] global_step/sec: 3.16677
INFO:tensorflow:global_step/sec: 3.1918
I0616 17:32:46.930047 140538222822208 basic_session_run_hooks.py:692] global_step/sec: 3.1918
INFO:tensorflow:global_step/sec: 3.18963
I0616 17:33:18.281595 140538222822208 basic_session_run_hooks.py:692] global_step/sec: 3.18963
INFO:tensorflow:global_step/sec: 3.15179
I0616 17:33:50.009638 140538222822208 basic_session_run_hooks.py:692] global_step/sec: 3.15179
INFO:tensorflow:global_step/sec: 3.17948
I0616 17:34:21.461291 140538222822208 basic_session_run_hooks.py:692] global_step/sec: 3.17948
INFO:tensorflow:global_step/sec: 3.16584
I0616 17:34:53.048512 140538222822208 basic_session_run_hooks.py:692] global_step/sec: 3.16584
INFO:tensorflow:global_step/sec: 3.16363
I0616 17:35:24.657730 140538222822208 basic_session_run_hooks.py:692] global_step/sec: 3.16363
INFO:tensorflow:Saving checkpoints for 103820 into Data/flag_simple/mgn/checkpoint/model.ckpt.
I0616 17:35:30.640111 140538222822208 basic_session_run_hooks.py:606] Saving checkpoints for 103820 into Data/flag_simple/mgn/checkpoint/model.ckpt.
INFO:tensorflow:global_step/sec: 3.07854
I0616 17:35:57.140712 140538222822208 basic_session_run_hooks.py:692] global_step/sec: 3.07854
INFO:tensorflow:global_step/sec: 3.18951
I0616 17:36:28.493443 140538222822208 basic_session_run_hooks.py:692] global_step/sec: 3.18951
I0616 17:36:28.494357 140538222822208 run_model.py:84] Step 104000: Loss 1.14418
INFO:tensorflow:global_step/sec: 3.19682
I0616 17:36:59.774558 140538222822208 basic_session_run_hooks.py:692] global_step/sec: 3.19682
INFO:tensorflow:global_step/sec: 3.16285
I0616 17:37:31.391579 140538222822208 basic_session_run_hooks.py:692] global_step/sec: 3.16285
INFO:tensorflow:global_step/sec: 3.11764
I0616 17:38:03.467138 140538222822208 basic_session_run_hooks.py:692] global_step/sec: 3.11764
INFO:tensorflow:global_step/sec: 3.13324
I0616 17:38:35.383008 140538222822208 basic_session_run_hooks.py:692] global_step/sec: 3.13324
INFO:tensorflow:global_step/sec: 3.12408
I0616 17:39:07.392398 140538222822208 basic_session_run_hooks.py:692] global_step/sec: 3.12408
INFO:tensorflow:global_step/sec: 3.18811
I0616 17:39:38.758954 140538222822208 basic_session_run_hooks.py:692] global_step/sec: 3.18811
INFO:tensorflow:global_step/sec: 3.11884
I0616 17:40:10.822201 140538222822208 basic_session_run_hooks.py:692] global_step/sec: 3.11884
INFO:tensorflow:global_step/sec: 3.1862
I0616 17:40:42.207511 140538222822208 basic_session_run_hooks.py:692] global_step/sec: 3.1862
INFO:tensorflow:global_step/sec: 3.23513
I0616 17:41:13.118210 140538222822208 basic_session_run_hooks.py:692] global_step/sec: 3.23513
INFO:tensorflow:global_step/sec: 3.16808
I0616 17:41:44.683065 140538222822208 basic_session_run_hooks.py:692] global_step/sec: 3.16808
I0616 17:41:44.683559 140538222822208 run_model.py:84] Step 105000: Loss 0.459315
INFO:tensorflow:global_step/sec: 3.19741
I0616 17:42:15.958389 140538222822208 basic_session_run_hooks.py:692] global_step/sec: 3.19741
INFO:tensorflow:global_step/sec: 3.20836
I0616 17:42:47.126957 140538222822208 basic_session_run_hooks.py:692] global_step/sec: 3.20836
INFO:tensorflow:global_step/sec: 3.21086
I0616 17:43:18.271297 140538222822208 basic_session_run_hooks.py:692] global_step/sec: 3.21086
INFO:tensorflow:global_step/sec: 3.23049
I0616 17:43:49.226324 140538222822208 basic_session_run_hooks.py:692] global_step/sec: 3.23049
INFO:tensorflow:global_step/sec: 3.16309
I0616 17:44:20.841047 140538222822208 basic_session_run_hooks.py:692] global_step/sec: 3.16309
INFO:tensorflow:global_step/sec: 3.19288
I0616 17:44:52.160738 140538222822208 basic_session_run_hooks.py:692] global_step/sec: 3.19288
INFO:tensorflow:global_step/sec: 3.17532
I0616 17:45:23.653588 140538222822208 basic_session_run_hooks.py:692] global_step/sec: 3.17532
INFO:tensorflow:Saving checkpoints for 105724 into Data/flag_simple/mgn/checkpoint/model.ckpt.
I0616 17:45:30.922669 140538222822208 basic_session_run_hooks.py:606] Saving checkpoints for 105724 into Data/flag_simple/mgn/checkpoint/model.ckpt.
INFO:tensorflow:global_step/sec: 3.10611
I0616 17:45:55.848270 140538222822208 basic_session_run_hooks.py:692] global_step/sec: 3.10611
INFO:tensorflow:global_step/sec: 3.22418
I0616 17:46:26.863852 140538222822208 basic_session_run_hooks.py:692] global_step/sec: 3.22418
INFO:tensorflow:global_step/sec: 3.19669
I0616 17:46:58.146177 140538222822208 basic_session_run_hooks.py:692] global_step/sec: 3.19669
I0616 17:46:58.147329 140538222822208 run_model.py:84] Step 106000: Loss 0.257118
INFO:tensorflow:global_step/sec: 3.11282
I0616 17:47:30.271346 140538222822208 basic_session_run_hooks.py:692] global_step/sec: 3.11282
INFO:tensorflow:global_step/sec: 3.10996
I0616 17:48:02.426159 140538222822208 basic_session_run_hooks.py:692] global_step/sec: 3.10996
INFO:tensorflow:global_step/sec: 3.18639
I0616 17:48:33.809618 140538222822208 basic_session_run_hooks.py:692] global_step/sec: 3.18639
INFO:tensorflow:global_step/sec: 3.14375
I0616 17:49:05.618823 140538222822208 basic_session_run_hooks.py:692] global_step/sec: 3.14375
INFO:tensorflow:global_step/sec: 3.11678
I0616 17:49:37.703154 140538222822208 basic_session_run_hooks.py:692] global_step/sec: 3.11678
INFO:tensorflow:global_step/sec: 3.14711
I0616 17:50:09.478287 140538222822208 basic_session_run_hooks.py:692] global_step/sec: 3.14711
INFO:tensorflow:global_step/sec: 3.21545
I0616 17:50:40.578158 140538222822208 basic_session_run_hooks.py:692] global_step/sec: 3.21545
INFO:tensorflow:global_step/sec: 3.2335
I0616 17:51:11.504378 140538222822208 basic_session_run_hooks.py:692] global_step/sec: 3.2335
INFO:tensorflow:global_step/sec: 3.27511
I0616 17:51:42.037672 140538222822208 basic_session_run_hooks.py:692] global_step/sec: 3.27511
INFO:tensorflow:global_step/sec: 3.30294
I0616 17:52:12.313691 140538222822208 basic_session_run_hooks.py:692] global_step/sec: 3.30294
I0616 17:52:12.314193 140538222822208 run_model.py:84] Step 107000: Loss 0.414088
INFO:tensorflow:global_step/sec: 3.22016
I0616 17:52:43.368018 140538222822208 basic_session_run_hooks.py:692] global_step/sec: 3.22016
INFO:tensorflow:global_step/sec: 3.18942
I0616 17:53:14.721686 140538222822208 basic_session_run_hooks.py:692] global_step/sec: 3.18942
INFO:tensorflow:global_step/sec: 3.1823
I0616 17:53:46.145503 140538222822208 basic_session_run_hooks.py:692] global_step/sec: 3.1823
INFO:tensorflow:global_step/sec: 3.20562
I0616 17:54:17.340655 140538222822208 basic_session_run_hooks.py:692] global_step/sec: 3.20562
INFO:tensorflow:global_step/sec: 3.06547
I0616 17:54:49.962096 140538222822208 basic_session_run_hooks.py:692] global_step/sec: 3.06547
INFO:tensorflow:global_step/sec: 3.11555
I0616 17:55:22.059117 140538222822208 basic_session_run_hooks.py:692] global_step/sec: 3.11555
INFO:tensorflow:Saving checkpoints for 107629 into Data/flag_simple/mgn/checkpoint/model.ckpt.
I0616 17:55:31.105994 140538222822208 basic_session_run_hooks.py:606] Saving checkpoints for 107629 into Data/flag_simple/mgn/checkpoint/model.ckpt.
INFO:tensorflow:global_step/sec: 3.03944
I0616 17:55:54.959859 140538222822208 basic_session_run_hooks.py:692] global_step/sec: 3.03944
INFO:tensorflow:global_step/sec: 3.05008
I0616 17:56:27.745867 140538222822208 basic_session_run_hooks.py:692] global_step/sec: 3.05008
INFO:tensorflow:global_step/sec: 3.14184
I0616 17:56:59.574358 140538222822208 basic_session_run_hooks.py:692] global_step/sec: 3.14184
INFO:tensorflow:global_step/sec: 3.14023
I0616 17:57:31.419171 140538222822208 basic_session_run_hooks.py:692] global_step/sec: 3.14023
I0616 17:57:31.420276 140538222822208 run_model.py:84] Step 108000: Loss 0.262523
INFO:tensorflow:global_step/sec: 3.14573
I0616 17:58:03.208307 140538222822208 basic_session_run_hooks.py:692] global_step/sec: 3.14573
INFO:tensorflow:global_step/sec: 3.1953
I0616 17:58:34.504335 140538222822208 basic_session_run_hooks.py:692] global_step/sec: 3.1953
INFO:tensorflow:global_step/sec: 3.21034
I0616 17:59:05.653656 140538222822208 basic_session_run_hooks.py:692] global_step/sec: 3.21034
INFO:tensorflow:global_step/sec: 3.0608
I0616 17:59:38.324879 140538222822208 basic_session_run_hooks.py:692] global_step/sec: 3.0608
INFO:tensorflow:global_step/sec: 3.1019
I0616 18:00:10.563133 140538222822208 basic_session_run_hooks.py:692] global_step/sec: 3.1019
INFO:tensorflow:global_step/sec: 3.10794
I0616 18:00:42.738796 140538222822208 basic_session_run_hooks.py:692] global_step/sec: 3.10794
INFO:tensorflow:global_step/sec: 3.05159
I0616 18:01:15.508625 140538222822208 basic_session_run_hooks.py:692] global_step/sec: 3.05159
INFO:tensorflow:global_step/sec: 3.13334
I0616 18:01:47.423459 140538222822208 basic_session_run_hooks.py:692] global_step/sec: 3.13334
INFO:tensorflow:global_step/sec: 3.14978
I0616 18:02:19.171674 140538222822208 basic_session_run_hooks.py:692] global_step/sec: 3.14978
INFO:tensorflow:global_step/sec: 3.17614
I0616 18:02:50.656430 140538222822208 basic_session_run_hooks.py:692] global_step/sec: 3.17614
I0616 18:02:50.657022 140538222822208 run_model.py:84] Step 109000: Loss 0.537799
INFO:tensorflow:global_step/sec: 3.1062
I0616 18:03:22.850094 140538222822208 basic_session_run_hooks.py:692] global_step/sec: 3.1062
INFO:tensorflow:global_step/sec: 3.25025
I0616 18:03:53.616950 140538222822208 basic_session_run_hooks.py:692] global_step/sec: 3.25025
INFO:tensorflow:global_step/sec: 3.207
I0616 18:04:24.798783 140538222822208 basic_session_run_hooks.py:692] global_step/sec: 3.207
INFO:tensorflow:global_step/sec: 3.18602
I0616 18:04:56.185955 140538222822208 basic_session_run_hooks.py:692] global_step/sec: 3.18602
INFO:tensorflow:global_step/sec: 3.15843
I0616 18:05:27.847185 140538222822208 basic_session_run_hooks.py:692] global_step/sec: 3.15843
INFO:tensorflow:Saving checkpoints for 109512 into Data/flag_simple/mgn/checkpoint/model.ckpt.
I0616 18:05:31.357027 140538222822208 basic_session_run_hooks.py:606] Saving checkpoints for 109512 into Data/flag_simple/mgn/checkpoint/model.ckpt.
INFO:tensorflow:global_step/sec: 3.02983
I0616 18:06:00.852391 140538222822208 basic_session_run_hooks.py:692] global_step/sec: 3.02983
INFO:tensorflow:global_step/sec: 3.16969
I0616 18:06:32.401237 140538222822208 basic_session_run_hooks.py:692] global_step/sec: 3.16969
INFO:tensorflow:global_step/sec: 3.13528
I0616 18:07:04.296322 140538222822208 basic_session_run_hooks.py:692] global_step/sec: 3.13528
INFO:tensorflow:global_step/sec: 3.17815
I0616 18:07:35.761139 140538222822208 basic_session_run_hooks.py:692] global_step/sec: 3.17815
INFO:tensorflow:global_step/sec: 3.05927
I0616 18:08:08.448601 140538222822208 basic_session_run_hooks.py:692] global_step/sec: 3.05927
I0616 18:08:08.450170 140538222822208 run_model.py:84] Step 110000: Loss 0.145682
INFO:tensorflow:global_step/sec: 3.02871
I0616 18:08:41.466026 140538222822208 basic_session_run_hooks.py:692] global_step/sec: 3.02871
INFO:tensorflow:global_step/sec: 3.06054
I0616 18:09:14.139993 140538222822208 basic_session_run_hooks.py:692] global_step/sec: 3.06054
INFO:tensorflow:global_step/sec: 3.02395
I0616 18:09:47.209318 140538222822208 basic_session_run_hooks.py:692] global_step/sec: 3.02395
INFO:tensorflow:global_step/sec: 3.06171
I0616 18:10:19.870752 140538222822208 basic_session_run_hooks.py:692] global_step/sec: 3.06171
INFO:tensorflow:global_step/sec: 3.10736
I0616 18:10:52.052449 140538222822208 basic_session_run_hooks.py:692] global_step/sec: 3.10736
INFO:tensorflow:global_step/sec: 3.16307
I0616 18:11:23.667281 140538222822208 basic_session_run_hooks.py:692] global_step/sec: 3.16307
INFO:tensorflow:global_step/sec: 3.07525
I0616 18:11:56.184958 140538222822208 basic_session_run_hooks.py:692] global_step/sec: 3.07525
INFO:tensorflow:global_step/sec: 3.09432
I0616 18:12:28.502208 140538222822208 basic_session_run_hooks.py:692] global_step/sec: 3.09432
INFO:tensorflow:global_step/sec: 3.04985
I0616 18:13:01.290735 140538222822208 basic_session_run_hooks.py:692] global_step/sec: 3.04985
INFO:tensorflow:global_step/sec: 3.03832
I0616 18:13:34.203598 140538222822208 basic_session_run_hooks.py:692] global_step/sec: 3.03832
I0616 18:13:34.204138 140538222822208 run_model.py:84] Step 111000: Loss 0.512036
INFO:tensorflow:global_step/sec: 3.09661
I0616 18:14:06.496987 140538222822208 basic_session_run_hooks.py:692] global_step/sec: 3.09661
INFO:tensorflow:global_step/sec: 3.1471
I0616 18:14:38.272243 140538222822208 basic_session_run_hooks.py:692] global_step/sec: 3.1471
INFO:tensorflow:global_step/sec: 3.14564
I0616 18:15:10.062242 140538222822208 basic_session_run_hooks.py:692] global_step/sec: 3.14564
INFO:tensorflow:Saving checkpoints for 111369 into Data/flag_simple/mgn/checkpoint/model.ckpt.
I0616 18:15:31.504075 140538222822208 basic_session_run_hooks.py:606] Saving checkpoints for 111369 into Data/flag_simple/mgn/checkpoint/model.ckpt.
INFO:tensorflow:global_step/sec: 3.0886
I0616 18:15:42.439366 140538222822208 basic_session_run_hooks.py:692] global_step/sec: 3.0886
INFO:tensorflow:global_step/sec: 3.13445
I0616 18:16:14.342924 140538222822208 basic_session_run_hooks.py:692] global_step/sec: 3.13445
INFO:tensorflow:global_step/sec: 3.14236
I0616 18:16:46.166112 140538222822208 basic_session_run_hooks.py:692] global_step/sec: 3.14236
INFO:tensorflow:global_step/sec: 3.05895
I0616 18:17:18.857092 140538222822208 basic_session_run_hooks.py:692] global_step/sec: 3.05895
INFO:tensorflow:global_step/sec: 3.09575
I0616 18:17:51.159435 140538222822208 basic_session_run_hooks.py:692] global_step/sec: 3.09575
INFO:tensorflow:global_step/sec: 3.02514
I0616 18:18:24.215810 140538222822208 basic_session_run_hooks.py:692] global_step/sec: 3.02514
INFO:tensorflow:global_step/sec: 3.09525
I0616 18:18:56.523383 140538222822208 basic_session_run_hooks.py:692] global_step/sec: 3.09525
I0616 18:18:56.524997 140538222822208 run_model.py:84] Step 112000: Loss 0.585386
INFO:tensorflow:global_step/sec: 3.12581
I0616 18:19:28.515117 140538222822208 basic_session_run_hooks.py:692] global_step/sec: 3.12581
INFO:tensorflow:global_step/sec: 3.11055
I0616 18:20:00.663765 140538222822208 basic_session_run_hooks.py:692] global_step/sec: 3.11055
INFO:tensorflow:global_step/sec: 3.1307
I0616 18:20:32.605505 140538222822208 basic_session_run_hooks.py:692] global_step/sec: 3.1307
INFO:tensorflow:global_step/sec: 3.14102
I0616 18:21:04.442327 140538222822208 basic_session_run_hooks.py:692] global_step/sec: 3.14102
INFO:tensorflow:global_step/sec: 3.15786
I0616 18:21:36.109374 140538222822208 basic_session_run_hooks.py:692] global_step/sec: 3.15786
INFO:tensorflow:global_step/sec: 3.18418
I0616 18:22:07.514694 140538222822208 basic_session_run_hooks.py:692] global_step/sec: 3.18418
INFO:tensorflow:global_step/sec: 3.13154
I0616 18:22:39.447850 140538222822208 basic_session_run_hooks.py:692] global_step/sec: 3.13154
INFO:tensorflow:global_step/sec: 3.11549
I0616 18:23:11.545496 140538222822208 basic_session_run_hooks.py:692] global_step/sec: 3.11549
INFO:tensorflow:global_step/sec: 3.08443
I0616 18:23:43.966405 140538222822208 basic_session_run_hooks.py:692] global_step/sec: 3.08443
INFO:tensorflow:global_step/sec: 3.03802
I0616 18:24:16.882601 140538222822208 basic_session_run_hooks.py:692] global_step/sec: 3.03802
I0616 18:24:16.883143 140538222822208 run_model.py:84] Step 113000: Loss 0.379484
INFO:tensorflow:global_step/sec: 3.06171
I0616 18:24:49.544108 140538222822208 basic_session_run_hooks.py:692] global_step/sec: 3.06171
INFO:tensorflow:global_step/sec: 3.05184
I0616 18:25:22.311213 140538222822208 basic_session_run_hooks.py:692] global_step/sec: 3.05184
INFO:tensorflow:Saving checkpoints for 113230 into Data/flag_simple/mgn/checkpoint/model.ckpt.
I0616 18:25:31.528632 140538222822208 basic_session_run_hooks.py:606] Saving checkpoints for 113230 into Data/flag_simple/mgn/checkpoint/model.ckpt.
INFO:tensorflow:global_step/sec: 2.99892
I0616 18:25:55.656576 140538222822208 basic_session_run_hooks.py:692] global_step/sec: 2.99892
INFO:tensorflow:global_step/sec: 3.04269
I0616 18:26:28.522218 140538222822208 basic_session_run_hooks.py:692] global_step/sec: 3.04269
INFO:tensorflow:global_step/sec: 3.13231
I0616 18:27:00.447552 140538222822208 basic_session_run_hooks.py:692] global_step/sec: 3.13231
INFO:tensorflow:global_step/sec: 3.00488
I0616 18:27:33.726692 140538222822208 basic_session_run_hooks.py:692] global_step/sec: 3.00488
INFO:tensorflow:global_step/sec: 3.04489
I0616 18:28:06.568621 140538222822208 basic_session_run_hooks.py:692] global_step/sec: 3.04489
INFO:tensorflow:global_step/sec: 3.10031
I0616 18:28:38.823463 140538222822208 basic_session_run_hooks.py:692] global_step/sec: 3.10031
INFO:tensorflow:global_step/sec: 3.12604
I0616 18:29:10.812890 140538222822208 basic_session_run_hooks.py:692] global_step/sec: 3.12604
INFO:tensorflow:global_step/sec: 3.05352
I0616 18:29:43.561978 140538222822208 basic_session_run_hooks.py:692] global_step/sec: 3.05352
I0616 18:29:43.563271 140538222822208 run_model.py:84] Step 114000: Loss 0.544503
INFO:tensorflow:global_step/sec: 3.08799
I0616 18:30:15.945539 140538222822208 basic_session_run_hooks.py:692] global_step/sec: 3.08799
INFO:tensorflow:global_step/sec: 3.16011
I0616 18:30:47.590030 140538222822208 basic_session_run_hooks.py:692] global_step/sec: 3.16011
INFO:tensorflow:global_step/sec: 3.11259
I0616 18:31:19.717574 140538222822208 basic_session_run_hooks.py:692] global_step/sec: 3.11259
INFO:tensorflow:global_step/sec: 3.00152
I0616 18:31:53.034095 140538222822208 basic_session_run_hooks.py:692] global_step/sec: 3.00152
INFO:tensorflow:global_step/sec: 3.049
I0616 18:32:25.831671 140538222822208 basic_session_run_hooks.py:692] global_step/sec: 3.049
INFO:tensorflow:global_step/sec: 2.97378
I0616 18:32:59.458969 140538222822208 basic_session_run_hooks.py:692] global_step/sec: 2.97378
INFO:tensorflow:global_step/sec: 3.05353
I0616 18:33:32.207963 140538222822208 basic_session_run_hooks.py:692] global_step/sec: 3.05353
INFO:tensorflow:global_step/sec: 3.0688
I0616 18:34:04.794001 140538222822208 basic_session_run_hooks.py:692] global_step/sec: 3.0688
INFO:tensorflow:global_step/sec: 3.12437
I0616 18:34:36.800463 140538222822208 basic_session_run_hooks.py:692] global_step/sec: 3.12437
INFO:tensorflow:global_step/sec: 3.02066
I0616 18:35:09.905762 140538222822208 basic_session_run_hooks.py:692] global_step/sec: 3.02066
I0616 18:35:09.906276 140538222822208 run_model.py:84] Step 115000: Loss 0.578248
INFO:tensorflow:Saving checkpoints for 115066 into Data/flag_simple/mgn/checkpoint/model.ckpt.
I0616 18:35:31.650986 140538222822208 basic_session_run_hooks.py:606] Saving checkpoints for 115066 into Data/flag_simple/mgn/checkpoint/model.ckpt.
INFO:tensorflow:global_step/sec: 2.93635
I0616 18:35:43.961615 140538222822208 basic_session_run_hooks.py:692] global_step/sec: 2.93635
INFO:tensorflow:global_step/sec: 3.03183
I0616 18:36:16.945035 140538222822208 basic_session_run_hooks.py:692] global_step/sec: 3.03183
INFO:tensorflow:global_step/sec: 3.08046
I0616 18:36:49.407688 140538222822208 basic_session_run_hooks.py:692] global_step/sec: 3.08046
INFO:tensorflow:global_step/sec: 3.0376
I0616 18:37:22.328437 140538222822208 basic_session_run_hooks.py:692] global_step/sec: 3.0376
INFO:tensorflow:global_step/sec: 3.01719
I0616 18:37:55.471865 140538222822208 basic_session_run_hooks.py:692] global_step/sec: 3.01719
INFO:tensorflow:global_step/sec: 3.03304
I0616 18:38:28.442144 140538222822208 basic_session_run_hooks.py:692] global_step/sec: 3.03304
INFO:tensorflow:global_step/sec: 3.0502
I0616 18:39:01.226945 140538222822208 basic_session_run_hooks.py:692] global_step/sec: 3.0502
INFO:tensorflow:global_step/sec: 3.03507
I0616 18:39:34.175041 140538222822208 basic_session_run_hooks.py:692] global_step/sec: 3.03507
INFO:tensorflow:global_step/sec: 3.09498
I0616 18:40:06.485450 140538222822208 basic_session_run_hooks.py:692] global_step/sec: 3.09498
INFO:tensorflow:global_step/sec: 3.12048
I0616 18:40:38.531781 140538222822208 basic_session_run_hooks.py:692] global_step/sec: 3.12048
I0616 18:40:38.532978 140538222822208 run_model.py:84] Step 116000: Loss 0.479753
INFO:tensorflow:global_step/sec: 3.06778
I0616 18:41:11.128663 140538222822208 basic_session_run_hooks.py:692] global_step/sec: 3.06778
INFO:tensorflow:global_step/sec: 3.05705
I0616 18:41:43.839968 140538222822208 basic_session_run_hooks.py:692] global_step/sec: 3.05705
INFO:tensorflow:global_step/sec: 3.10053
I0616 18:42:16.092485 140538222822208 basic_session_run_hooks.py:692] global_step/sec: 3.10053
INFO:tensorflow:global_step/sec: 3.0563
I0616 18:42:48.811807 140538222822208 basic_session_run_hooks.py:692] global_step/sec: 3.0563
INFO:tensorflow:global_step/sec: 3.01293
I0616 18:43:22.002104 140538222822208 basic_session_run_hooks.py:692] global_step/sec: 3.01293
INFO:tensorflow:global_step/sec: 2.98987
I0616 18:43:55.448376 140538222822208 basic_session_run_hooks.py:692] global_step/sec: 2.98987
INFO:tensorflow:global_step/sec: 3.02086
I0616 18:44:28.551544 140538222822208 basic_session_run_hooks.py:692] global_step/sec: 3.02086
INFO:tensorflow:global_step/sec: 3.04118
I0616 18:45:01.433503 140538222822208 basic_session_run_hooks.py:692] global_step/sec: 3.04118
INFO:tensorflow:Saving checkpoints for 116891 into Data/flag_simple/mgn/checkpoint/model.ckpt.
I0616 18:45:31.659144 140538222822208 basic_session_run_hooks.py:606] Saving checkpoints for 116891 into Data/flag_simple/mgn/checkpoint/model.ckpt.
INFO:tensorflow:global_step/sec: 2.91307
I0616 18:45:35.761596 140538222822208 basic_session_run_hooks.py:692] global_step/sec: 2.91307
INFO:tensorflow:global_step/sec: 2.99117
I0616 18:46:09.193342 140538222822208 basic_session_run_hooks.py:692] global_step/sec: 2.99117
I0616 18:46:09.193830 140538222822208 run_model.py:84] Step 117000: Loss 0.915718
INFO:tensorflow:global_step/sec: 2.96437
I0616 18:46:42.927357 140538222822208 basic_session_run_hooks.py:692] global_step/sec: 2.96437
INFO:tensorflow:global_step/sec: 2.99987
I0616 18:47:16.262186 140538222822208 basic_session_run_hooks.py:692] global_step/sec: 2.99987
INFO:tensorflow:global_step/sec: 3.01613
I0616 18:47:49.417206 140538222822208 basic_session_run_hooks.py:692] global_step/sec: 3.01613
INFO:tensorflow:global_step/sec: 3.05607
I0616 18:48:22.138957 140538222822208 basic_session_run_hooks.py:692] global_step/sec: 3.05607
INFO:tensorflow:global_step/sec: 3.0011
I0616 18:48:55.460075 140538222822208 basic_session_run_hooks.py:692] global_step/sec: 3.0011
INFO:tensorflow:global_step/sec: 3.03267
I0616 18:49:28.434300 140538222822208 basic_session_run_hooks.py:692] global_step/sec: 3.03267
INFO:tensorflow:global_step/sec: 3.0453
I0616 18:50:01.271776 140538222822208 basic_session_run_hooks.py:692] global_step/sec: 3.0453
INFO:tensorflow:global_step/sec: 3.02354
I0616 18:50:34.345611 140538222822208 basic_session_run_hooks.py:692] global_step/sec: 3.02354
INFO:tensorflow:global_step/sec: 3.10126
I0616 18:51:06.590541 140538222822208 basic_session_run_hooks.py:692] global_step/sec: 3.10126
INFO:tensorflow:global_step/sec: 3.03215
I0616 18:51:39.570463 140538222822208 basic_session_run_hooks.py:692] global_step/sec: 3.03215
I0616 18:51:39.571788 140538222822208 run_model.py:84] Step 118000: Loss 0.474592
INFO:tensorflow:global_step/sec: 3.04857
I0616 18:52:12.372787 140538222822208 basic_session_run_hooks.py:692] global_step/sec: 3.04857
INFO:tensorflow:global_step/sec: 3.06314
I0616 18:52:45.018997 140538222822208 basic_session_run_hooks.py:692] global_step/sec: 3.06314
INFO:tensorflow:global_step/sec: 3.02586
I0616 18:53:18.067474 140538222822208 basic_session_run_hooks.py:692] global_step/sec: 3.02586
INFO:tensorflow:global_step/sec: 3.03204
I0616 18:53:51.048619 140538222822208 basic_session_run_hooks.py:692] global_step/sec: 3.03204
INFO:tensorflow:global_step/sec: 3.07024
I0616 18:54:23.619339 140538222822208 basic_session_run_hooks.py:692] global_step/sec: 3.07024
INFO:tensorflow:global_step/sec: 3.11971
I0616 18:54:55.673589 140538222822208 basic_session_run_hooks.py:692] global_step/sec: 3.11971
INFO:tensorflow:global_step/sec: 3.06167
I0616 18:55:28.335464 140538222822208 basic_session_run_hooks.py:692] global_step/sec: 3.06167
INFO:tensorflow:Saving checkpoints for 118711 into Data/flag_simple/mgn/checkpoint/model.ckpt.
I0616 18:55:31.676143 140538222822208 basic_session_run_hooks.py:606] Saving checkpoints for 118711 into Data/flag_simple/mgn/checkpoint/model.ckpt.
INFO:tensorflow:global_step/sec: 2.91439
I0616 18:56:02.647908 140538222822208 basic_session_run_hooks.py:692] global_step/sec: 2.91439
INFO:tensorflow:global_step/sec: 2.97564
I0616 18:56:36.254158 140538222822208 basic_session_run_hooks.py:692] global_step/sec: 2.97564
INFO:tensorflow:global_step/sec: 3.01637
I0616 18:57:09.406657 140538222822208 basic_session_run_hooks.py:692] global_step/sec: 3.01637
I0616 18:57:09.407139 140538222822208 run_model.py:84] Step 119000: Loss 0.255617
INFO:tensorflow:global_step/sec: 3.03343
I0616 18:57:42.372566 140538222822208 basic_session_run_hooks.py:692] global_step/sec: 3.03343
INFO:tensorflow:global_step/sec: 3.04453
I0616 18:58:15.218343 140538222822208 basic_session_run_hooks.py:692] global_step/sec: 3.04453
INFO:tensorflow:global_step/sec: 3.04198
I0616 18:58:48.091650 140538222822208 basic_session_run_hooks.py:692] global_step/sec: 3.04198
INFO:tensorflow:global_step/sec: 3.00788
I0616 18:59:21.337716 140538222822208 basic_session_run_hooks.py:692] global_step/sec: 3.00788
INFO:tensorflow:global_step/sec: 3.03208
I0616 18:59:54.318418 140538222822208 basic_session_run_hooks.py:692] global_step/sec: 3.03208
INFO:tensorflow:global_step/sec: 2.95749
I0616 19:00:28.130841 140538222822208 basic_session_run_hooks.py:692] global_step/sec: 2.95749
INFO:tensorflow:global_step/sec: 2.9565
I0616 19:01:01.954708 140538222822208 basic_session_run_hooks.py:692] global_step/sec: 2.9565
INFO:tensorflow:global_step/sec: 2.93468
I0616 19:01:36.029990 140538222822208 basic_session_run_hooks.py:692] global_step/sec: 2.93468
INFO:tensorflow:global_step/sec: 3.03253
I0616 19:02:09.005829 140538222822208 basic_session_run_hooks.py:692] global_step/sec: 3.03253
INFO:tensorflow:global_step/sec: 3.04763
I0616 19:02:41.818215 140538222822208 basic_session_run_hooks.py:692] global_step/sec: 3.04763
I0616 19:02:41.819481 140538222822208 run_model.py:84] Step 120000: Loss 0.670742
INFO:tensorflow:global_step/sec: 3.02435
I0616 19:03:14.883129 140538222822208 basic_session_run_hooks.py:692] global_step/sec: 3.02435
INFO:tensorflow:global_step/sec: 3.03616
I0616 19:03:47.819460 140538222822208 basic_session_run_hooks.py:692] global_step/sec: 3.03616
INFO:tensorflow:global_step/sec: 3.07636
I0616 19:04:20.325373 140538222822208 basic_session_run_hooks.py:692] global_step/sec: 3.07636
INFO:tensorflow:global_step/sec: 3.05004
I0616 19:04:53.111800 140538222822208 basic_session_run_hooks.py:692] global_step/sec: 3.05004
INFO:tensorflow:global_step/sec: 3.04967
I0616 19:05:25.902248 140538222822208 basic_session_run_hooks.py:692] global_step/sec: 3.04967
INFO:tensorflow:Saving checkpoints for 120519 into Data/flag_simple/mgn/checkpoint/model.ckpt.
I0616 19:05:31.848829 140538222822208 basic_session_run_hooks.py:606] Saving checkpoints for 120519 into Data/flag_simple/mgn/checkpoint/model.ckpt.
INFO:tensorflow:global_step/sec: 3.00693
I0616 19:05:59.158766 140538222822208 basic_session_run_hooks.py:692] global_step/sec: 3.00693
INFO:tensorflow:global_step/sec: 3.10734
I0616 19:06:31.340616 140538222822208 basic_session_run_hooks.py:692] global_step/sec: 3.10734
INFO:tensorflow:global_step/sec: 3.00508
I0616 19:07:04.617618 140538222822208 basic_session_run_hooks.py:692] global_step/sec: 3.00508
INFO:tensorflow:global_step/sec: 3.0294
I0616 19:07:37.627448 140538222822208 basic_session_run_hooks.py:692] global_step/sec: 3.0294
INFO:tensorflow:global_step/sec: 3.04156
I0616 19:08:10.505258 140538222822208 basic_session_run_hooks.py:692] global_step/sec: 3.04156
I0616 19:08:10.505768 140538222822208 run_model.py:84] Step 121000: Loss 0.97492
INFO:tensorflow:global_step/sec: 3.00687
I0616 19:08:43.762417 140538222822208 basic_session_run_hooks.py:692] global_step/sec: 3.00687
INFO:tensorflow:global_step/sec: 3.01034
I0616 19:09:16.981249 140538222822208 basic_session_run_hooks.py:692] global_step/sec: 3.01034
INFO:tensorflow:global_step/sec: 3.03274
I0616 19:09:49.954723 140538222822208 basic_session_run_hooks.py:692] global_step/sec: 3.03274
INFO:tensorflow:global_step/sec: 2.99038
I0616 19:10:23.395316 140538222822208 basic_session_run_hooks.py:692] global_step/sec: 2.99038
INFO:tensorflow:global_step/sec: 2.95796
I0616 19:10:57.202433 140538222822208 basic_session_run_hooks.py:692] global_step/sec: 2.95796
INFO:tensorflow:global_step/sec: 3.0392
I0616 19:11:30.105787 140538222822208 basic_session_run_hooks.py:692] global_step/sec: 3.0392
INFO:tensorflow:global_step/sec: 2.98232
I0616 19:12:03.636775 140538222822208 basic_session_run_hooks.py:692] global_step/sec: 2.98232
INFO:tensorflow:global_step/sec: 2.9876
I0616 19:12:37.108442 140538222822208 basic_session_run_hooks.py:692] global_step/sec: 2.9876
INFO:tensorflow:global_step/sec: 2.98323
I0616 19:13:10.629133 140538222822208 basic_session_run_hooks.py:692] global_step/sec: 2.98323
INFO:tensorflow:global_step/sec: 3.04622
I0616 19:13:43.456748 140538222822208 basic_session_run_hooks.py:692] global_step/sec: 3.04622
I0616 19:13:43.457885 140538222822208 run_model.py:84] Step 122000: Loss 0.249153
INFO:tensorflow:global_step/sec: 3.00312
I0616 19:14:16.755410 140538222822208 basic_session_run_hooks.py:692] global_step/sec: 3.00312
INFO:tensorflow:global_step/sec: 2.95967
I0616 19:14:50.543025 140538222822208 basic_session_run_hooks.py:692] global_step/sec: 2.95967
INFO:tensorflow:global_step/sec: 3.03125
I0616 19:15:23.532622 140538222822208 basic_session_run_hooks.py:692] global_step/sec: 3.03125
INFO:tensorflow:Saving checkpoints for 122326 into Data/flag_simple/mgn/checkpoint/model.ckpt.
I0616 19:15:31.907597 140538222822208 basic_session_run_hooks.py:606] Saving checkpoints for 122326 into Data/flag_simple/mgn/checkpoint/model.ckpt.
INFO:tensorflow:global_step/sec: 2.90662
I0616 19:15:57.936825 140538222822208 basic_session_run_hooks.py:692] global_step/sec: 2.90662
INFO:tensorflow:global_step/sec: 2.96047
I0616 19:16:31.715207 140538222822208 basic_session_run_hooks.py:692] global_step/sec: 2.96047
INFO:tensorflow:global_step/sec: 2.9587
I0616 19:17:05.513855 140538222822208 basic_session_run_hooks.py:692] global_step/sec: 2.9587
INFO:tensorflow:global_step/sec: 2.98885
I0616 19:17:38.971547 140538222822208 basic_session_run_hooks.py:692] global_step/sec: 2.98885
INFO:tensorflow:global_step/sec: 3.05478
I0616 19:18:11.707203 140538222822208 basic_session_run_hooks.py:692] global_step/sec: 3.05478
INFO:tensorflow:global_step/sec: 3.07937
I0616 19:18:44.181356 140538222822208 basic_session_run_hooks.py:692] global_step/sec: 3.07937
INFO:tensorflow:global_step/sec: 3.07504
I0616 19:19:16.701334 140538222822208 basic_session_run_hooks.py:692] global_step/sec: 3.07504
I0616 19:19:16.701845 140538222822208 run_model.py:84] Step 123000: Loss 0.468282
INFO:tensorflow:global_step/sec: 3.02772
I0616 19:19:49.729487 140538222822208 basic_session_run_hooks.py:692] global_step/sec: 3.02772
INFO:tensorflow:global_step/sec: 3.06739
I0616 19:20:22.330511 140538222822208 basic_session_run_hooks.py:692] global_step/sec: 3.06739
INFO:tensorflow:global_step/sec: 3.0559
I0616 19:20:55.054095 140538222822208 basic_session_run_hooks.py:692] global_step/sec: 3.0559
INFO:tensorflow:global_step/sec: 3.0531
I0616 19:21:27.807656 140538222822208 basic_session_run_hooks.py:692] global_step/sec: 3.0531
INFO:tensorflow:global_step/sec: 3.05422
I0616 19:22:00.549205 140538222822208 basic_session_run_hooks.py:692] global_step/sec: 3.05422
INFO:tensorflow:global_step/sec: 3.02085
I0616 19:22:33.652516 140538222822208 basic_session_run_hooks.py:692] global_step/sec: 3.02085
INFO:tensorflow:global_step/sec: 3.0725
I0616 19:23:06.199286 140538222822208 basic_session_run_hooks.py:692] global_step/sec: 3.0725
INFO:tensorflow:global_step/sec: 3.06625
I0616 19:23:38.812434 140538222822208 basic_session_run_hooks.py:692] global_step/sec: 3.06625
INFO:tensorflow:global_step/sec: 3.05376
I0616 19:24:11.558985 140538222822208 basic_session_run_hooks.py:692] global_step/sec: 3.05376
INFO:tensorflow:global_step/sec: 3.07899
I0616 19:24:44.037191 140538222822208 basic_session_run_hooks.py:692] global_step/sec: 3.07899
I0616 19:24:44.038706 140538222822208 run_model.py:84] Step 124000: Loss 0.420494
INFO:tensorflow:global_step/sec: 3.05357
I0616 19:25:16.785708 140538222822208 basic_session_run_hooks.py:692] global_step/sec: 3.05357
INFO:tensorflow:Saving checkpoints for 124148 into Data/flag_simple/mgn/checkpoint/model.ckpt.
I0616 19:25:31.952838 140538222822208 basic_session_run_hooks.py:606] Saving checkpoints for 124148 into Data/flag_simple/mgn/checkpoint/model.ckpt.
INFO:tensorflow:global_step/sec: 3.03791
I0616 19:25:49.703038 140538222822208 basic_session_run_hooks.py:692] global_step/sec: 3.03791
INFO:tensorflow:global_step/sec: 3.07186
I0616 19:26:22.256603 140538222822208 basic_session_run_hooks.py:692] global_step/sec: 3.07186
INFO:tensorflow:global_step/sec: 3.09347
I0616 19:26:54.582775 140538222822208 basic_session_run_hooks.py:692] global_step/sec: 3.09347
INFO:tensorflow:global_step/sec: 3.04647
I0616 19:27:27.407676 140538222822208 basic_session_run_hooks.py:692] global_step/sec: 3.04647
INFO:tensorflow:global_step/sec: 3.08305
I0616 19:27:59.843121 140538222822208 basic_session_run_hooks.py:692] global_step/sec: 3.08305
INFO:tensorflow:global_step/sec: 3.05806
I0616 19:28:32.543642 140538222822208 basic_session_run_hooks.py:692] global_step/sec: 3.05806
INFO:tensorflow:global_step/sec: 3.04718
I0616 19:29:05.360826 140538222822208 basic_session_run_hooks.py:692] global_step/sec: 3.04718
INFO:tensorflow:global_step/sec: 3.02261
I0616 19:29:38.444802 140538222822208 basic_session_run_hooks.py:692] global_step/sec: 3.02261
INFO:tensorflow:global_step/sec: 2.97552
I0616 19:30:12.052361 140538222822208 basic_session_run_hooks.py:692] global_step/sec: 2.97552
I0616 19:30:12.052848 140538222822208 run_model.py:84] Step 125000: Loss 0.395958
INFO:tensorflow:global_step/sec: 3.026
I0616 19:30:45.099348 140538222822208 basic_session_run_hooks.py:692] global_step/sec: 3.026
INFO:tensorflow:global_step/sec: 3.02
I0616 19:31:18.211918 140538222822208 basic_session_run_hooks.py:692] global_step/sec: 3.02
INFO:tensorflow:global_step/sec: 3.01635
I0616 19:31:51.364597 140538222822208 basic_session_run_hooks.py:692] global_step/sec: 3.01635
INFO:tensorflow:global_step/sec: 2.97595
I0616 19:32:24.967279 140538222822208 basic_session_run_hooks.py:692] global_step/sec: 2.97595
INFO:tensorflow:global_step/sec: 3.0012
I0616 19:32:58.287230 140538222822208 basic_session_run_hooks.py:692] global_step/sec: 3.0012
INFO:tensorflow:global_step/sec: 3.01989
I0616 19:33:31.400990 140538222822208 basic_session_run_hooks.py:692] global_step/sec: 3.01989
INFO:tensorflow:global_step/sec: 3.01327
I0616 19:34:04.587579 140538222822208 basic_session_run_hooks.py:692] global_step/sec: 3.01327
INFO:tensorflow:global_step/sec: 3.00939
I0616 19:34:37.816941 140538222822208 basic_session_run_hooks.py:692] global_step/sec: 3.00939
INFO:tensorflow:global_step/sec: 2.99046
I0616 19:35:11.256620 140538222822208 basic_session_run_hooks.py:692] global_step/sec: 2.99046
INFO:tensorflow:Saving checkpoints for 125964 into Data/flag_simple/mgn/checkpoint/model.ckpt.
I0616 19:35:32.267147 140538222822208 basic_session_run_hooks.py:606] Saving checkpoints for 125964 into Data/flag_simple/mgn/checkpoint/model.ckpt.
INFO:tensorflow:global_step/sec: 2.9461
I0616 19:35:45.199780 140538222822208 basic_session_run_hooks.py:692] global_step/sec: 2.9461
I0616 19:35:45.200288 140538222822208 run_model.py:84] Step 126000: Loss 0.529334
INFO:tensorflow:global_step/sec: 3.00676
I0616 19:36:18.458233 140538222822208 basic_session_run_hooks.py:692] global_step/sec: 3.00676
INFO:tensorflow:global_step/sec: 3.04781
I0616 19:36:51.268612 140538222822208 basic_session_run_hooks.py:692] global_step/sec: 3.04781
INFO:tensorflow:global_step/sec: 3.01473
I0616 19:37:24.439084 140538222822208 basic_session_run_hooks.py:692] global_step/sec: 3.01473
INFO:tensorflow:global_step/sec: 2.97842
I0616 19:37:58.013928 140538222822208 basic_session_run_hooks.py:692] global_step/sec: 2.97842
INFO:tensorflow:global_step/sec: 3.03366
I0616 19:38:30.977434 140538222822208 basic_session_run_hooks.py:692] global_step/sec: 3.03366
INFO:tensorflow:global_step/sec: 2.9943
I0616 19:39:04.374258 140538222822208 basic_session_run_hooks.py:692] global_step/sec: 2.9943
INFO:tensorflow:global_step/sec: 2.95472
I0616 19:39:38.218377 140538222822208 basic_session_run_hooks.py:692] global_step/sec: 2.95472
INFO:tensorflow:global_step/sec: 3.01018
I0616 19:40:11.438920 140538222822208 basic_session_run_hooks.py:692] global_step/sec: 3.01018
INFO:tensorflow:global_step/sec: 2.98042
I0616 19:40:44.991305 140538222822208 basic_session_run_hooks.py:692] global_step/sec: 2.98042
INFO:tensorflow:global_step/sec: 2.98848
I0616 19:41:18.453099 140538222822208 basic_session_run_hooks.py:692] global_step/sec: 2.98848
I0616 19:41:18.453605 140538222822208 run_model.py:84] Step 127000: Loss 0.484729
INFO:tensorflow:global_step/sec: 3.00409
I0616 19:41:51.741066 140538222822208 basic_session_run_hooks.py:692] global_step/sec: 3.00409
INFO:tensorflow:global_step/sec: 3.0263
I0616 19:42:24.784702 140538222822208 basic_session_run_hooks.py:692] global_step/sec: 3.0263
INFO:tensorflow:global_step/sec: 2.97417
I0616 19:42:58.407513 140538222822208 basic_session_run_hooks.py:692] global_step/sec: 2.97417
INFO:tensorflow:global_step/sec: 3.01338
I0616 19:43:31.592896 140538222822208 basic_session_run_hooks.py:692] global_step/sec: 3.01338
INFO:tensorflow:global_step/sec: 3.02074
I0616 19:44:04.697421 140538222822208 basic_session_run_hooks.py:692] global_step/sec: 3.02074
INFO:tensorflow:global_step/sec: 2.97299
I0616 19:44:38.333546 140538222822208 basic_session_run_hooks.py:692] global_step/sec: 2.97299
INFO:tensorflow:global_step/sec: 2.95159
I0616 19:45:12.213531 140538222822208 basic_session_run_hooks.py:692] global_step/sec: 2.95159
INFO:tensorflow:Saving checkpoints for 127761 into Data/flag_simple/mgn/checkpoint/model.ckpt.
I0616 19:45:32.460084 140538222822208 basic_session_run_hooks.py:606] Saving checkpoints for 127761 into Data/flag_simple/mgn/checkpoint/model.ckpt.
INFO:tensorflow:global_step/sec: 2.91078
I0616 19:45:46.568542 140538222822208 basic_session_run_hooks.py:692] global_step/sec: 2.91078
INFO:tensorflow:global_step/sec: 2.99435
I0616 19:46:19.964798 140538222822208 basic_session_run_hooks.py:692] global_step/sec: 2.99435
INFO:tensorflow:global_step/sec: 2.96765
I0616 19:46:53.661531 140538222822208 basic_session_run_hooks.py:692] global_step/sec: 2.96765
I0616 19:46:53.663218 140538222822208 run_model.py:84] Step 128000: Loss 0.382574
INFO:tensorflow:global_step/sec: 3.07722
I0616 19:47:26.158390 140538222822208 basic_session_run_hooks.py:692] global_step/sec: 3.07722
INFO:tensorflow:global_step/sec: 3.01582
I0616 19:47:59.316877 140538222822208 basic_session_run_hooks.py:692] global_step/sec: 3.01582
INFO:tensorflow:global_step/sec: 2.98554
I0616 19:48:32.811655 140538222822208 basic_session_run_hooks.py:692] global_step/sec: 2.98554
INFO:tensorflow:global_step/sec: 2.98326
I0616 19:49:06.332020 140538222822208 basic_session_run_hooks.py:692] global_step/sec: 2.98326
INFO:tensorflow:global_step/sec: 3.013
I0616 19:49:39.521540 140538222822208 basic_session_run_hooks.py:692] global_step/sec: 3.013
INFO:tensorflow:global_step/sec: 3.03124
I0616 19:50:12.511272 140538222822208 basic_session_run_hooks.py:692] global_step/sec: 3.03124
INFO:tensorflow:global_step/sec: 3.01155
I0616 19:50:45.716788 140538222822208 basic_session_run_hooks.py:692] global_step/sec: 3.01155
INFO:tensorflow:global_step/sec: 2.95387
I0616 19:51:19.570632 140538222822208 basic_session_run_hooks.py:692] global_step/sec: 2.95387
INFO:tensorflow:global_step/sec: 2.95209
I0616 19:51:53.444893 140538222822208 basic_session_run_hooks.py:692] global_step/sec: 2.95209
INFO:tensorflow:global_step/sec: 2.97869
I0616 19:52:27.016685 140538222822208 basic_session_run_hooks.py:692] global_step/sec: 2.97869
I0616 19:52:27.017187 140538222822208 run_model.py:84] Step 129000: Loss 0.275753
INFO:tensorflow:global_step/sec: 2.96551
I0616 19:53:00.737694 140538222822208 basic_session_run_hooks.py:692] global_step/sec: 2.96551
INFO:tensorflow:global_step/sec: 2.99199
I0616 19:53:34.160229 140538222822208 basic_session_run_hooks.py:692] global_step/sec: 2.99199
INFO:tensorflow:global_step/sec: 2.99566
I0616 19:54:07.541836 140538222822208 basic_session_run_hooks.py:692] global_step/sec: 2.99566
INFO:tensorflow:global_step/sec: 2.99947
I0616 19:54:40.881014 140538222822208 basic_session_run_hooks.py:692] global_step/sec: 2.99947
INFO:tensorflow:global_step/sec: 3.01374
I0616 19:55:14.062412 140538222822208 basic_session_run_hooks.py:692] global_step/sec: 3.01374
INFO:tensorflow:Saving checkpoints for 129556 into Data/flag_simple/mgn/checkpoint/model.ckpt.
I0616 19:55:32.522163 140538222822208 basic_session_run_hooks.py:606] Saving checkpoints for 129556 into Data/flag_simple/mgn/checkpoint/model.ckpt.
INFO:tensorflow:global_step/sec: 2.90771
I0616 19:55:48.453825 140538222822208 basic_session_run_hooks.py:692] global_step/sec: 2.90771
INFO:tensorflow:global_step/sec: 2.98628
I0616 19:56:21.940250 140538222822208 basic_session_run_hooks.py:692] global_step/sec: 2.98628
INFO:tensorflow:global_step/sec: 2.97658
I0616 19:56:55.535819 140538222822208 basic_session_run_hooks.py:692] global_step/sec: 2.97658
INFO:tensorflow:global_step/sec: 3.00118
I0616 19:57:28.856047 140538222822208 basic_session_run_hooks.py:692] global_step/sec: 3.00118
INFO:tensorflow:global_step/sec: 2.99125
I0616 19:58:02.286858 140538222822208 basic_session_run_hooks.py:692] global_step/sec: 2.99125
I0616 19:58:02.288092 140538222822208 run_model.py:84] Step 130000: Loss 0.398644
INFO:tensorflow:global_step/sec: 2.96432
I0616 19:58:36.021408 140538222822208 basic_session_run_hooks.py:692] global_step/sec: 2.96432
INFO:tensorflow:global_step/sec: 2.95959
I0616 19:59:09.809854 140538222822208 basic_session_run_hooks.py:692] global_step/sec: 2.95959
INFO:tensorflow:global_step/sec: 2.96906
I0616 19:59:43.490535 140538222822208 basic_session_run_hooks.py:692] global_step/sec: 2.96906
INFO:tensorflow:global_step/sec: 2.9635
I0616 20:00:17.234476 140538222822208 basic_session_run_hooks.py:692] global_step/sec: 2.9635
INFO:tensorflow:global_step/sec: 2.97466
I0616 20:00:50.851798 140538222822208 basic_session_run_hooks.py:692] global_step/sec: 2.97466
INFO:tensorflow:global_step/sec: 2.98446
I0616 20:01:24.358731 140538222822208 basic_session_run_hooks.py:692] global_step/sec: 2.98446
INFO:tensorflow:global_step/sec: 3.0035
I0616 20:01:57.653244 140538222822208 basic_session_run_hooks.py:692] global_step/sec: 3.0035
INFO:tensorflow:global_step/sec: 2.99113
I0616 20:02:31.085408 140538222822208 basic_session_run_hooks.py:692] global_step/sec: 2.99113
INFO:tensorflow:global_step/sec: 3.02046
I0616 20:03:04.192948 140538222822208 basic_session_run_hooks.py:692] global_step/sec: 3.02046
INFO:tensorflow:global_step/sec: 2.99653
I0616 20:03:37.564891 140538222822208 basic_session_run_hooks.py:692] global_step/sec: 2.99653
I0616 20:03:37.565406 140538222822208 run_model.py:84] Step 131000: Loss 0.124363
INFO:tensorflow:global_step/sec: 2.97526
I0616 20:04:11.175374 140538222822208 basic_session_run_hooks.py:692] global_step/sec: 2.97526
INFO:tensorflow:global_step/sec: 2.95898
I0616 20:04:44.970847 140538222822208 basic_session_run_hooks.py:692] global_step/sec: 2.95898
INFO:tensorflow:global_step/sec: 2.96394
I0616 20:05:18.709731 140538222822208 basic_session_run_hooks.py:692] global_step/sec: 2.96394
INFO:tensorflow:Saving checkpoints for 131342 into Data/flag_simple/mgn/checkpoint/model.ckpt.
I0616 20:05:32.562065 140538222822208 basic_session_run_hooks.py:606] Saving checkpoints for 131342 into Data/flag_simple/mgn/checkpoint/model.ckpt.
INFO:tensorflow:global_step/sec: 2.90486
I0616 20:05:53.134827 140538222822208 basic_session_run_hooks.py:692] global_step/sec: 2.90486
INFO:tensorflow:global_step/sec: 2.97956
I0616 20:06:26.696868 140538222822208 basic_session_run_hooks.py:692] global_step/sec: 2.97956
INFO:tensorflow:global_step/sec: 2.97444
I0616 20:07:00.316609 140538222822208 basic_session_run_hooks.py:692] global_step/sec: 2.97444
INFO:tensorflow:global_step/sec: 2.99437
I0616 20:07:33.712615 140538222822208 basic_session_run_hooks.py:692] global_step/sec: 2.99437
INFO:tensorflow:global_step/sec: 2.98895
I0616 20:08:07.169184 140538222822208 basic_session_run_hooks.py:692] global_step/sec: 2.98895
INFO:tensorflow:global_step/sec: 2.98297
I0616 20:08:40.692794 140538222822208 basic_session_run_hooks.py:692] global_step/sec: 2.98297
INFO:tensorflow:global_step/sec: 2.97478
I0616 20:09:14.308783 140538222822208 basic_session_run_hooks.py:692] global_step/sec: 2.97478
I0616 20:09:14.310037 140538222822208 run_model.py:84] Step 132000: Loss 0.387749
INFO:tensorflow:global_step/sec: 2.99466
I0616 20:09:47.701577 140538222822208 basic_session_run_hooks.py:692] global_step/sec: 2.99466
INFO:tensorflow:global_step/sec: 2.99749
I0616 20:10:21.062847 140538222822208 basic_session_run_hooks.py:692] global_step/sec: 2.99749
INFO:tensorflow:global_step/sec: 2.99697
I0616 20:10:54.429908 140538222822208 basic_session_run_hooks.py:692] global_step/sec: 2.99697
INFO:tensorflow:global_step/sec: 3.00488
I0616 20:11:27.709086 140538222822208 basic_session_run_hooks.py:692] global_step/sec: 3.00488
INFO:tensorflow:global_step/sec: 3.01556
I0616 20:12:00.870440 140538222822208 basic_session_run_hooks.py:692] global_step/sec: 3.01556
INFO:tensorflow:global_step/sec: 3.02766
I0616 20:12:33.899278 140538222822208 basic_session_run_hooks.py:692] global_step/sec: 3.02766
INFO:tensorflow:global_step/sec: 3.0615
I0616 20:13:06.562929 140538222822208 basic_session_run_hooks.py:692] global_step/sec: 3.0615
INFO:tensorflow:global_step/sec: 2.96918
I0616 20:13:40.242269 140538222822208 basic_session_run_hooks.py:692] global_step/sec: 2.96918
INFO:tensorflow:global_step/sec: 3.0372
I0616 20:14:13.167364 140538222822208 basic_session_run_hooks.py:692] global_step/sec: 3.0372
INFO:tensorflow:global_step/sec: 2.99723
I0616 20:14:46.531524 140538222822208 basic_session_run_hooks.py:692] global_step/sec: 2.99723
I0616 20:14:46.532020 140538222822208 run_model.py:84] Step 133000: Loss 0.338927
INFO:tensorflow:global_step/sec: 2.95691
I0616 20:15:20.350571 140538222822208 basic_session_run_hooks.py:692] global_step/sec: 2.95691
INFO:tensorflow:Saving checkpoints for 133138 into Data/flag_simple/mgn/checkpoint/model.ckpt.
I0616 20:15:32.595111 140538222822208 basic_session_run_hooks.py:606] Saving checkpoints for 133138 into Data/flag_simple/mgn/checkpoint/model.ckpt.
INFO:tensorflow:global_step/sec: 2.94443
I0616 20:15:54.313089 140538222822208 basic_session_run_hooks.py:692] global_step/sec: 2.94443
INFO:tensorflow:global_step/sec: 2.95013
I0616 20:16:28.209822 140538222822208 basic_session_run_hooks.py:692] global_step/sec: 2.95013
INFO:tensorflow:global_step/sec: 2.9803
I0616 20:17:01.763476 140538222822208 basic_session_run_hooks.py:692] global_step/sec: 2.9803
INFO:tensorflow:global_step/sec: 2.9988
I0616 20:17:35.110172 140538222822208 basic_session_run_hooks.py:692] global_step/sec: 2.9988
INFO:tensorflow:global_step/sec: 2.95264
I0616 20:18:08.978116 140538222822208 basic_session_run_hooks.py:692] global_step/sec: 2.95264
INFO:tensorflow:global_step/sec: 2.9688
I0616 20:18:42.661737 140538222822208 basic_session_run_hooks.py:692] global_step/sec: 2.9688
INFO:tensorflow:global_step/sec: 2.98568
I0616 20:19:16.154926 140538222822208 basic_session_run_hooks.py:692] global_step/sec: 2.98568
INFO:tensorflow:global_step/sec: 3.01386
I0616 20:19:49.334943 140538222822208 basic_session_run_hooks.py:692] global_step/sec: 3.01386
INFO:tensorflow:global_step/sec: 2.99799
I0616 20:20:22.690635 140538222822208 basic_session_run_hooks.py:692] global_step/sec: 2.99799
I0616 20:20:22.691916 140538222822208 run_model.py:84] Step 134000: Loss 0.359765
INFO:tensorflow:global_step/sec: 3.01665
I0616 20:20:55.840026 140538222822208 basic_session_run_hooks.py:692] global_step/sec: 3.01665
INFO:tensorflow:global_step/sec: 3.00943
I0616 20:21:29.068871 140538222822208 basic_session_run_hooks.py:692] global_step/sec: 3.00943
INFO:tensorflow:global_step/sec: 3.00923
I0616 20:22:02.300008 140538222822208 basic_session_run_hooks.py:692] global_step/sec: 3.00923
INFO:tensorflow:global_step/sec: 2.98631
I0616 20:22:35.786097 140538222822208 basic_session_run_hooks.py:692] global_step/sec: 2.98631
INFO:tensorflow:global_step/sec: 2.96807
I0616 20:23:09.478004 140538222822208 basic_session_run_hooks.py:692] global_step/sec: 2.96807
INFO:tensorflow:global_step/sec: 3.01497
I0616 20:23:42.645837 140538222822208 basic_session_run_hooks.py:692] global_step/sec: 3.01497
INFO:tensorflow:global_step/sec: 3.00403
I0616 20:24:15.934490 140538222822208 basic_session_run_hooks.py:692] global_step/sec: 3.00403
INFO:tensorflow:global_step/sec: 2.97238
I0616 20:24:49.577517 140538222822208 basic_session_run_hooks.py:692] global_step/sec: 2.97238
INFO:tensorflow:global_step/sec: 2.96434
I0616 20:25:23.311844 140538222822208 basic_session_run_hooks.py:692] global_step/sec: 2.96434
INFO:tensorflow:Saving checkpoints for 134929 into Data/flag_simple/mgn/checkpoint/model.ckpt.
I0616 20:25:32.655825 140538222822208 basic_session_run_hooks.py:606] Saving checkpoints for 134929 into Data/flag_simple/mgn/checkpoint/model.ckpt.
INFO:tensorflow:global_step/sec: 2.94243
I0616 20:25:57.297351 140538222822208 basic_session_run_hooks.py:692] global_step/sec: 2.94243
I0616 20:25:57.297868 140538222822208 run_model.py:84] Step 135000: Loss 0.282362
INFO:tensorflow:global_step/sec: 3.00277
I0616 20:26:30.599961 140538222822208 basic_session_run_hooks.py:692] global_step/sec: 3.00277
INFO:tensorflow:global_step/sec: 2.9709
I0616 20:27:04.259733 140538222822208 basic_session_run_hooks.py:692] global_step/sec: 2.9709
INFO:tensorflow:global_step/sec: 3.00353
I0616 20:27:37.553856 140538222822208 basic_session_run_hooks.py:692] global_step/sec: 3.00353
INFO:tensorflow:global_step/sec: 2.99212
I0616 20:28:10.975004 140538222822208 basic_session_run_hooks.py:692] global_step/sec: 2.99212
INFO:tensorflow:global_step/sec: 2.95318
I0616 20:28:44.836795 140538222822208 basic_session_run_hooks.py:692] global_step/sec: 2.95318
INFO:tensorflow:global_step/sec: 2.99266
I0616 20:29:18.251872 140538222822208 basic_session_run_hooks.py:692] global_step/sec: 2.99266
INFO:tensorflow:global_step/sec: 2.97634
I0616 20:29:51.850145 140538222822208 basic_session_run_hooks.py:692] global_step/sec: 2.97634
INFO:tensorflow:global_step/sec: 2.98422
I0616 20:30:25.359796 140538222822208 basic_session_run_hooks.py:692] global_step/sec: 2.98422
INFO:tensorflow:global_step/sec: 3.01036
I0616 20:30:58.578409 140538222822208 basic_session_run_hooks.py:692] global_step/sec: 3.01036
INFO:tensorflow:global_step/sec: 3.04242
I0616 20:31:31.446993 140538222822208 basic_session_run_hooks.py:692] global_step/sec: 3.04242
I0616 20:31:31.447993 140538222822208 run_model.py:84] Step 136000: Loss 0.248363
INFO:tensorflow:global_step/sec: 3.03746
I0616 20:32:04.369280 140538222822208 basic_session_run_hooks.py:692] global_step/sec: 3.03746
INFO:tensorflow:global_step/sec: 2.98806
I0616 20:32:37.835794 140538222822208 basic_session_run_hooks.py:692] global_step/sec: 2.98806
INFO:tensorflow:global_step/sec: 3.01476
I0616 20:33:11.005860 140538222822208 basic_session_run_hooks.py:692] global_step/sec: 3.01476
INFO:tensorflow:global_step/sec: 3.03946
I0616 20:33:43.906468 140538222822208 basic_session_run_hooks.py:692] global_step/sec: 3.03946
INFO:tensorflow:global_step/sec: 3.04606
I0616 20:34:16.735743 140538222822208 basic_session_run_hooks.py:692] global_step/sec: 3.04606
INFO:tensorflow:global_step/sec: 3.06421
I0616 20:34:49.370573 140538222822208 basic_session_run_hooks.py:692] global_step/sec: 3.06421
INFO:tensorflow:global_step/sec: 3.02204
I0616 20:35:22.460808 140538222822208 basic_session_run_hooks.py:692] global_step/sec: 3.02204
INFO:tensorflow:Saving checkpoints for 136732 into Data/flag_simple/mgn/checkpoint/model.ckpt.
I0616 20:35:32.696729 140538222822208 basic_session_run_hooks.py:606] Saving checkpoints for 136732 into Data/flag_simple/mgn/checkpoint/model.ckpt.
INFO:tensorflow:global_step/sec: 2.95431
I0616 20:35:56.309600 140538222822208 basic_session_run_hooks.py:692] global_step/sec: 2.95431
INFO:tensorflow:global_step/sec: 3.02625
I0616 20:36:29.353804 140538222822208 basic_session_run_hooks.py:692] global_step/sec: 3.02625
INFO:tensorflow:global_step/sec: 3.01755
I0616 20:37:02.493198 140538222822208 basic_session_run_hooks.py:692] global_step/sec: 3.01755
I0616 20:37:02.493737 140538222822208 run_model.py:84] Step 137000: Loss 0.467064
INFO:tensorflow:global_step/sec: 2.99693
I0616 20:37:35.860665 140538222822208 basic_session_run_hooks.py:692] global_step/sec: 2.99693
INFO:tensorflow:global_step/sec: 3.00817
I0616 20:38:09.103520 140538222822208 basic_session_run_hooks.py:692] global_step/sec: 3.00817
INFO:tensorflow:global_step/sec: 2.99562
I0616 20:38:42.485577 140538222822208 basic_session_run_hooks.py:692] global_step/sec: 2.99562
INFO:tensorflow:global_step/sec: 3.00223
I0616 20:39:15.794110 140538222822208 basic_session_run_hooks.py:692] global_step/sec: 3.00223
INFO:tensorflow:global_step/sec: 3.00869
I0616 20:39:49.031207 140538222822208 basic_session_run_hooks.py:692] global_step/sec: 3.00869
INFO:tensorflow:global_step/sec: 3.02989
I0616 20:40:22.035671 140538222822208 basic_session_run_hooks.py:692] global_step/sec: 3.02989
INFO:tensorflow:global_step/sec: 3.01973
I0616 20:40:55.151208 140538222822208 basic_session_run_hooks.py:692] global_step/sec: 3.01973
INFO:tensorflow:global_step/sec: 3.01708
I0616 20:41:28.295845 140538222822208 basic_session_run_hooks.py:692] global_step/sec: 3.01708
INFO:tensorflow:global_step/sec: 3.02155
I0616 20:42:01.391452 140538222822208 basic_session_run_hooks.py:692] global_step/sec: 3.02155
INFO:tensorflow:global_step/sec: 3.05604
I0616 20:42:34.113569 140538222822208 basic_session_run_hooks.py:692] global_step/sec: 3.05604
I0616 20:42:34.114778 140538222822208 run_model.py:84] Step 138000: Loss 0.428264
INFO:tensorflow:global_step/sec: 3.05818
I0616 20:43:06.812765 140538222822208 basic_session_run_hooks.py:692] global_step/sec: 3.05818
INFO:tensorflow:global_step/sec: 3.04489
I0616 20:43:39.654660 140538222822208 basic_session_run_hooks.py:692] global_step/sec: 3.04489
INFO:tensorflow:global_step/sec: 2.98936
I0616 20:44:13.106651 140538222822208 basic_session_run_hooks.py:692] global_step/sec: 2.98936
INFO:tensorflow:global_step/sec: 3.00982
I0616 20:44:46.331201 140538222822208 basic_session_run_hooks.py:692] global_step/sec: 3.00982
INFO:tensorflow:global_step/sec: 3.02304
I0616 20:45:19.410498 140538222822208 basic_session_run_hooks.py:692] global_step/sec: 3.02304
INFO:tensorflow:Saving checkpoints for 138542 into Data/flag_simple/mgn/checkpoint/model.ckpt.
I0616 20:45:32.998325 140538222822208 basic_session_run_hooks.py:606] Saving checkpoints for 138542 into Data/flag_simple/mgn/checkpoint/model.ckpt.
INFO:tensorflow:global_step/sec: 2.96348
I0616 20:45:53.154657 140538222822208 basic_session_run_hooks.py:692] global_step/sec: 2.96348
INFO:tensorflow:global_step/sec: 3.02151
I0616 20:46:26.250645 140538222822208 basic_session_run_hooks.py:692] global_step/sec: 3.02151
INFO:tensorflow:global_step/sec: 2.97129
I0616 20:46:59.906123 140538222822208 basic_session_run_hooks.py:692] global_step/sec: 2.97129
INFO:tensorflow:global_step/sec: 2.97477
I0616 20:47:33.522206 140538222822208 basic_session_run_hooks.py:692] global_step/sec: 2.97477
INFO:tensorflow:global_step/sec: 3.00723
I0616 20:48:06.775433 140538222822208 basic_session_run_hooks.py:692] global_step/sec: 3.00723
I0616 20:48:06.775947 140538222822208 run_model.py:84] Step 139000: Loss 0.354847
INFO:tensorflow:global_step/sec: 3.01816
I0616 20:48:39.908256 140538222822208 basic_session_run_hooks.py:692] global_step/sec: 3.01816
INFO:tensorflow:global_step/sec: 2.98742
I0616 20:49:13.382033 140538222822208 basic_session_run_hooks.py:692] global_step/sec: 2.98742
INFO:tensorflow:global_step/sec: 3.00012
I0616 20:49:46.714011 140538222822208 basic_session_run_hooks.py:692] global_step/sec: 3.00012
INFO:tensorflow:global_step/sec: 3.01719
I0616 20:50:19.857487 140538222822208 basic_session_run_hooks.py:692] global_step/sec: 3.01719
INFO:tensorflow:global_step/sec: 3.01515
I0616 20:50:53.023339 140538222822208 basic_session_run_hooks.py:692] global_step/sec: 3.01515
INFO:tensorflow:global_step/sec: 3.05966
I0616 20:51:25.706692 140538222822208 basic_session_run_hooks.py:692] global_step/sec: 3.05966
INFO:tensorflow:global_step/sec: 3.04738
I0616 20:51:58.521769 140538222822208 basic_session_run_hooks.py:692] global_step/sec: 3.04738
INFO:tensorflow:global_step/sec: 3.0209
I0616 20:52:31.624445 140538222822208 basic_session_run_hooks.py:692] global_step/sec: 3.0209
INFO:tensorflow:global_step/sec: 3.04817
I0616 20:53:04.431052 140538222822208 basic_session_run_hooks.py:692] global_step/sec: 3.04817
INFO:tensorflow:global_step/sec: 2.97956
I0616 20:53:37.993028 140538222822208 basic_session_run_hooks.py:692] global_step/sec: 2.97956
I0616 20:53:37.994740 140538222822208 run_model.py:84] Step 140000: Loss 0.627639
INFO:tensorflow:global_step/sec: 2.98742
I0616 20:54:11.466718 140538222822208 basic_session_run_hooks.py:692] global_step/sec: 2.98742
INFO:tensorflow:global_step/sec: 3.00014
I0616 20:54:44.798528 140538222822208 basic_session_run_hooks.py:692] global_step/sec: 3.00014
INFO:tensorflow:global_step/sec: 3.00978
I0616 20:55:18.023569 140538222822208 basic_session_run_hooks.py:692] global_step/sec: 3.00978
INFO:tensorflow:Saving checkpoints for 140347 into Data/flag_simple/mgn/checkpoint/model.ckpt.
I0616 20:55:33.140949 140538222822208 basic_session_run_hooks.py:606] Saving checkpoints for 140347 into Data/flag_simple/mgn/checkpoint/model.ckpt.
INFO:tensorflow:global_step/sec: 2.96298
I0616 20:55:51.773393 140538222822208 basic_session_run_hooks.py:692] global_step/sec: 2.96298
INFO:tensorflow:global_step/sec: 3.01499
I0616 20:56:24.941066 140538222822208 basic_session_run_hooks.py:692] global_step/sec: 3.01499
INFO:tensorflow:global_step/sec: 3.03755
I0616 20:56:57.862336 140538222822208 basic_session_run_hooks.py:692] global_step/sec: 3.03755
INFO:tensorflow:global_step/sec: 2.99672
I0616 20:57:31.232151 140538222822208 basic_session_run_hooks.py:692] global_step/sec: 2.99672
INFO:tensorflow:global_step/sec: 3.025
I0616 20:58:04.290011 140538222822208 basic_session_run_hooks.py:692] global_step/sec: 3.025
INFO:tensorflow:global_step/sec: 3.01258
I0616 20:58:37.484115 140538222822208 basic_session_run_hooks.py:692] global_step/sec: 3.01258
INFO:tensorflow:global_step/sec: 3.02645
I0616 20:59:10.526095 140538222822208 basic_session_run_hooks.py:692] global_step/sec: 3.02645
I0616 20:59:10.526622 140538222822208 run_model.py:84] Step 141000: Loss 0.197887
INFO:tensorflow:global_step/sec: 3.01734
I0616 20:59:43.667818 140538222822208 basic_session_run_hooks.py:692] global_step/sec: 3.01734
INFO:tensorflow:global_step/sec: 3.04818
I0616 21:00:16.474265 140538222822208 basic_session_run_hooks.py:692] global_step/sec: 3.04818
INFO:tensorflow:global_step/sec: 3.06921
I0616 21:00:49.055930 140538222822208 basic_session_run_hooks.py:692] global_step/sec: 3.06921
INFO:tensorflow:global_step/sec: 3.03301
I0616 21:01:22.026512 140538222822208 basic_session_run_hooks.py:692] global_step/sec: 3.03301
INFO:tensorflow:global_step/sec: 3.06884
I0616 21:01:54.612132 140538222822208 basic_session_run_hooks.py:692] global_step/sec: 3.06884
INFO:tensorflow:global_step/sec: 3.04551
I0616 21:02:27.447292 140538222822208 basic_session_run_hooks.py:692] global_step/sec: 3.04551
INFO:tensorflow:global_step/sec: 3.00943
I0616 21:03:00.676229 140538222822208 basic_session_run_hooks.py:692] global_step/sec: 3.00943
INFO:tensorflow:global_step/sec: 3.0223
I0616 21:03:33.763568 140538222822208 basic_session_run_hooks.py:692] global_step/sec: 3.0223
INFO:tensorflow:global_step/sec: 2.95554
I0616 21:04:07.598367 140538222822208 basic_session_run_hooks.py:692] global_step/sec: 2.95554
INFO:tensorflow:global_step/sec: 2.98533
I0616 21:04:41.095455 140538222822208 basic_session_run_hooks.py:692] global_step/sec: 2.98533
I0616 21:04:41.097135 140538222822208 run_model.py:84] Step 142000: Loss 0.246865
INFO:tensorflow:global_step/sec: 2.99683
I0616 21:05:14.464070 140538222822208 basic_session_run_hooks.py:692] global_step/sec: 2.99683
INFO:tensorflow:Saving checkpoints for 142157 into Data/flag_simple/mgn/checkpoint/model.ckpt.
I0616 21:05:33.175496 140538222822208 basic_session_run_hooks.py:606] Saving checkpoints for 142157 into Data/flag_simple/mgn/checkpoint/model.ckpt.
INFO:tensorflow:global_step/sec: 2.94263
I0616 21:05:48.447287 140538222822208 basic_session_run_hooks.py:692] global_step/sec: 2.94263
INFO:tensorflow:global_step/sec: 2.98011
I0616 21:06:22.003087 140538222822208 basic_session_run_hooks.py:692] global_step/sec: 2.98011
INFO:tensorflow:global_step/sec: 2.97624
I0616 21:06:55.602496 140538222822208 basic_session_run_hooks.py:692] global_step/sec: 2.97624
INFO:tensorflow:global_step/sec: 3.0388
I0616 21:07:28.510206 140538222822208 basic_session_run_hooks.py:692] global_step/sec: 3.0388
INFO:tensorflow:global_step/sec: 3.01105
I0616 21:08:01.721173 140538222822208 basic_session_run_hooks.py:692] global_step/sec: 3.01105
INFO:tensorflow:global_step/sec: 3.04309
I0616 21:08:34.582484 140538222822208 basic_session_run_hooks.py:692] global_step/sec: 3.04309
INFO:tensorflow:global_step/sec: 3.00529
I0616 21:09:07.857127 140538222822208 basic_session_run_hooks.py:692] global_step/sec: 3.00529
INFO:tensorflow:global_step/sec: 3.00105
I0616 21:09:41.178838 140538222822208 basic_session_run_hooks.py:692] global_step/sec: 3.00105
INFO:tensorflow:global_step/sec: 2.99403
I0616 21:10:14.578583 140538222822208 basic_session_run_hooks.py:692] global_step/sec: 2.99403
I0616 21:10:14.579095 140538222822208 run_model.py:84] Step 143000: Loss 0.196251
INFO:tensorflow:global_step/sec: 3.02623
I0616 21:10:47.623065 140538222822208 basic_session_run_hooks.py:692] global_step/sec: 3.02623
INFO:tensorflow:global_step/sec: 2.96616
I0616 21:11:21.336623 140538222822208 basic_session_run_hooks.py:692] global_step/sec: 2.96616
INFO:tensorflow:global_step/sec: 2.98883
I0616 21:11:54.794563 140538222822208 basic_session_run_hooks.py:692] global_step/sec: 2.98883
INFO:tensorflow:global_step/sec: 3.02397
I0616 21:12:27.863688 140538222822208 basic_session_run_hooks.py:692] global_step/sec: 3.02397
INFO:tensorflow:global_step/sec: 2.97266
I0616 21:13:01.503594 140538222822208 basic_session_run_hooks.py:692] global_step/sec: 2.97266
INFO:tensorflow:global_step/sec: 2.97094
I0616 21:13:35.162955 140538222822208 basic_session_run_hooks.py:692] global_step/sec: 2.97094
INFO:tensorflow:global_step/sec: 3.00933
I0616 21:14:08.392975 140538222822208 basic_session_run_hooks.py:692] global_step/sec: 3.00933
INFO:tensorflow:global_step/sec: 3.01575
I0616 21:14:41.552217 140538222822208 basic_session_run_hooks.py:692] global_step/sec: 3.01575
INFO:tensorflow:global_step/sec: 3.0101
I0616 21:15:14.773628 140538222822208 basic_session_run_hooks.py:692] global_step/sec: 3.0101
INFO:tensorflow:Saving checkpoints for 143957 into Data/flag_simple/mgn/checkpoint/model.ckpt.
I0616 21:15:33.380896 140538222822208 basic_session_run_hooks.py:606] Saving checkpoints for 143957 into Data/flag_simple/mgn/checkpoint/model.ckpt.
INFO:tensorflow:global_step/sec: 2.95077
I0616 21:15:48.663132 140538222822208 basic_session_run_hooks.py:692] global_step/sec: 2.95077
I0616 21:15:48.663692 140538222822208 run_model.py:84] Step 144000: Loss 0.233211
INFO:tensorflow:global_step/sec: 3.00486
I0616 21:16:21.942533 140538222822208 basic_session_run_hooks.py:692] global_step/sec: 3.00486
INFO:tensorflow:global_step/sec: 3.06054
I0616 21:16:54.616433 140538222822208 basic_session_run_hooks.py:692] global_step/sec: 3.06054
INFO:tensorflow:global_step/sec: 3.04258
I0616 21:17:27.483270 140538222822208 basic_session_run_hooks.py:692] global_step/sec: 3.04258
INFO:tensorflow:global_step/sec: 2.98623
I0616 21:18:00.970255 140538222822208 basic_session_run_hooks.py:692] global_step/sec: 2.98623
INFO:tensorflow:global_step/sec: 2.99062
I0616 21:18:34.408170 140538222822208 basic_session_run_hooks.py:692] global_step/sec: 2.99062
INFO:tensorflow:global_step/sec: 2.98471
I0616 21:19:07.912338 140538222822208 basic_session_run_hooks.py:692] global_step/sec: 2.98471
INFO:tensorflow:global_step/sec: 2.9821
I0616 21:19:41.445774 140538222822208 basic_session_run_hooks.py:692] global_step/sec: 2.9821
INFO:tensorflow:global_step/sec: 2.98582
I0616 21:20:14.937428 140538222822208 basic_session_run_hooks.py:692] global_step/sec: 2.98582
INFO:tensorflow:global_step/sec: 3.02896
I0616 21:20:47.952090 140538222822208 basic_session_run_hooks.py:692] global_step/sec: 3.02896
INFO:tensorflow:global_step/sec: 2.99826
I0616 21:21:21.304808 140538222822208 basic_session_run_hooks.py:692] global_step/sec: 2.99826
I0616 21:21:21.305314 140538222822208 run_model.py:84] Step 145000: Loss 0.2573
INFO:tensorflow:global_step/sec: 3.00643
I0616 21:21:54.566849 140538222822208 basic_session_run_hooks.py:692] global_step/sec: 3.00643
INFO:tensorflow:global_step/sec: 2.95223
I0616 21:22:28.439528 140538222822208 basic_session_run_hooks.py:692] global_step/sec: 2.95223
INFO:tensorflow:global_step/sec: 2.99419
I0616 21:23:01.837561 140538222822208 basic_session_run_hooks.py:692] global_step/sec: 2.99419
INFO:tensorflow:global_step/sec: 2.95728
I0616 21:23:35.652403 140538222822208 basic_session_run_hooks.py:692] global_step/sec: 2.95728
INFO:tensorflow:global_step/sec: 2.97256
I0616 21:24:09.293474 140538222822208 basic_session_run_hooks.py:692] global_step/sec: 2.97256
INFO:tensorflow:global_step/sec: 2.99235
I0616 21:24:42.712057 140538222822208 basic_session_run_hooks.py:692] global_step/sec: 2.99235
INFO:tensorflow:global_step/sec: 2.98425
I0616 21:25:16.221266 140538222822208 basic_session_run_hooks.py:692] global_step/sec: 2.98425
INFO:tensorflow:Saving checkpoints for 145752 into Data/flag_simple/mgn/checkpoint/model.ckpt.
I0616 21:25:33.675215 140538222822208 basic_session_run_hooks.py:606] Saving checkpoints for 145752 into Data/flag_simple/mgn/checkpoint/model.ckpt.
INFO:tensorflow:global_step/sec: 2.88693
I0616 21:25:50.860180 140538222822208 basic_session_run_hooks.py:692] global_step/sec: 2.88693
INFO:tensorflow:global_step/sec: 3.0052
I0616 21:26:24.135823 140538222822208 basic_session_run_hooks.py:692] global_step/sec: 3.0052
INFO:tensorflow:global_step/sec: 2.98002
I0616 21:26:57.692760 140538222822208 basic_session_run_hooks.py:692] global_step/sec: 2.98002
I0616 21:26:57.694628 140538222822208 run_model.py:84] Step 146000: Loss 0.175076
INFO:tensorflow:global_step/sec: 2.98782
I0616 21:27:31.161967 140538222822208 basic_session_run_hooks.py:692] global_step/sec: 2.98782
INFO:tensorflow:global_step/sec: 2.98784
I0616 21:28:04.630906 140538222822208 basic_session_run_hooks.py:692] global_step/sec: 2.98784
INFO:tensorflow:global_step/sec: 3.02261
I0616 21:28:37.714944 140538222822208 basic_session_run_hooks.py:692] global_step/sec: 3.02261
INFO:tensorflow:global_step/sec: 3.01215
I0616 21:29:10.913805 140538222822208 basic_session_run_hooks.py:692] global_step/sec: 3.01215
INFO:tensorflow:global_step/sec: 2.99902
I0616 21:29:44.258049 140538222822208 basic_session_run_hooks.py:692] global_step/sec: 2.99902
INFO:tensorflow:global_step/sec: 2.99827
I0616 21:30:17.610602 140538222822208 basic_session_run_hooks.py:692] global_step/sec: 2.99827
INFO:tensorflow:global_step/sec: 2.98247
I0616 21:30:51.139895 140538222822208 basic_session_run_hooks.py:692] global_step/sec: 2.98247
INFO:tensorflow:global_step/sec: 2.99631
I0616 21:31:24.514325 140538222822208 basic_session_run_hooks.py:692] global_step/sec: 2.99631
INFO:tensorflow:global_step/sec: 2.95313
I0616 21:31:58.376755 140538222822208 basic_session_run_hooks.py:692] global_step/sec: 2.95313
INFO:tensorflow:global_step/sec: 3.0191
I0616 21:32:31.499169 140538222822208 basic_session_run_hooks.py:692] global_step/sec: 3.0191
I0616 21:32:31.499670 140538222822208 run_model.py:84] Step 147000: Loss 0.0776589
INFO:tensorflow:global_step/sec: 2.99515
I0616 21:33:04.886459 140538222822208 basic_session_run_hooks.py:692] global_step/sec: 2.99515
INFO:tensorflow:global_step/sec: 2.98076
I0616 21:33:38.434893 140538222822208 basic_session_run_hooks.py:692] global_step/sec: 2.98076
INFO:tensorflow:global_step/sec: 2.93815
I0616 21:34:12.469891 140538222822208 basic_session_run_hooks.py:692] global_step/sec: 2.93815
INFO:tensorflow:global_step/sec: 2.98874
I0616 21:34:45.928800 140538222822208 basic_session_run_hooks.py:692] global_step/sec: 2.98874
INFO:tensorflow:global_step/sec: 2.96413
I0616 21:35:19.665498 140538222822208 basic_session_run_hooks.py:692] global_step/sec: 2.96413
INFO:tensorflow:Saving checkpoints for 147542 into Data/flag_simple/mgn/checkpoint/model.ckpt.
I0616 21:35:33.701530 140538222822208 basic_session_run_hooks.py:606] Saving checkpoints for 147542 into Data/flag_simple/mgn/checkpoint/model.ckpt.
INFO:tensorflow:global_step/sec: 2.87797
I0616 21:35:54.412224 140538222822208 basic_session_run_hooks.py:692] global_step/sec: 2.87797
INFO:tensorflow:global_step/sec: 2.98364
I0616 21:36:27.928410 140538222822208 basic_session_run_hooks.py:692] global_step/sec: 2.98364
INFO:tensorflow:global_step/sec: 2.97711
I0616 21:37:01.517996 140538222822208 basic_session_run_hooks.py:692] global_step/sec: 2.97711
INFO:tensorflow:global_step/sec: 3.01091
I0616 21:37:34.730502 140538222822208 basic_session_run_hooks.py:692] global_step/sec: 3.01091
INFO:tensorflow:global_step/sec: 3.03777
I0616 21:38:07.649396 140538222822208 basic_session_run_hooks.py:692] global_step/sec: 3.03777
I0616 21:38:07.650588 140538222822208 run_model.py:84] Step 148000: Loss 0.392318
INFO:tensorflow:global_step/sec: 3.00496
I0616 21:38:40.927667 140538222822208 basic_session_run_hooks.py:692] global_step/sec: 3.00496
INFO:tensorflow:global_step/sec: 2.9865
I0616 21:39:14.411640 140538222822208 basic_session_run_hooks.py:692] global_step/sec: 2.9865
INFO:tensorflow:global_step/sec: 3.04466
I0616 21:39:47.256041 140538222822208 basic_session_run_hooks.py:692] global_step/sec: 3.04466
INFO:tensorflow:global_step/sec: 3.05684
I0616 21:40:19.969522 140538222822208 basic_session_run_hooks.py:692] global_step/sec: 3.05684
INFO:tensorflow:global_step/sec: 3.04795
I0616 21:40:52.778473 140538222822208 basic_session_run_hooks.py:692] global_step/sec: 3.04795
INFO:tensorflow:global_step/sec: 3.06385
I0616 21:41:25.417182 140538222822208 basic_session_run_hooks.py:692] global_step/sec: 3.06385
INFO:tensorflow:global_step/sec: 3.06596
I0616 21:41:58.033353 140538222822208 basic_session_run_hooks.py:692] global_step/sec: 3.06596
INFO:tensorflow:global_step/sec: 3.04416
I0616 21:42:30.883089 140538222822208 basic_session_run_hooks.py:692] global_step/sec: 3.04416
INFO:tensorflow:global_step/sec: 3.01603
I0616 21:43:04.039302 140538222822208 basic_session_run_hooks.py:692] global_step/sec: 3.01603
INFO:tensorflow:global_step/sec: 3.03988
I0616 21:43:36.935331 140538222822208 basic_session_run_hooks.py:692] global_step/sec: 3.03988
I0616 21:43:36.935837 140538222822208 run_model.py:84] Step 149000: Loss 0.447444
INFO:tensorflow:global_step/sec: 3.00204
I0616 21:44:10.246021 140538222822208 basic_session_run_hooks.py:692] global_step/sec: 3.00204
INFO:tensorflow:global_step/sec: 2.96513
I0616 21:44:43.971356 140538222822208 basic_session_run_hooks.py:692] global_step/sec: 2.96513
INFO:tensorflow:global_step/sec: 2.99544
I0616 21:45:17.355423 140538222822208 basic_session_run_hooks.py:692] global_step/sec: 2.99544
INFO:tensorflow:Saving checkpoints for 149351 into Data/flag_simple/mgn/checkpoint/model.ckpt.
I0616 21:45:33.988609 140538222822208 basic_session_run_hooks.py:606] Saving checkpoints for 149351 into Data/flag_simple/mgn/checkpoint/model.ckpt.
INFO:tensorflow:global_step/sec: 2.93468
I0616 21:45:51.430669 140538222822208 basic_session_run_hooks.py:692] global_step/sec: 2.93468
INFO:tensorflow:global_step/sec: 3.01722
I0616 21:46:24.573756 140538222822208 basic_session_run_hooks.py:692] global_step/sec: 3.01722
INFO:tensorflow:global_step/sec: 3.03939
I0616 21:46:57.475062 140538222822208 basic_session_run_hooks.py:692] global_step/sec: 3.03939
INFO:tensorflow:global_step/sec: 3.04169
I0616 21:47:30.351549 140538222822208 basic_session_run_hooks.py:692] global_step/sec: 3.04169
INFO:tensorflow:global_step/sec: 2.99315
I0616 21:48:03.761182 140538222822208 basic_session_run_hooks.py:692] global_step/sec: 2.99315
INFO:tensorflow:global_step/sec: 3.00604
I0616 21:48:37.027549 140538222822208 basic_session_run_hooks.py:692] global_step/sec: 3.00604
INFO:tensorflow:global_step/sec: 3.01924
I0616 21:49:10.148506 140538222822208 basic_session_run_hooks.py:692] global_step/sec: 3.01924
I0616 21:49:10.149715 140538222822208 run_model.py:84] Step 150000: Loss 0.294155
INFO:tensorflow:global_step/sec: 3.03137
I0616 21:49:43.136900 140538222822208 basic_session_run_hooks.py:692] global_step/sec: 3.03137
INFO:tensorflow:global_step/sec: 3.06581
I0616 21:50:15.754713 140538222822208 basic_session_run_hooks.py:692] global_step/sec: 3.06581
INFO:tensorflow:global_step/sec: 3.00406
I0616 21:50:49.042978 140538222822208 basic_session_run_hooks.py:692] global_step/sec: 3.00406
INFO:tensorflow:global_step/sec: 3.06185
I0616 21:51:21.702991 140538222822208 basic_session_run_hooks.py:692] global_step/sec: 3.06185
INFO:tensorflow:global_step/sec: 3.04111
I0616 21:51:54.585772 140538222822208 basic_session_run_hooks.py:692] global_step/sec: 3.04111
INFO:tensorflow:global_step/sec: 3.01406
I0616 21:52:27.763603 140538222822208 basic_session_run_hooks.py:692] global_step/sec: 3.01406
INFO:tensorflow:global_step/sec: 3.03307
I0616 21:53:00.733461 140538222822208 basic_session_run_hooks.py:692] global_step/sec: 3.03307
INFO:tensorflow:global_step/sec: 2.99276
I0616 21:53:34.147412 140538222822208 basic_session_run_hooks.py:692] global_step/sec: 2.99276
INFO:tensorflow:global_step/sec: 3.01651
I0616 21:54:07.298321 140538222822208 basic_session_run_hooks.py:692] global_step/sec: 3.01651
INFO:tensorflow:global_step/sec: 3.01355
I0616 21:54:40.481723 140538222822208 basic_session_run_hooks.py:692] global_step/sec: 3.01355
I0616 21:54:40.482239 140538222822208 run_model.py:84] Step 151000: Loss 0.263834
INFO:tensorflow:global_step/sec: 3.01083
I0616 21:55:13.695157 140538222822208 basic_session_run_hooks.py:692] global_step/sec: 3.01083
INFO:tensorflow:Saving checkpoints for 151163 into Data/flag_simple/mgn/checkpoint/model.ckpt.
I0616 21:55:34.129726 140538222822208 basic_session_run_hooks.py:606] Saving checkpoints for 151163 into Data/flag_simple/mgn/checkpoint/model.ckpt.
INFO:tensorflow:global_step/sec: 2.97048
I0616 21:55:47.359787 140538222822208 basic_session_run_hooks.py:692] global_step/sec: 2.97048
INFO:tensorflow:global_step/sec: 3.06178
I0616 21:56:20.020491 140538222822208 basic_session_run_hooks.py:692] global_step/sec: 3.06178
INFO:tensorflow:global_step/sec: 3.01503
I0616 21:56:53.187626 140538222822208 basic_session_run_hooks.py:692] global_step/sec: 3.01503
INFO:tensorflow:global_step/sec: 2.99596
I0616 21:57:26.565910 140538222822208 basic_session_run_hooks.py:692] global_step/sec: 2.99596
INFO:tensorflow:global_step/sec: 2.99043
I0616 21:58:00.005959 140538222822208 basic_session_run_hooks.py:692] global_step/sec: 2.99043
INFO:tensorflow:global_step/sec: 2.982
I0616 21:58:33.540507 140538222822208 basic_session_run_hooks.py:692] global_step/sec: 2.982
INFO:tensorflow:global_step/sec: 3.00468
I0616 21:59:06.821929 140538222822208 basic_session_run_hooks.py:692] global_step/sec: 3.00468
INFO:tensorflow:global_step/sec: 2.96043
I0616 21:59:40.600791 140538222822208 basic_session_run_hooks.py:692] global_step/sec: 2.96043
INFO:tensorflow:global_step/sec: 2.95218
I0616 22:00:14.474060 140538222822208 basic_session_run_hooks.py:692] global_step/sec: 2.95218
I0616 22:00:14.475272 140538222822208 run_model.py:84] Step 152000: Loss 0.390024
INFO:tensorflow:global_step/sec: 2.9894
I0616 22:00:47.925603 140538222822208 basic_session_run_hooks.py:692] global_step/sec: 2.9894
INFO:tensorflow:global_step/sec: 2.98751
I0616 22:01:21.398342 140538222822208 basic_session_run_hooks.py:692] global_step/sec: 2.98751
INFO:tensorflow:global_step/sec: 3.00806
I0616 22:01:54.642388 140538222822208 basic_session_run_hooks.py:692] global_step/sec: 3.00806
INFO:tensorflow:global_step/sec: 3.0022
I0616 22:02:27.951296 140538222822208 basic_session_run_hooks.py:692] global_step/sec: 3.0022
INFO:tensorflow:global_step/sec: 2.97225
I0616 22:03:01.595848 140538222822208 basic_session_run_hooks.py:692] global_step/sec: 2.97225
INFO:tensorflow:global_step/sec: 2.94593
I0616 22:03:35.541030 140538222822208 basic_session_run_hooks.py:692] global_step/sec: 2.94593
INFO:tensorflow:global_step/sec: 3.03448
I0616 22:04:08.495627 140538222822208 basic_session_run_hooks.py:692] global_step/sec: 3.03448
INFO:tensorflow:global_step/sec: 3.03578
I0616 22:04:41.436070 140538222822208 basic_session_run_hooks.py:692] global_step/sec: 3.03578
INFO:tensorflow:global_step/sec: 3.08011
I0616 22:05:13.902428 140538222822208 basic_session_run_hooks.py:692] global_step/sec: 3.08011
INFO:tensorflow:Saving checkpoints for 152963 into Data/flag_simple/mgn/checkpoint/model.ckpt.
I0616 22:05:34.270744 140538222822208 basic_session_run_hooks.py:606] Saving checkpoints for 152963 into Data/flag_simple/mgn/checkpoint/model.ckpt.
INFO:tensorflow:global_step/sec: 2.97636
I0616 22:05:47.500516 140538222822208 basic_session_run_hooks.py:692] global_step/sec: 2.97636
I0616 22:05:47.501037 140538222822208 run_model.py:84] Step 153000: Loss 0.325653
INFO:tensorflow:global_step/sec: 3.01397
I0616 22:06:20.679313 140538222822208 basic_session_run_hooks.py:692] global_step/sec: 3.01397
INFO:tensorflow:global_step/sec: 3.03159
I0616 22:06:53.665275 140538222822208 basic_session_run_hooks.py:692] global_step/sec: 3.03159
INFO:tensorflow:global_step/sec: 3.06113
I0616 22:07:26.332951 140538222822208 basic_session_run_hooks.py:692] global_step/sec: 3.06113
INFO:tensorflow:global_step/sec: 3.02319
I0616 22:07:59.410559 140538222822208 basic_session_run_hooks.py:692] global_step/sec: 3.02319
INFO:tensorflow:global_step/sec: 3.099
I0616 22:08:31.679050 140538222822208 basic_session_run_hooks.py:692] global_step/sec: 3.099
INFO:tensorflow:global_step/sec: 3.08156
I0616 22:09:04.130097 140538222822208 basic_session_run_hooks.py:692] global_step/sec: 3.08156
INFO:tensorflow:global_step/sec: 3.07382
I0616 22:09:36.662881 140538222822208 basic_session_run_hooks.py:692] global_step/sec: 3.07382
INFO:tensorflow:global_step/sec: 3.05338
I0616 22:10:09.413470 140538222822208 basic_session_run_hooks.py:692] global_step/sec: 3.05338
INFO:tensorflow:global_step/sec: 3.03788
I0616 22:10:42.331201 140538222822208 basic_session_run_hooks.py:692] global_step/sec: 3.03788
INFO:tensorflow:global_step/sec: 3.0712
I0616 22:11:14.891791 140538222822208 basic_session_run_hooks.py:692] global_step/sec: 3.0712
I0616 22:11:14.893211 140538222822208 run_model.py:84] Step 154000: Loss 0.263855
INFO:tensorflow:global_step/sec: 3.08471
I0616 22:11:47.309695 140538222822208 basic_session_run_hooks.py:692] global_step/sec: 3.08471
INFO:tensorflow:global_step/sec: 3.03581
I0616 22:12:20.249802 140538222822208 basic_session_run_hooks.py:692] global_step/sec: 3.03581
INFO:tensorflow:global_step/sec: 3.02039
I0616 22:12:53.358100 140538222822208 basic_session_run_hooks.py:692] global_step/sec: 3.02039
INFO:tensorflow:global_step/sec: 2.96568
I0616 22:13:27.077135 140538222822208 basic_session_run_hooks.py:692] global_step/sec: 2.96568
INFO:tensorflow:global_step/sec: 2.99325
I0616 22:14:00.485635 140538222822208 basic_session_run_hooks.py:692] global_step/sec: 2.99325
INFO:tensorflow:global_step/sec: 2.96886
I0616 22:14:34.168583 140538222822208 basic_session_run_hooks.py:692] global_step/sec: 2.96886
INFO:tensorflow:global_step/sec: 2.93711
I0616 22:15:08.215699 140538222822208 basic_session_run_hooks.py:692] global_step/sec: 2.93711
INFO:tensorflow:Saving checkpoints for 154779 into Data/flag_simple/mgn/checkpoint/model.ckpt.
I0616 22:15:34.409488 140538222822208 basic_session_run_hooks.py:606] Saving checkpoints for 154779 into Data/flag_simple/mgn/checkpoint/model.ckpt.
INFO:tensorflow:global_step/sec: 2.93272
I0616 22:15:42.313737 140538222822208 basic_session_run_hooks.py:692] global_step/sec: 2.93272
INFO:tensorflow:global_step/sec: 2.94777
I0616 22:16:16.237745 140538222822208 basic_session_run_hooks.py:692] global_step/sec: 2.94777
INFO:tensorflow:global_step/sec: 2.94829
I0616 22:16:50.155715 140538222822208 basic_session_run_hooks.py:692] global_step/sec: 2.94829
I0616 22:16:50.156245 140538222822208 run_model.py:84] Step 155000: Loss 0.306053
INFO:tensorflow:global_step/sec: 3.02222
I0616 22:17:23.243993 140538222822208 basic_session_run_hooks.py:692] global_step/sec: 3.02222
INFO:tensorflow:global_step/sec: 3.01596
I0616 22:17:56.400851 140538222822208 basic_session_run_hooks.py:692] global_step/sec: 3.01596
INFO:tensorflow:global_step/sec: 3.05811
I0616 22:18:29.100772 140538222822208 basic_session_run_hooks.py:692] global_step/sec: 3.05811
INFO:tensorflow:global_step/sec: 3.04061
I0616 22:19:01.988869 140538222822208 basic_session_run_hooks.py:692] global_step/sec: 3.04061
INFO:tensorflow:global_step/sec: 2.9895
I0616 22:19:35.439331 140538222822208 basic_session_run_hooks.py:692] global_step/sec: 2.9895
INFO:tensorflow:global_step/sec: 3.02521
I0616 22:20:08.494854 140538222822208 basic_session_run_hooks.py:692] global_step/sec: 3.02521
INFO:tensorflow:global_step/sec: 3.00353
I0616 22:20:41.789066 140538222822208 basic_session_run_hooks.py:692] global_step/sec: 3.00353
INFO:tensorflow:global_step/sec: 2.96778
I0616 22:21:15.484236 140538222822208 basic_session_run_hooks.py:692] global_step/sec: 2.96778
INFO:tensorflow:global_step/sec: 3.03151
I0616 22:21:48.471131 140538222822208 basic_session_run_hooks.py:692] global_step/sec: 3.03151
INFO:tensorflow:global_step/sec: 3.00833
I0616 22:22:21.712126 140538222822208 basic_session_run_hooks.py:692] global_step/sec: 3.00833
I0616 22:22:21.713455 140538222822208 run_model.py:84] Step 156000: Loss 0.125447
INFO:tensorflow:global_step/sec: 3.01518
I0616 22:22:54.877613 140538222822208 basic_session_run_hooks.py:692] global_step/sec: 3.01518
INFO:tensorflow:global_step/sec: 3.00867
I0616 22:23:28.114945 140538222822208 basic_session_run_hooks.py:692] global_step/sec: 3.00867
INFO:tensorflow:global_step/sec: 3.04133
I0616 22:24:00.995205 140538222822208 basic_session_run_hooks.py:692] global_step/sec: 3.04133
INFO:tensorflow:global_step/sec: 3.02355
I0616 22:24:34.068899 140538222822208 basic_session_run_hooks.py:692] global_step/sec: 3.02355
INFO:tensorflow:global_step/sec: 3.06246
I0616 22:25:06.722420 140538222822208 basic_session_run_hooks.py:692] global_step/sec: 3.06246
INFO:tensorflow:Saving checkpoints for 156586 into Data/flag_simple/mgn/checkpoint/model.ckpt.
I0616 22:25:34.581713 140538222822208 basic_session_run_hooks.py:606] Saving checkpoints for 156586 into Data/flag_simple/mgn/checkpoint/model.ckpt.
INFO:tensorflow:global_step/sec: 2.99094
I0616 22:25:40.156698 140538222822208 basic_session_run_hooks.py:692] global_step/sec: 2.99094
INFO:tensorflow:global_step/sec: 3.02492
I0616 22:26:13.215403 140538222822208 basic_session_run_hooks.py:692] global_step/sec: 3.02492
INFO:tensorflow:global_step/sec: 3.00383
I0616 22:26:46.506277 140538222822208 basic_session_run_hooks.py:692] global_step/sec: 3.00383
INFO:tensorflow:global_step/sec: 2.97199
I0616 22:27:20.153776 140538222822208 basic_session_run_hooks.py:692] global_step/sec: 2.97199
INFO:tensorflow:global_step/sec: 2.98468
I0616 22:27:53.658171 140538222822208 basic_session_run_hooks.py:692] global_step/sec: 2.98468
I0616 22:27:53.658675 140538222822208 run_model.py:84] Step 157000: Loss 0.466316
INFO:tensorflow:global_step/sec: 2.94998
I0616 22:28:27.556762 140538222822208 basic_session_run_hooks.py:692] global_step/sec: 2.94998
INFO:tensorflow:global_step/sec: 2.9544
I0616 22:29:01.404553 140538222822208 basic_session_run_hooks.py:692] global_step/sec: 2.9544
INFO:tensorflow:global_step/sec: 2.91533
I0616 22:29:35.705977 140538222822208 basic_session_run_hooks.py:692] global_step/sec: 2.91533
INFO:tensorflow:global_step/sec: 2.94432
I0616 22:30:09.669650 140538222822208 basic_session_run_hooks.py:692] global_step/sec: 2.94432
INFO:tensorflow:global_step/sec: 3.03338
I0616 22:30:42.636234 140538222822208 basic_session_run_hooks.py:692] global_step/sec: 3.03338
INFO:tensorflow:global_step/sec: 3.04617
I0616 22:31:15.464303 140538222822208 basic_session_run_hooks.py:692] global_step/sec: 3.04617
INFO:tensorflow:global_step/sec: 3.00327
I0616 22:31:48.761358 140538222822208 basic_session_run_hooks.py:692] global_step/sec: 3.00327
INFO:tensorflow:global_step/sec: 3.06417
I0616 22:32:21.396687 140538222822208 basic_session_run_hooks.py:692] global_step/sec: 3.06417
INFO:tensorflow:global_step/sec: 3.03293
I0616 22:32:54.368054 140538222822208 basic_session_run_hooks.py:692] global_step/sec: 3.03293
INFO:tensorflow:global_step/sec: 2.99784
I0616 22:33:27.725379 140538222822208 basic_session_run_hooks.py:692] global_step/sec: 2.99784
I0616 22:33:27.726883 140538222822208 run_model.py:84] Step 158000: Loss 0.0561658
INFO:tensorflow:global_step/sec: 2.99957
I0616 22:34:01.063542 140538222822208 basic_session_run_hooks.py:692] global_step/sec: 2.99957
INFO:tensorflow:global_step/sec: 2.96697
I0616 22:34:34.767960 140538222822208 basic_session_run_hooks.py:692] global_step/sec: 2.96697
INFO:tensorflow:global_step/sec: 3.01413
I0616 22:35:07.945059 140538222822208 basic_session_run_hooks.py:692] global_step/sec: 3.01413
INFO:tensorflow:Saving checkpoints for 158381 into Data/flag_simple/mgn/checkpoint/model.ckpt.
I0616 22:35:34.931442 140538222822208 basic_session_run_hooks.py:606] Saving checkpoints for 158381 into Data/flag_simple/mgn/checkpoint/model.ckpt.
INFO:tensorflow:global_step/sec: 2.89966
I0616 22:35:42.431830 140538222822208 basic_session_run_hooks.py:692] global_step/sec: 2.89966
INFO:tensorflow:global_step/sec: 3.00543
I0616 22:36:15.704896 140538222822208 basic_session_run_hooks.py:692] global_step/sec: 3.00543
INFO:tensorflow:global_step/sec: 2.96796
I0616 22:36:49.397992 140538222822208 basic_session_run_hooks.py:692] global_step/sec: 2.96796
INFO:tensorflow:global_step/sec: 3.01949
I0616 22:37:22.516246 140538222822208 basic_session_run_hooks.py:692] global_step/sec: 3.01949
INFO:tensorflow:global_step/sec: 2.98241
I0616 22:37:56.046169 140538222822208 basic_session_run_hooks.py:692] global_step/sec: 2.98241
INFO:tensorflow:global_step/sec: 3.01785
I0616 22:38:29.182326 140538222822208 basic_session_run_hooks.py:692] global_step/sec: 3.01785
INFO:tensorflow:global_step/sec: 2.97051
I0616 22:39:02.846578 140538222822208 basic_session_run_hooks.py:692] global_step/sec: 2.97051
I0616 22:39:02.847074 140538222822208 run_model.py:84] Step 159000: Loss 0.180548
INFO:tensorflow:global_step/sec: 3.02727
I0616 22:39:35.879603 140538222822208 basic_session_run_hooks.py:692] global_step/sec: 3.02727
INFO:tensorflow:global_step/sec: 2.97642
I0616 22:40:09.477028 140538222822208 basic_session_run_hooks.py:692] global_step/sec: 2.97642
INFO:tensorflow:global_step/sec: 3.02297
I0616 22:40:42.557092 140538222822208 basic_session_run_hooks.py:692] global_step/sec: 3.02297
INFO:tensorflow:global_step/sec: 3.04403
I0616 22:41:15.408265 140538222822208 basic_session_run_hooks.py:692] global_step/sec: 3.04403
INFO:tensorflow:global_step/sec: 3.09145
I0616 22:41:47.755559 140538222822208 basic_session_run_hooks.py:692] global_step/sec: 3.09145
INFO:tensorflow:global_step/sec: 3.02152
I0616 22:42:20.851480 140538222822208 basic_session_run_hooks.py:692] global_step/sec: 3.02152
INFO:tensorflow:global_step/sec: 3.01417
I0616 22:42:54.028086 140538222822208 basic_session_run_hooks.py:692] global_step/sec: 3.01417
INFO:tensorflow:global_step/sec: 3.03982
I0616 22:43:26.924704 140538222822208 basic_session_run_hooks.py:692] global_step/sec: 3.03982
INFO:tensorflow:global_step/sec: 3.07024
I0616 22:43:59.495424 140538222822208 basic_session_run_hooks.py:692] global_step/sec: 3.07024
INFO:tensorflow:global_step/sec: 3.08546
I0616 22:44:31.905465 140538222822208 basic_session_run_hooks.py:692] global_step/sec: 3.08546
I0616 22:44:31.906670 140538222822208 run_model.py:84] Step 160000: Loss 0.479931
INFO:tensorflow:global_step/sec: 3.05198
I0616 22:45:04.671082 140538222822208 basic_session_run_hooks.py:692] global_step/sec: 3.05198
INFO:tensorflow:Saving checkpoints for 160194 into Data/flag_simple/mgn/checkpoint/model.ckpt.
I0616 22:45:35.027755 140538222822208 basic_session_run_hooks.py:606] Saving checkpoints for 160194 into Data/flag_simple/mgn/checkpoint/model.ckpt.
INFO:tensorflow:global_step/sec: 2.98652
I0616 22:45:38.154831 140538222822208 basic_session_run_hooks.py:692] global_step/sec: 2.98652
INFO:tensorflow:global_step/sec: 2.98363
I0616 22:46:11.671010 140538222822208 basic_session_run_hooks.py:692] global_step/sec: 2.98363
INFO:tensorflow:global_step/sec: 3.0429
I0616 22:46:44.534362 140538222822208 basic_session_run_hooks.py:692] global_step/sec: 3.0429
INFO:tensorflow:global_step/sec: 2.98719
I0616 22:47:18.010640 140538222822208 basic_session_run_hooks.py:692] global_step/sec: 2.98719
INFO:tensorflow:global_step/sec: 3.02988
I0616 22:47:51.015281 140538222822208 basic_session_run_hooks.py:692] global_step/sec: 3.02988
INFO:tensorflow:global_step/sec: 3.00118
I0616 22:48:24.335454 140538222822208 basic_session_run_hooks.py:692] global_step/sec: 3.00118
INFO:tensorflow:global_step/sec: 3.04027
I0616 22:48:57.227307 140538222822208 basic_session_run_hooks.py:692] global_step/sec: 3.04027
INFO:tensorflow:global_step/sec: 3.00158
I0616 22:49:30.543088 140538222822208 basic_session_run_hooks.py:692] global_step/sec: 3.00158
INFO:tensorflow:global_step/sec: 3.0117
I0616 22:50:03.746849 140538222822208 basic_session_run_hooks.py:692] global_step/sec: 3.0117
I0616 22:50:03.747388 140538222822208 run_model.py:84] Step 161000: Loss 0.257163
INFO:tensorflow:global_step/sec: 3.01671
I0616 22:50:36.895566 140538222822208 basic_session_run_hooks.py:692] global_step/sec: 3.01671
INFO:tensorflow:global_step/sec: 3.00986
I0616 22:51:10.119698 140538222822208 basic_session_run_hooks.py:692] global_step/sec: 3.00986
INFO:tensorflow:global_step/sec: 3.01897
I0616 22:51:43.243596 140538222822208 basic_session_run_hooks.py:692] global_step/sec: 3.01897
INFO:tensorflow:global_step/sec: 3.00944
I0616 22:52:16.472404 140538222822208 basic_session_run_hooks.py:692] global_step/sec: 3.00944
INFO:tensorflow:global_step/sec: 3.07215
I0616 22:52:49.022887 140538222822208 basic_session_run_hooks.py:692] global_step/sec: 3.07215
INFO:tensorflow:global_step/sec: 3.09154
I0616 22:53:21.369253 140538222822208 basic_session_run_hooks.py:692] global_step/sec: 3.09154
INFO:tensorflow:global_step/sec: 3.09902
I0616 22:53:53.637510 140538222822208 basic_session_run_hooks.py:692] global_step/sec: 3.09902
INFO:tensorflow:global_step/sec: 3.06101
I0616 22:54:26.306481 140538222822208 basic_session_run_hooks.py:692] global_step/sec: 3.06101
INFO:tensorflow:global_step/sec: 3.04098
I0616 22:54:59.190672 140538222822208 basic_session_run_hooks.py:692] global_step/sec: 3.04098
INFO:tensorflow:global_step/sec: 3.02325
I0616 22:55:32.267635 140538222822208 basic_session_run_hooks.py:692] global_step/sec: 3.02325
I0616 22:55:32.269254 140538222822208 run_model.py:84] Step 162000: Loss 0.164271
INFO:tensorflow:Saving checkpoints for 162010 into Data/flag_simple/mgn/checkpoint/model.ckpt.
I0616 22:55:35.215412 140538222822208 basic_session_run_hooks.py:606] Saving checkpoints for 162010 into Data/flag_simple/mgn/checkpoint/model.ckpt.
INFO:tensorflow:global_step/sec: 2.9914
I0616 22:56:05.696871 140538222822208 basic_session_run_hooks.py:692] global_step/sec: 2.9914
INFO:tensorflow:global_step/sec: 3.0224
I0616 22:56:38.783117 140538222822208 basic_session_run_hooks.py:692] global_step/sec: 3.0224
INFO:tensorflow:global_step/sec: 3.07373
I0616 22:57:11.316905 140538222822208 basic_session_run_hooks.py:692] global_step/sec: 3.07373
INFO:tensorflow:global_step/sec: 3.07754
I0616 22:57:43.810381 140538222822208 basic_session_run_hooks.py:692] global_step/sec: 3.07754
INFO:tensorflow:global_step/sec: 3.05993
I0616 22:58:16.490857 140538222822208 basic_session_run_hooks.py:692] global_step/sec: 3.05993
INFO:tensorflow:global_step/sec: 3.05105
I0616 22:58:49.266472 140538222822208 basic_session_run_hooks.py:692] global_step/sec: 3.05105
INFO:tensorflow:global_step/sec: 3.05405
I0616 22:59:22.009850 140538222822208 basic_session_run_hooks.py:692] global_step/sec: 3.05405
INFO:tensorflow:global_step/sec: 3.03162
I0616 22:59:54.995482 140538222822208 basic_session_run_hooks.py:692] global_step/sec: 3.03162
INFO:tensorflow:global_step/sec: 3.00493
I0616 23:00:28.274074 140538222822208 basic_session_run_hooks.py:692] global_step/sec: 3.00493
INFO:tensorflow:global_step/sec: 3.04532
I0616 23:01:01.111354 140538222822208 basic_session_run_hooks.py:692] global_step/sec: 3.04532
I0616 23:01:01.111835 140538222822208 run_model.py:84] Step 163000: Loss 0.578529
INFO:tensorflow:global_step/sec: 3.00811
I0616 23:01:34.354825 140538222822208 basic_session_run_hooks.py:692] global_step/sec: 3.00811
INFO:tensorflow:global_step/sec: 3.0307
I0616 23:02:07.350477 140538222822208 basic_session_run_hooks.py:692] global_step/sec: 3.0307
INFO:tensorflow:global_step/sec: 3.04527
I0616 23:02:40.188262 140538222822208 basic_session_run_hooks.py:692] global_step/sec: 3.04527
INFO:tensorflow:global_step/sec: 3.0389
I0616 23:03:13.094938 140538222822208 basic_session_run_hooks.py:692] global_step/sec: 3.0389
INFO:tensorflow:global_step/sec: 3.02696
I0616 23:03:46.131323 140538222822208 basic_session_run_hooks.py:692] global_step/sec: 3.02696
INFO:tensorflow:global_step/sec: 3.0393
I0616 23:04:19.033649 140538222822208 basic_session_run_hooks.py:692] global_step/sec: 3.0393
INFO:tensorflow:global_step/sec: 3.03726
I0616 23:04:51.958086 140538222822208 basic_session_run_hooks.py:692] global_step/sec: 3.03726
INFO:tensorflow:global_step/sec: 3.0111
I0616 23:05:25.168499 140538222822208 basic_session_run_hooks.py:692] global_step/sec: 3.0111
INFO:tensorflow:Saving checkpoints for 163832 into Data/flag_simple/mgn/checkpoint/model.ckpt.
I0616 23:05:35.340150 140538222822208 basic_session_run_hooks.py:606] Saving checkpoints for 163832 into Data/flag_simple/mgn/checkpoint/model.ckpt.
INFO:tensorflow:global_step/sec: 2.95148
I0616 23:05:59.049844 140538222822208 basic_session_run_hooks.py:692] global_step/sec: 2.95148
INFO:tensorflow:global_step/sec: 3.02815
I0616 23:06:32.073364 140538222822208 basic_session_run_hooks.py:692] global_step/sec: 3.02815
I0616 23:06:32.074655 140538222822208 run_model.py:84] Step 164000: Loss 0.282771
INFO:tensorflow:global_step/sec: 3.02205
I0616 23:07:05.163469 140538222822208 basic_session_run_hooks.py:692] global_step/sec: 3.02205
INFO:tensorflow:global_step/sec: 3.02154
I0616 23:07:38.259149 140538222822208 basic_session_run_hooks.py:692] global_step/sec: 3.02154
INFO:tensorflow:global_step/sec: 3.06082
I0616 23:08:10.930183 140538222822208 basic_session_run_hooks.py:692] global_step/sec: 3.06082
INFO:tensorflow:global_step/sec: 3.02225
I0616 23:08:44.018070 140538222822208 basic_session_run_hooks.py:692] global_step/sec: 3.02225
INFO:tensorflow:global_step/sec: 3.04447
I0616 23:09:16.864553 140538222822208 basic_session_run_hooks.py:692] global_step/sec: 3.04447
INFO:tensorflow:global_step/sec: 3.05618
I0616 23:09:49.585141 140538222822208 basic_session_run_hooks.py:692] global_step/sec: 3.05618
INFO:tensorflow:global_step/sec: 3.08856
I0616 23:10:21.962673 140538222822208 basic_session_run_hooks.py:692] global_step/sec: 3.08856
INFO:tensorflow:global_step/sec: 3.07069
I0616 23:10:54.528699 140538222822208 basic_session_run_hooks.py:692] global_step/sec: 3.07069
INFO:tensorflow:global_step/sec: 3.05481
I0616 23:11:27.263965 140538222822208 basic_session_run_hooks.py:692] global_step/sec: 3.05481
INFO:tensorflow:global_step/sec: 3.04346
I0616 23:12:00.121278 140538222822208 basic_session_run_hooks.py:692] global_step/sec: 3.04346
I0616 23:12:00.121790 140538222822208 run_model.py:84] Step 165000: Loss 0.867778
INFO:tensorflow:global_step/sec: 3.03984
I0616 23:12:33.017804 140538222822208 basic_session_run_hooks.py:692] global_step/sec: 3.03984
INFO:tensorflow:global_step/sec: 3.02999
I0616 23:13:06.021229 140538222822208 basic_session_run_hooks.py:692] global_step/sec: 3.02999
INFO:tensorflow:global_step/sec: 3.00363
I0616 23:13:39.314278 140538222822208 basic_session_run_hooks.py:692] global_step/sec: 3.00363
INFO:tensorflow:global_step/sec: 2.99266
I0616 23:14:12.729371 140538222822208 basic_session_run_hooks.py:692] global_step/sec: 2.99266
INFO:tensorflow:global_step/sec: 3.02261
I0616 23:14:45.813374 140538222822208 basic_session_run_hooks.py:692] global_step/sec: 3.02261
INFO:tensorflow:global_step/sec: 3.01713
I0616 23:15:18.957494 140538222822208 basic_session_run_hooks.py:692] global_step/sec: 3.01713
INFO:tensorflow:Saving checkpoints for 165651 into Data/flag_simple/mgn/checkpoint/model.ckpt.
I0616 23:15:35.387275 140538222822208 basic_session_run_hooks.py:606] Saving checkpoints for 165651 into Data/flag_simple/mgn/checkpoint/model.ckpt.
INFO:tensorflow:global_step/sec: 2.96698
I0616 23:15:52.661819 140538222822208 basic_session_run_hooks.py:692] global_step/sec: 2.96698
INFO:tensorflow:global_step/sec: 3.02908
I0616 23:16:25.675112 140538222822208 basic_session_run_hooks.py:692] global_step/sec: 3.02908
INFO:tensorflow:global_step/sec: 3.02322
I0616 23:16:58.752437 140538222822208 basic_session_run_hooks.py:692] global_step/sec: 3.02322
INFO:tensorflow:global_step/sec: 3.03622
I0616 23:17:31.688174 140538222822208 basic_session_run_hooks.py:692] global_step/sec: 3.03622
I0616 23:17:31.689716 140538222822208 run_model.py:84] Step 166000: Loss 0.453298
INFO:tensorflow:global_step/sec: 3.04297
I0616 23:18:04.550802 140538222822208 basic_session_run_hooks.py:692] global_step/sec: 3.04297
INFO:tensorflow:global_step/sec: 3.04183
I0616 23:18:37.425782 140538222822208 basic_session_run_hooks.py:692] global_step/sec: 3.04183
INFO:tensorflow:global_step/sec: 3.01099
I0616 23:19:10.637428 140538222822208 basic_session_run_hooks.py:692] global_step/sec: 3.01099
INFO:tensorflow:global_step/sec: 3.02675
I0616 23:19:43.676222 140538222822208 basic_session_run_hooks.py:692] global_step/sec: 3.02675
INFO:tensorflow:global_step/sec: 3.01118
I0616 23:20:16.885770 140538222822208 basic_session_run_hooks.py:692] global_step/sec: 3.01118
INFO:tensorflow:global_step/sec: 2.99914
I0616 23:20:50.228724 140538222822208 basic_session_run_hooks.py:692] global_step/sec: 2.99914
INFO:tensorflow:global_step/sec: 3.00576
I0616 23:21:23.498186 140538222822208 basic_session_run_hooks.py:692] global_step/sec: 3.00576
INFO:tensorflow:global_step/sec: 3.01956
I0616 23:21:56.615659 140538222822208 basic_session_run_hooks.py:692] global_step/sec: 3.01956
INFO:tensorflow:global_step/sec: 3.05718
I0616 23:22:29.325540 140538222822208 basic_session_run_hooks.py:692] global_step/sec: 3.05718
INFO:tensorflow:global_step/sec: 3.04975
I0616 23:23:02.115063 140538222822208 basic_session_run_hooks.py:692] global_step/sec: 3.04975
I0616 23:23:02.115567 140538222822208 run_model.py:84] Step 167000: Loss 0.374964
INFO:tensorflow:global_step/sec: 3.02199
I0616 23:23:35.205863 140538222822208 basic_session_run_hooks.py:692] global_step/sec: 3.02199
INFO:tensorflow:global_step/sec: 3.03299
I0616 23:24:08.176640 140538222822208 basic_session_run_hooks.py:692] global_step/sec: 3.03299
INFO:tensorflow:global_step/sec: 3.05413
I0616 23:24:40.919222 140538222822208 basic_session_run_hooks.py:692] global_step/sec: 3.05413
INFO:tensorflow:global_step/sec: 3.11417
I0616 23:25:13.030483 140538222822208 basic_session_run_hooks.py:692] global_step/sec: 3.11417
INFO:tensorflow:Saving checkpoints for 167469 into Data/flag_simple/mgn/checkpoint/model.ckpt.
I0616 23:25:35.574989 140538222822208 basic_session_run_hooks.py:606] Saving checkpoints for 167469 into Data/flag_simple/mgn/checkpoint/model.ckpt.
INFO:tensorflow:global_step/sec: 2.95598
I0616 23:25:46.860253 140538222822208 basic_session_run_hooks.py:692] global_step/sec: 2.95598
INFO:tensorflow:global_step/sec: 3.05305
I0616 23:26:19.614368 140538222822208 basic_session_run_hooks.py:692] global_step/sec: 3.05305
INFO:tensorflow:global_step/sec: 3.05861
I0616 23:26:52.309020 140538222822208 basic_session_run_hooks.py:692] global_step/sec: 3.05861
INFO:tensorflow:global_step/sec: 3.07705
I0616 23:27:24.807618 140538222822208 basic_session_run_hooks.py:692] global_step/sec: 3.07705
INFO:tensorflow:global_step/sec: 3.06772
I0616 23:27:57.405092 140538222822208 basic_session_run_hooks.py:692] global_step/sec: 3.06772
INFO:tensorflow:global_step/sec: 3.07377
I0616 23:28:29.938470 140538222822208 basic_session_run_hooks.py:692] global_step/sec: 3.07377
I0616 23:28:29.940009 140538222822208 run_model.py:84] Step 168000: Loss 0.214221
INFO:tensorflow:global_step/sec: 3.09189
I0616 23:29:02.281094 140538222822208 basic_session_run_hooks.py:692] global_step/sec: 3.09189
INFO:tensorflow:global_step/sec: 3.10297
I0616 23:29:34.508349 140538222822208 basic_session_run_hooks.py:692] global_step/sec: 3.10297
INFO:tensorflow:global_step/sec: 3.0351
I0616 23:30:07.456243 140538222822208 basic_session_run_hooks.py:692] global_step/sec: 3.0351
INFO:tensorflow:global_step/sec: 3.0577
I0616 23:30:40.160574 140538222822208 basic_session_run_hooks.py:692] global_step/sec: 3.0577
INFO:tensorflow:global_step/sec: 3.05652
I0616 23:31:12.877511 140538222822208 basic_session_run_hooks.py:692] global_step/sec: 3.05652
INFO:tensorflow:global_step/sec: 3.05257
I0616 23:31:45.636819 140538222822208 basic_session_run_hooks.py:692] global_step/sec: 3.05257
INFO:tensorflow:global_step/sec: 3.04132
I0616 23:32:18.517214 140538222822208 basic_session_run_hooks.py:692] global_step/sec: 3.04132
INFO:tensorflow:global_step/sec: 3.04938
I0616 23:32:51.310753 140538222822208 basic_session_run_hooks.py:692] global_step/sec: 3.04938
INFO:tensorflow:global_step/sec: 3.05057
I0616 23:33:24.091570 140538222822208 basic_session_run_hooks.py:692] global_step/sec: 3.05057
INFO:tensorflow:global_step/sec: 3.02544
I0616 23:33:57.144640 140538222822208 basic_session_run_hooks.py:692] global_step/sec: 3.02544
I0616 23:33:57.145182 140538222822208 run_model.py:84] Step 169000: Loss 0.169126
INFO:tensorflow:global_step/sec: 3.0264
I0616 23:34:30.187254 140538222822208 basic_session_run_hooks.py:692] global_step/sec: 3.0264
INFO:tensorflow:global_step/sec: 3.05198
I0616 23:35:02.952837 140538222822208 basic_session_run_hooks.py:692] global_step/sec: 3.05198
INFO:tensorflow:Saving checkpoints for 169299 into Data/flag_simple/mgn/checkpoint/model.ckpt.
I0616 23:35:35.673349 140538222822208 basic_session_run_hooks.py:606] Saving checkpoints for 169299 into Data/flag_simple/mgn/checkpoint/model.ckpt.
INFO:tensorflow:global_step/sec: 2.92786
I0616 23:35:37.107506 140538222822208 basic_session_run_hooks.py:692] global_step/sec: 2.92786
INFO:tensorflow:global_step/sec: 3.01236
I0616 23:36:10.304020 140538222822208 basic_session_run_hooks.py:692] global_step/sec: 3.01236
INFO:tensorflow:global_step/sec: 3.05965
I0616 23:36:42.987535 140538222822208 basic_session_run_hooks.py:692] global_step/sec: 3.05965
INFO:tensorflow:global_step/sec: 3.07545
I0616 23:37:15.503138 140538222822208 basic_session_run_hooks.py:692] global_step/sec: 3.07545
INFO:tensorflow:global_step/sec: 3.08857
I0616 23:37:47.880536 140538222822208 basic_session_run_hooks.py:692] global_step/sec: 3.08857
INFO:tensorflow:global_step/sec: 3.1073
I0616 23:38:20.062867 140538222822208 basic_session_run_hooks.py:692] global_step/sec: 3.1073
INFO:tensorflow:global_step/sec: 3.02486
I0616 23:38:53.122228 140538222822208 basic_session_run_hooks.py:692] global_step/sec: 3.02486
INFO:tensorflow:global_step/sec: 2.99974
I0616 23:39:26.458510 140538222822208 basic_session_run_hooks.py:692] global_step/sec: 2.99974
I0616 23:39:26.460205 140538222822208 run_model.py:84] Step 170000: Loss 0.223032
INFO:tensorflow:global_step/sec: 3.00876
I0616 23:39:59.694821 140538222822208 basic_session_run_hooks.py:692] global_step/sec: 3.00876
INFO:tensorflow:global_step/sec: 3.01223
I0616 23:40:32.892857 140538222822208 basic_session_run_hooks.py:692] global_step/sec: 3.01223
INFO:tensorflow:global_step/sec: 3.01835
I0616 23:41:06.023503 140538222822208 basic_session_run_hooks.py:692] global_step/sec: 3.01835
INFO:tensorflow:global_step/sec: 3.03709
I0616 23:41:38.949706 140538222822208 basic_session_run_hooks.py:692] global_step/sec: 3.03709
INFO:tensorflow:global_step/sec: 3.05001
I0616 23:42:11.736470 140538222822208 basic_session_run_hooks.py:692] global_step/sec: 3.05001
INFO:tensorflow:global_step/sec: 3.01001
I0616 23:42:44.958967 140538222822208 basic_session_run_hooks.py:692] global_step/sec: 3.01001
INFO:tensorflow:global_step/sec: 3.04636
I0616 23:43:17.785035 140538222822208 basic_session_run_hooks.py:692] global_step/sec: 3.04636
INFO:tensorflow:global_step/sec: 3.05263
I0616 23:43:50.543664 140538222822208 basic_session_run_hooks.py:692] global_step/sec: 3.05263
INFO:tensorflow:global_step/sec: 3.07039
I0616 23:44:23.112800 140538222822208 basic_session_run_hooks.py:692] global_step/sec: 3.07039
INFO:tensorflow:global_step/sec: 3.05918
I0616 23:44:55.801272 140538222822208 basic_session_run_hooks.py:692] global_step/sec: 3.05918
I0616 23:44:55.801768 140538222822208 run_model.py:84] Step 171000: Loss 0.168559
INFO:tensorflow:global_step/sec: 3.05538
I0616 23:45:28.530422 140538222822208 basic_session_run_hooks.py:692] global_step/sec: 3.05538
INFO:tensorflow:Saving checkpoints for 171123 into Data/flag_simple/mgn/checkpoint/model.ckpt.
I0616 23:45:35.768286 140538222822208 basic_session_run_hooks.py:606] Saving checkpoints for 171123 into Data/flag_simple/mgn/checkpoint/model.ckpt.
INFO:tensorflow:global_step/sec: 2.96553
I0616 23:46:02.251213 140538222822208 basic_session_run_hooks.py:692] global_step/sec: 2.96553
INFO:tensorflow:global_step/sec: 3.02644
I0616 23:46:35.293323 140538222822208 basic_session_run_hooks.py:692] global_step/sec: 3.02644
INFO:tensorflow:global_step/sec: 3.00032
I0616 23:47:08.623089 140538222822208 basic_session_run_hooks.py:692] global_step/sec: 3.00032
INFO:tensorflow:global_step/sec: 3.05582
I0616 23:47:41.347531 140538222822208 basic_session_run_hooks.py:692] global_step/sec: 3.05582
INFO:tensorflow:global_step/sec: 3.06313
I0616 23:48:13.993908 140538222822208 basic_session_run_hooks.py:692] global_step/sec: 3.06313
INFO:tensorflow:global_step/sec: 3.05728
I0616 23:48:46.702732 140538222822208 basic_session_run_hooks.py:692] global_step/sec: 3.05728
INFO:tensorflow:global_step/sec: 3.02959
I0616 23:49:19.710523 140538222822208 basic_session_run_hooks.py:692] global_step/sec: 3.02959
INFO:tensorflow:global_step/sec: 3.05816
I0616 23:49:52.409888 140538222822208 basic_session_run_hooks.py:692] global_step/sec: 3.05816
INFO:tensorflow:global_step/sec: 3.03817
I0616 23:50:25.324446 140538222822208 basic_session_run_hooks.py:692] global_step/sec: 3.03817
I0616 23:50:25.325988 140538222822208 run_model.py:84] Step 172000: Loss 0.279036
INFO:tensorflow:global_step/sec: 3.07687
I0616 23:50:57.824978 140538222822208 basic_session_run_hooks.py:692] global_step/sec: 3.07687
INFO:tensorflow:global_step/sec: 3.0436
I0616 23:51:30.680829 140538222822208 basic_session_run_hooks.py:692] global_step/sec: 3.0436
INFO:tensorflow:global_step/sec: 3.03238
I0616 23:52:03.658213 140538222822208 basic_session_run_hooks.py:692] global_step/sec: 3.03238
INFO:tensorflow:global_step/sec: 3.06412
I0616 23:52:36.294020 140538222822208 basic_session_run_hooks.py:692] global_step/sec: 3.06412
INFO:tensorflow:global_step/sec: 3.07095
I0616 23:53:08.857197 140538222822208 basic_session_run_hooks.py:692] global_step/sec: 3.07095
INFO:tensorflow:global_step/sec: 3.09959
I0616 23:53:41.119459 140538222822208 basic_session_run_hooks.py:692] global_step/sec: 3.09959
INFO:tensorflow:global_step/sec: 3.09548
I0616 23:54:13.424605 140538222822208 basic_session_run_hooks.py:692] global_step/sec: 3.09548
INFO:tensorflow:global_step/sec: 3.06349
I0616 23:54:46.067122 140538222822208 basic_session_run_hooks.py:692] global_step/sec: 3.06349
INFO:tensorflow:global_step/sec: 3.04134
I0616 23:55:18.947350 140538222822208 basic_session_run_hooks.py:692] global_step/sec: 3.04134
INFO:tensorflow:Saving checkpoints for 172953 into Data/flag_simple/mgn/checkpoint/model.ckpt.
I0616 23:55:35.906615 140538222822208 basic_session_run_hooks.py:606] Saving checkpoints for 172953 into Data/flag_simple/mgn/checkpoint/model.ckpt.
INFO:tensorflow:global_step/sec: 2.99385
I0616 23:55:52.349178 140538222822208 basic_session_run_hooks.py:692] global_step/sec: 2.99385
I0616 23:55:52.349668 140538222822208 run_model.py:84] Step 173000: Loss 0.2506
INFO:tensorflow:global_step/sec: 3.06737
I0616 23:56:24.950404 140538222822208 basic_session_run_hooks.py:692] global_step/sec: 3.06737
INFO:tensorflow:global_step/sec: 3.04513
I0616 23:56:57.789775 140538222822208 basic_session_run_hooks.py:692] global_step/sec: 3.04513
INFO:tensorflow:global_step/sec: 3.08196
I0616 23:57:30.236649 140538222822208 basic_session_run_hooks.py:692] global_step/sec: 3.08196
INFO:tensorflow:global_step/sec: 3.08935
I0616 23:58:02.605909 140538222822208 basic_session_run_hooks.py:692] global_step/sec: 3.08935
INFO:tensorflow:global_step/sec: 3.06188
I0616 23:58:35.265600 140538222822208 basic_session_run_hooks.py:692] global_step/sec: 3.06188
INFO:tensorflow:global_step/sec: 3.09743
I0616 23:59:07.550400 140538222822208 basic_session_run_hooks.py:692] global_step/sec: 3.09743
INFO:tensorflow:global_step/sec: 3.0821
I0616 23:59:39.995841 140538222822208 basic_session_run_hooks.py:692] global_step/sec: 3.0821
INFO:tensorflow:global_step/sec: 3.02722
I0617 00:00:13.029439 140538222822208 basic_session_run_hooks.py:692] global_step/sec: 3.02722
INFO:tensorflow:global_step/sec: 3.06232
I0617 00:00:45.684478 140538222822208 basic_session_run_hooks.py:692] global_step/sec: 3.06232
INFO:tensorflow:global_step/sec: 3.07022
I0617 00:01:18.255429 140538222822208 basic_session_run_hooks.py:692] global_step/sec: 3.07022
I0617 00:01:18.256634 140538222822208 run_model.py:84] Step 174000: Loss 0.274736
INFO:tensorflow:global_step/sec: 3.05947
I0617 00:01:50.940815 140538222822208 basic_session_run_hooks.py:692] global_step/sec: 3.05947
INFO:tensorflow:global_step/sec: 3.09671
I0617 00:02:23.233193 140538222822208 basic_session_run_hooks.py:692] global_step/sec: 3.09671
INFO:tensorflow:global_step/sec: 3.09475
I0617 00:02:55.546041 140538222822208 basic_session_run_hooks.py:692] global_step/sec: 3.09475
INFO:tensorflow:global_step/sec: 3.11095
I0617 00:03:27.690553 140538222822208 basic_session_run_hooks.py:692] global_step/sec: 3.11095
INFO:tensorflow:global_step/sec: 3.09503
I0617 00:04:00.000479 140538222822208 basic_session_run_hooks.py:692] global_step/sec: 3.09503
INFO:tensorflow:global_step/sec: 3.10213
I0617 00:04:32.236315 140538222822208 basic_session_run_hooks.py:692] global_step/sec: 3.10213
INFO:tensorflow:global_step/sec: 3.07709
I0617 00:05:04.734581 140538222822208 basic_session_run_hooks.py:692] global_step/sec: 3.07709
INFO:tensorflow:Saving checkpoints for 174797 into Data/flag_simple/mgn/checkpoint/model.ckpt.
I0617 00:05:36.154095 140538222822208 basic_session_run_hooks.py:606] Saving checkpoints for 174797 into Data/flag_simple/mgn/checkpoint/model.ckpt.
INFO:tensorflow:global_step/sec: 2.99019
I0617 00:05:38.177258 140538222822208 basic_session_run_hooks.py:692] global_step/sec: 2.99019
INFO:tensorflow:global_step/sec: 3.04498
I0617 00:06:11.018158 140538222822208 basic_session_run_hooks.py:692] global_step/sec: 3.04498
INFO:tensorflow:global_step/sec: 3.05675
I0617 00:06:43.732693 140538222822208 basic_session_run_hooks.py:692] global_step/sec: 3.05675
I0617 00:06:43.733198 140538222822208 run_model.py:84] Step 175000: Loss 0.219761
INFO:tensorflow:global_step/sec: 3.02651
I0617 00:07:16.774080 140538222822208 basic_session_run_hooks.py:692] global_step/sec: 3.02651
INFO:tensorflow:global_step/sec: 3.07324
I0617 00:07:49.313002 140538222822208 basic_session_run_hooks.py:692] global_step/sec: 3.07324
INFO:tensorflow:global_step/sec: 3.07485
I0617 00:08:21.834882 140538222822208 basic_session_run_hooks.py:692] global_step/sec: 3.07485
INFO:tensorflow:global_step/sec: 3.07034
I0617 00:08:54.404587 140538222822208 basic_session_run_hooks.py:692] global_step/sec: 3.07034
INFO:tensorflow:global_step/sec: 3.03291
I0617 00:09:27.376185 140538222822208 basic_session_run_hooks.py:692] global_step/sec: 3.03291
INFO:tensorflow:global_step/sec: 3.06828
I0617 00:09:59.967725 140538222822208 basic_session_run_hooks.py:692] global_step/sec: 3.06828
INFO:tensorflow:global_step/sec: 3.03432
I0617 00:10:32.923998 140538222822208 basic_session_run_hooks.py:692] global_step/sec: 3.03432
INFO:tensorflow:global_step/sec: 3.0879
I0617 00:11:05.308438 140538222822208 basic_session_run_hooks.py:692] global_step/sec: 3.0879
INFO:tensorflow:global_step/sec: 3.07748
I0617 00:11:37.802608 140538222822208 basic_session_run_hooks.py:692] global_step/sec: 3.07748
INFO:tensorflow:global_step/sec: 3.12543
I0617 00:12:09.798149 140538222822208 basic_session_run_hooks.py:692] global_step/sec: 3.12543
I0617 00:12:09.799339 140538222822208 run_model.py:84] Step 176000: Loss 0.29122
INFO:tensorflow:global_step/sec: 3.10959
I0617 00:12:41.956712 140538222822208 basic_session_run_hooks.py:692] global_step/sec: 3.10959
INFO:tensorflow:global_step/sec: 3.07329
I0617 00:13:14.495076 140538222822208 basic_session_run_hooks.py:692] global_step/sec: 3.07329
INFO:tensorflow:global_step/sec: 3.08218
I0617 00:13:46.939671 140538222822208 basic_session_run_hooks.py:692] global_step/sec: 3.08218
INFO:tensorflow:global_step/sec: 3.07832
I0617 00:14:19.424937 140538222822208 basic_session_run_hooks.py:692] global_step/sec: 3.07832
INFO:tensorflow:global_step/sec: 3.06319
I0617 00:14:52.070682 140538222822208 basic_session_run_hooks.py:692] global_step/sec: 3.06319
INFO:tensorflow:global_step/sec: 3.03665
I0617 00:15:25.001696 140538222822208 basic_session_run_hooks.py:692] global_step/sec: 3.03665
INFO:tensorflow:Saving checkpoints for 176635 into Data/flag_simple/mgn/checkpoint/model.ckpt.
I0617 00:15:36.166922 140538222822208 basic_session_run_hooks.py:606] Saving checkpoints for 176635 into Data/flag_simple/mgn/checkpoint/model.ckpt.
INFO:tensorflow:global_step/sec: 2.94729
I0617 00:15:58.931133 140538222822208 basic_session_run_hooks.py:692] global_step/sec: 2.94729
INFO:tensorflow:global_step/sec: 3.01171
I0617 00:16:32.134848 140538222822208 basic_session_run_hooks.py:692] global_step/sec: 3.01171
INFO:tensorflow:global_step/sec: 3.03058
I0617 00:17:05.131860 140538222822208 basic_session_run_hooks.py:692] global_step/sec: 3.03058
INFO:tensorflow:global_step/sec: 3.0298
I0617 00:17:38.137398 140538222822208 basic_session_run_hooks.py:692] global_step/sec: 3.0298
I0617 00:17:38.137955 140538222822208 run_model.py:84] Step 177000: Loss 0.299999
INFO:tensorflow:global_step/sec: 3.03385
I0617 00:18:11.098798 140538222822208 basic_session_run_hooks.py:692] global_step/sec: 3.03385
INFO:tensorflow:global_step/sec: 3.0531
I0617 00:18:43.852437 140538222822208 basic_session_run_hooks.py:692] global_step/sec: 3.0531
INFO:tensorflow:global_step/sec: 3.04161
I0617 00:19:16.729763 140538222822208 basic_session_run_hooks.py:692] global_step/sec: 3.04161
INFO:tensorflow:global_step/sec: 3.04766
I0617 00:19:49.541847 140538222822208 basic_session_run_hooks.py:692] global_step/sec: 3.04766
INFO:tensorflow:global_step/sec: 3.0385
I0617 00:20:22.452789 140538222822208 basic_session_run_hooks.py:692] global_step/sec: 3.0385
INFO:tensorflow:global_step/sec: 3.03317
I0617 00:20:55.421640 140538222822208 basic_session_run_hooks.py:692] global_step/sec: 3.03317
INFO:tensorflow:global_step/sec: 3.04817
I0617 00:21:28.228246 140538222822208 basic_session_run_hooks.py:692] global_step/sec: 3.04817
INFO:tensorflow:global_step/sec: 3.07163
I0617 00:22:00.784221 140538222822208 basic_session_run_hooks.py:692] global_step/sec: 3.07163
INFO:tensorflow:global_step/sec: 3.02789
I0617 00:22:33.810536 140538222822208 basic_session_run_hooks.py:692] global_step/sec: 3.02789
INFO:tensorflow:global_step/sec: 3.03167
I0617 00:23:06.795704 140538222822208 basic_session_run_hooks.py:692] global_step/sec: 3.03167
I0617 00:23:06.796715 140538222822208 run_model.py:84] Step 178000: Loss 0.257233
INFO:tensorflow:global_step/sec: 3.02672
I0617 00:23:39.834805 140538222822208 basic_session_run_hooks.py:692] global_step/sec: 3.02672
INFO:tensorflow:global_step/sec: 3.07427
I0617 00:24:12.362873 140538222822208 basic_session_run_hooks.py:692] global_step/sec: 3.07427
INFO:tensorflow:global_step/sec: 3.09297
I0617 00:24:44.694206 140538222822208 basic_session_run_hooks.py:692] global_step/sec: 3.09297
INFO:tensorflow:global_step/sec: 3.10468
I0617 00:25:16.903632 140538222822208 basic_session_run_hooks.py:692] global_step/sec: 3.10468
INFO:tensorflow:Saving checkpoints for 178460 into Data/flag_simple/mgn/checkpoint/model.ckpt.
I0617 00:25:36.387454 140538222822208 basic_session_run_hooks.py:606] Saving checkpoints for 178460 into Data/flag_simple/mgn/checkpoint/model.ckpt.
INFO:tensorflow:global_step/sec: 2.98172
I0617 00:25:50.441322 140538222822208 basic_session_run_hooks.py:692] global_step/sec: 2.98172
INFO:tensorflow:global_step/sec: 3.06193
I0617 00:26:23.100457 140538222822208 basic_session_run_hooks.py:692] global_step/sec: 3.06193
INFO:tensorflow:global_step/sec: 3.07124
I0617 00:26:55.660584 140538222822208 basic_session_run_hooks.py:692] global_step/sec: 3.07124
INFO:tensorflow:global_step/sec: 3.05925
I0617 00:27:28.348322 140538222822208 basic_session_run_hooks.py:692] global_step/sec: 3.05925
INFO:tensorflow:global_step/sec: 3.03783
I0617 00:28:01.266557 140538222822208 basic_session_run_hooks.py:692] global_step/sec: 3.03783
INFO:tensorflow:global_step/sec: 3.07847
I0617 00:28:33.750219 140538222822208 basic_session_run_hooks.py:692] global_step/sec: 3.07847
I0617 00:28:33.750729 140538222822208 run_model.py:84] Step 179000: Loss 0.201566
INFO:tensorflow:global_step/sec: 3.06244
I0617 00:29:06.403967 140538222822208 basic_session_run_hooks.py:692] global_step/sec: 3.06244
INFO:tensorflow:global_step/sec: 3.05579
I0617 00:29:39.128683 140538222822208 basic_session_run_hooks.py:692] global_step/sec: 3.05579
INFO:tensorflow:global_step/sec: 3.06073
I0617 00:30:11.800591 140538222822208 basic_session_run_hooks.py:692] global_step/sec: 3.06073
INFO:tensorflow:global_step/sec: 3.0966
I0617 00:30:44.094052 140538222822208 basic_session_run_hooks.py:692] global_step/sec: 3.0966
INFO:tensorflow:global_step/sec: 3.03621
I0617 00:31:17.029861 140538222822208 basic_session_run_hooks.py:692] global_step/sec: 3.03621
INFO:tensorflow:global_step/sec: 3.07922
I0617 00:31:49.505655 140538222822208 basic_session_run_hooks.py:692] global_step/sec: 3.07922
INFO:tensorflow:global_step/sec: 3.07196
I0617 00:32:22.058180 140538222822208 basic_session_run_hooks.py:692] global_step/sec: 3.07196
INFO:tensorflow:global_step/sec: 3.04383
I0617 00:32:54.911480 140538222822208 basic_session_run_hooks.py:692] global_step/sec: 3.04383
INFO:tensorflow:global_step/sec: 3.05593
I0617 00:33:27.634721 140538222822208 basic_session_run_hooks.py:692] global_step/sec: 3.05593
INFO:tensorflow:global_step/sec: 3.07504
I0617 00:34:00.154629 140538222822208 basic_session_run_hooks.py:692] global_step/sec: 3.07504
I0617 00:34:00.156052 140538222822208 run_model.py:84] Step 180000: Loss 0.160399
INFO:tensorflow:global_step/sec: 3.00398
I0617 00:34:33.443850 140538222822208 basic_session_run_hooks.py:692] global_step/sec: 3.00398
INFO:tensorflow:global_step/sec: 3.04254
I0617 00:35:06.311097 140538222822208 basic_session_run_hooks.py:692] global_step/sec: 3.04254
INFO:tensorflow:Saving checkpoints for 180295 into Data/flag_simple/mgn/checkpoint/model.ckpt.
I0617 00:35:36.692528 140538222822208 basic_session_run_hooks.py:606] Saving checkpoints for 180295 into Data/flag_simple/mgn/checkpoint/model.ckpt.
INFO:tensorflow:global_step/sec: 3.02066
I0617 00:35:39.416444 140538222822208 basic_session_run_hooks.py:692] global_step/sec: 3.02066
INFO:tensorflow:global_step/sec: 3.08647
I0617 00:36:11.815867 140538222822208 basic_session_run_hooks.py:692] global_step/sec: 3.08647
INFO:tensorflow:global_step/sec: 3.1117
I0617 00:36:43.952642 140538222822208 basic_session_run_hooks.py:692] global_step/sec: 3.1117
INFO:tensorflow:global_step/sec: 3.07637
I0617 00:37:16.458525 140538222822208 basic_session_run_hooks.py:692] global_step/sec: 3.07637
INFO:tensorflow:global_step/sec: 3.06482
I0617 00:37:49.086890 140538222822208 basic_session_run_hooks.py:692] global_step/sec: 3.06482
INFO:tensorflow:global_step/sec: 3.00448
I0617 00:38:22.370578 140538222822208 basic_session_run_hooks.py:692] global_step/sec: 3.00448
INFO:tensorflow:global_step/sec: 3.04983
I0617 00:38:55.159322 140538222822208 basic_session_run_hooks.py:692] global_step/sec: 3.04983
INFO:tensorflow:global_step/sec: 3.098
I0617 00:39:27.438164 140538222822208 basic_session_run_hooks.py:692] global_step/sec: 3.098
I0617 00:39:27.438653 140538222822208 run_model.py:84] Step 181000: Loss 0.306596
INFO:tensorflow:global_step/sec: 3.11169
I0617 00:39:59.575069 140538222822208 basic_session_run_hooks.py:692] global_step/sec: 3.11169
INFO:tensorflow:global_step/sec: 3.09061
I0617 00:40:31.931160 140538222822208 basic_session_run_hooks.py:692] global_step/sec: 3.09061
INFO:tensorflow:global_step/sec: 3.06818
I0617 00:41:04.523790 140538222822208 basic_session_run_hooks.py:692] global_step/sec: 3.06818
INFO:tensorflow:global_step/sec: 3.08813
I0617 00:41:36.905852 140538222822208 basic_session_run_hooks.py:692] global_step/sec: 3.08813
INFO:tensorflow:global_step/sec: 3.03851
I0617 00:42:09.816743 140538222822208 basic_session_run_hooks.py:692] global_step/sec: 3.03851
INFO:tensorflow:global_step/sec: 3.05246
I0617 00:42:42.577240 140538222822208 basic_session_run_hooks.py:692] global_step/sec: 3.05246
INFO:tensorflow:global_step/sec: 3.01475
I0617 00:43:15.747403 140538222822208 basic_session_run_hooks.py:692] global_step/sec: 3.01475
INFO:tensorflow:global_step/sec: 3.03631
I0617 00:43:48.682099 140538222822208 basic_session_run_hooks.py:692] global_step/sec: 3.03631
INFO:tensorflow:global_step/sec: 3.00362
I0617 00:44:21.975275 140538222822208 basic_session_run_hooks.py:692] global_step/sec: 3.00362
INFO:tensorflow:global_step/sec: 3.00846
I0617 00:44:55.214900 140538222822208 basic_session_run_hooks.py:692] global_step/sec: 3.00846
I0617 00:44:55.216439 140538222822208 run_model.py:84] Step 182000: Loss 0.212232
INFO:tensorflow:global_step/sec: 2.99974
I0617 00:45:28.551174 140538222822208 basic_session_run_hooks.py:692] global_step/sec: 2.99974
INFO:tensorflow:Saving checkpoints for 182126 into Data/flag_simple/mgn/checkpoint/model.ckpt.
I0617 00:45:36.778069 140538222822208 basic_session_run_hooks.py:606] Saving checkpoints for 182126 into Data/flag_simple/mgn/checkpoint/model.ckpt.
INFO:tensorflow:global_step/sec: 2.94324
I0617 00:46:02.527318 140538222822208 basic_session_run_hooks.py:692] global_step/sec: 2.94324
INFO:tensorflow:global_step/sec: 3.03416
I0617 00:46:35.485386 140538222822208 basic_session_run_hooks.py:692] global_step/sec: 3.03416
INFO:tensorflow:global_step/sec: 3.02845
I0617 00:47:08.505553 140538222822208 basic_session_run_hooks.py:692] global_step/sec: 3.02845
INFO:tensorflow:global_step/sec: 3.02527
I0617 00:47:41.560406 140538222822208 basic_session_run_hooks.py:692] global_step/sec: 3.02527
INFO:tensorflow:global_step/sec: 3.0195
I0617 00:48:14.678484 140538222822208 basic_session_run_hooks.py:692] global_step/sec: 3.0195
INFO:tensorflow:global_step/sec: 3.06233
I0617 00:48:47.333357 140538222822208 basic_session_run_hooks.py:692] global_step/sec: 3.06233
INFO:tensorflow:global_step/sec: 3.05702
I0617 00:49:20.044918 140538222822208 basic_session_run_hooks.py:692] global_step/sec: 3.05702
INFO:tensorflow:global_step/sec: 3.03166
I0617 00:49:53.030185 140538222822208 basic_session_run_hooks.py:692] global_step/sec: 3.03166
INFO:tensorflow:global_step/sec: 3.02476
I0617 00:50:26.090662 140538222822208 basic_session_run_hooks.py:692] global_step/sec: 3.02476
I0617 00:50:26.091184 140538222822208 run_model.py:84] Step 183000: Loss 0.0597735
INFO:tensorflow:global_step/sec: 3.0309
I0617 00:50:59.084137 140538222822208 basic_session_run_hooks.py:692] global_step/sec: 3.0309
INFO:tensorflow:global_step/sec: 3.07879
I0617 00:51:31.564426 140538222822208 basic_session_run_hooks.py:692] global_step/sec: 3.07879
INFO:tensorflow:global_step/sec: 3.09765
I0617 00:52:03.846988 140538222822208 basic_session_run_hooks.py:692] global_step/sec: 3.09765
INFO:tensorflow:global_step/sec: 3.05812
I0617 00:52:36.546843 140538222822208 basic_session_run_hooks.py:692] global_step/sec: 3.05812
INFO:tensorflow:global_step/sec: 3.02726
I0617 00:53:09.580001 140538222822208 basic_session_run_hooks.py:692] global_step/sec: 3.02726
INFO:tensorflow:global_step/sec: 3.02346
I0617 00:53:42.654699 140538222822208 basic_session_run_hooks.py:692] global_step/sec: 3.02346
INFO:tensorflow:global_step/sec: 3.06215
I0617 00:54:15.311532 140538222822208 basic_session_run_hooks.py:692] global_step/sec: 3.06215
INFO:tensorflow:global_step/sec: 3.02622
I0617 00:54:48.356103 140538222822208 basic_session_run_hooks.py:692] global_step/sec: 3.02622
INFO:tensorflow:global_step/sec: 3.01023
I0617 00:55:21.576162 140538222822208 basic_session_run_hooks.py:692] global_step/sec: 3.01023
INFO:tensorflow:Saving checkpoints for 183947 into Data/flag_simple/mgn/checkpoint/model.ckpt.
I0617 00:55:36.951583 140538222822208 basic_session_run_hooks.py:606] Saving checkpoints for 183947 into Data/flag_simple/mgn/checkpoint/model.ckpt.
INFO:tensorflow:global_step/sec: 2.94265
I0617 00:55:55.559172 140538222822208 basic_session_run_hooks.py:692] global_step/sec: 2.94265
I0617 00:55:55.559748 140538222822208 run_model.py:84] Step 184000: Loss 0.208031
INFO:tensorflow:global_step/sec: 3.07249
I0617 00:56:28.106008 140538222822208 basic_session_run_hooks.py:692] global_step/sec: 3.07249
INFO:tensorflow:global_step/sec: 3.07248
I0617 00:57:00.653001 140538222822208 basic_session_run_hooks.py:692] global_step/sec: 3.07248
INFO:tensorflow:global_step/sec: 3.02875
I0617 00:57:33.669912 140538222822208 basic_session_run_hooks.py:692] global_step/sec: 3.02875
INFO:tensorflow:global_step/sec: 3.03168
I0617 00:58:06.654892 140538222822208 basic_session_run_hooks.py:692] global_step/sec: 3.03168
INFO:tensorflow:global_step/sec: 3.00943
I0617 00:58:39.883786 140538222822208 basic_session_run_hooks.py:692] global_step/sec: 3.00943
INFO:tensorflow:global_step/sec: 3.05381
I0617 00:59:12.629725 140538222822208 basic_session_run_hooks.py:692] global_step/sec: 3.05381
INFO:tensorflow:global_step/sec: 3.03985
I0617 00:59:45.526056 140538222822208 basic_session_run_hooks.py:692] global_step/sec: 3.03985
INFO:tensorflow:global_step/sec: 3.01707
I0617 01:00:18.670784 140538222822208 basic_session_run_hooks.py:692] global_step/sec: 3.01707
INFO:tensorflow:global_step/sec: 3.061
I0617 01:00:51.339820 140538222822208 basic_session_run_hooks.py:692] global_step/sec: 3.061
INFO:tensorflow:global_step/sec: 3.05254
I0617 01:01:24.099365 140538222822208 basic_session_run_hooks.py:692] global_step/sec: 3.05254
I0617 01:01:24.099898 140538222822208 run_model.py:84] Step 185000: Loss 0.248999
INFO:tensorflow:global_step/sec: 3.02877
I0617 01:01:57.116062 140538222822208 basic_session_run_hooks.py:692] global_step/sec: 3.02877
INFO:tensorflow:global_step/sec: 3.03857
I0617 01:02:30.026264 140538222822208 basic_session_run_hooks.py:692] global_step/sec: 3.03857
INFO:tensorflow:global_step/sec: 3.06026
I0617 01:03:02.703208 140538222822208 basic_session_run_hooks.py:692] global_step/sec: 3.06026
INFO:tensorflow:global_step/sec: 3.07175
I0617 01:03:35.257938 140538222822208 basic_session_run_hooks.py:692] global_step/sec: 3.07175
INFO:tensorflow:global_step/sec: 3.06
I0617 01:04:07.937621 140538222822208 basic_session_run_hooks.py:692] global_step/sec: 3.06
INFO:tensorflow:global_step/sec: 3.08829
I0617 01:04:40.318037 140538222822208 basic_session_run_hooks.py:692] global_step/sec: 3.08829
INFO:tensorflow:global_step/sec: 3.06492
I0617 01:05:12.945332 140538222822208 basic_session_run_hooks.py:692] global_step/sec: 3.06492
INFO:tensorflow:Saving checkpoints for 185774 into Data/flag_simple/mgn/checkpoint/model.ckpt.
I0617 01:05:37.269730 140538222822208 basic_session_run_hooks.py:606] Saving checkpoints for 185774 into Data/flag_simple/mgn/checkpoint/model.ckpt.
INFO:tensorflow:global_step/sec: 2.95034
I0617 01:05:46.839728 140538222822208 basic_session_run_hooks.py:692] global_step/sec: 2.95034
INFO:tensorflow:global_step/sec: 3.03221
I0617 01:06:19.819010 140538222822208 basic_session_run_hooks.py:692] global_step/sec: 3.03221
INFO:tensorflow:global_step/sec: 3.03542
I0617 01:06:52.763393 140538222822208 basic_session_run_hooks.py:692] global_step/sec: 3.03542
I0617 01:06:52.764940 140538222822208 run_model.py:84] Step 186000: Loss 0.173163
INFO:tensorflow:global_step/sec: 3.00626
I0617 01:07:26.027324 140538222822208 basic_session_run_hooks.py:692] global_step/sec: 3.00626
INFO:tensorflow:global_step/sec: 3.03312
I0617 01:07:58.996593 140538222822208 basic_session_run_hooks.py:692] global_step/sec: 3.03312
INFO:tensorflow:global_step/sec: 3.04251
I0617 01:08:31.864199 140538222822208 basic_session_run_hooks.py:692] global_step/sec: 3.04251
INFO:tensorflow:global_step/sec: 3.01387
I0617 01:09:05.044112 140538222822208 basic_session_run_hooks.py:692] global_step/sec: 3.01387
INFO:tensorflow:global_step/sec: 3.02479
I0617 01:09:38.104231 140538222822208 basic_session_run_hooks.py:692] global_step/sec: 3.02479
INFO:tensorflow:global_step/sec: 3.03989
I0617 01:10:11.000153 140538222822208 basic_session_run_hooks.py:692] global_step/sec: 3.03989
INFO:tensorflow:global_step/sec: 3.03608
I0617 01:10:43.937345 140538222822208 basic_session_run_hooks.py:692] global_step/sec: 3.03608
INFO:tensorflow:global_step/sec: 3.04912
I0617 01:11:16.733736 140538222822208 basic_session_run_hooks.py:692] global_step/sec: 3.04912
INFO:tensorflow:global_step/sec: 3.04286
I0617 01:11:49.597595 140538222822208 basic_session_run_hooks.py:692] global_step/sec: 3.04286
INFO:tensorflow:global_step/sec: 3.02791
I0617 01:12:22.623687 140538222822208 basic_session_run_hooks.py:692] global_step/sec: 3.02791
I0617 01:12:22.624193 140538222822208 run_model.py:84] Step 187000: Loss 0.241638
INFO:tensorflow:global_step/sec: 3.03163
I0617 01:12:55.609212 140538222822208 basic_session_run_hooks.py:692] global_step/sec: 3.03163
INFO:tensorflow:global_step/sec: 3.02996
I0617 01:13:28.612875 140538222822208 basic_session_run_hooks.py:692] global_step/sec: 3.02996
INFO:tensorflow:global_step/sec: 3.05765
I0617 01:14:01.317714 140538222822208 basic_session_run_hooks.py:692] global_step/sec: 3.05765
INFO:tensorflow:global_step/sec: 3.03529
I0617 01:14:34.263460 140538222822208 basic_session_run_hooks.py:692] global_step/sec: 3.03529
INFO:tensorflow:global_step/sec: 3.05364
I0617 01:15:07.011274 140538222822208 basic_session_run_hooks.py:692] global_step/sec: 3.05364
INFO:tensorflow:Saving checkpoints for 187594 into Data/flag_simple/mgn/checkpoint/model.ckpt.
I0617 01:15:37.590204 140538222822208 basic_session_run_hooks.py:606] Saving checkpoints for 187594 into Data/flag_simple/mgn/checkpoint/model.ckpt.
INFO:tensorflow:global_step/sec: 2.97138
I0617 01:15:40.665601 140538222822208 basic_session_run_hooks.py:692] global_step/sec: 2.97138
INFO:tensorflow:global_step/sec: 3.05789
I0617 01:16:13.367898 140538222822208 basic_session_run_hooks.py:692] global_step/sec: 3.05789
INFO:tensorflow:global_step/sec: 3.03029
I0617 01:16:46.368041 140538222822208 basic_session_run_hooks.py:692] global_step/sec: 3.03029
INFO:tensorflow:global_step/sec: 3.05766
I0617 01:17:19.072750 140538222822208 basic_session_run_hooks.py:692] global_step/sec: 3.05766
INFO:tensorflow:global_step/sec: 3.02511
I0617 01:17:52.129343 140538222822208 basic_session_run_hooks.py:692] global_step/sec: 3.02511
I0617 01:17:52.130712 140538222822208 run_model.py:84] Step 188000: Loss 0.191824
INFO:tensorflow:global_step/sec: 3.05442
I0617 01:18:24.868801 140538222822208 basic_session_run_hooks.py:692] global_step/sec: 3.05442
INFO:tensorflow:global_step/sec: 3.0744
I0617 01:18:57.395463 140538222822208 basic_session_run_hooks.py:692] global_step/sec: 3.0744
INFO:tensorflow:global_step/sec: 3.02169
I0617 01:19:30.489565 140538222822208 basic_session_run_hooks.py:692] global_step/sec: 3.02169
INFO:tensorflow:global_step/sec: 3.00133
I0617 01:20:03.808126 140538222822208 basic_session_run_hooks.py:692] global_step/sec: 3.00133
INFO:tensorflow:global_step/sec: 3.03589
I0617 01:20:36.747476 140538222822208 basic_session_run_hooks.py:692] global_step/sec: 3.03589
INFO:tensorflow:global_step/sec: 3.00423
I0617 01:21:10.033810 140538222822208 basic_session_run_hooks.py:692] global_step/sec: 3.00423
INFO:tensorflow:global_step/sec: 3.00388
I0617 01:21:43.324053 140538222822208 basic_session_run_hooks.py:692] global_step/sec: 3.00388
INFO:tensorflow:global_step/sec: 3.01912
I0617 01:22:16.446345 140538222822208 basic_session_run_hooks.py:692] global_step/sec: 3.01912
INFO:tensorflow:global_step/sec: 3.03627
I0617 01:22:49.381500 140538222822208 basic_session_run_hooks.py:692] global_step/sec: 3.03627
INFO:tensorflow:global_step/sec: 3.03555
I0617 01:23:22.324497 140538222822208 basic_session_run_hooks.py:692] global_step/sec: 3.03555
I0617 01:23:22.324985 140538222822208 run_model.py:84] Step 189000: Loss 0.256359
INFO:tensorflow:global_step/sec: 3.02013
I0617 01:23:55.435697 140538222822208 basic_session_run_hooks.py:692] global_step/sec: 3.02013
INFO:tensorflow:global_step/sec: 3.03543
I0617 01:24:28.379963 140538222822208 basic_session_run_hooks.py:692] global_step/sec: 3.03543
INFO:tensorflow:global_step/sec: 3.06448
I0617 01:25:01.011902 140538222822208 basic_session_run_hooks.py:692] global_step/sec: 3.06448
INFO:tensorflow:global_step/sec: 3.03226
I0617 01:25:33.990578 140538222822208 basic_session_run_hooks.py:692] global_step/sec: 3.03226
INFO:tensorflow:Saving checkpoints for 189412 into Data/flag_simple/mgn/checkpoint/model.ckpt.
I0617 01:25:37.654966 140538222822208 basic_session_run_hooks.py:606] Saving checkpoints for 189412 into Data/flag_simple/mgn/checkpoint/model.ckpt.
INFO:tensorflow:global_step/sec: 2.97997
I0617 01:26:07.547995 140538222822208 basic_session_run_hooks.py:692] global_step/sec: 2.97997
INFO:tensorflow:global_step/sec: 3.04097
I0617 01:26:40.432269 140538222822208 basic_session_run_hooks.py:692] global_step/sec: 3.04097
INFO:tensorflow:global_step/sec: 3.05605
I0617 01:27:13.154272 140538222822208 basic_session_run_hooks.py:692] global_step/sec: 3.05605
INFO:tensorflow:global_step/sec: 3.03842
I0617 01:27:46.066174 140538222822208 basic_session_run_hooks.py:692] global_step/sec: 3.03842
INFO:tensorflow:global_step/sec: 3.09454
I0617 01:28:18.381139 140538222822208 basic_session_run_hooks.py:692] global_step/sec: 3.09454
INFO:tensorflow:global_step/sec: 3.07193
I0617 01:28:50.934039 140538222822208 basic_session_run_hooks.py:692] global_step/sec: 3.07193
I0617 01:28:50.935676 140538222822208 run_model.py:84] Step 190000: Loss 0.184092
INFO:tensorflow:global_step/sec: 3.06548
I0617 01:29:23.555298 140538222822208 basic_session_run_hooks.py:692] global_step/sec: 3.06548
INFO:tensorflow:global_step/sec: 3.05683
I0617 01:29:56.268945 140538222822208 basic_session_run_hooks.py:692] global_step/sec: 3.05683
INFO:tensorflow:global_step/sec: 3.04019
I0617 01:30:29.161615 140538222822208 basic_session_run_hooks.py:692] global_step/sec: 3.04019
INFO:tensorflow:global_step/sec: 3.06196
I0617 01:31:01.820439 140538222822208 basic_session_run_hooks.py:692] global_step/sec: 3.06196
INFO:tensorflow:global_step/sec: 3.03473
I0617 01:31:34.772332 140538222822208 basic_session_run_hooks.py:692] global_step/sec: 3.03473
INFO:tensorflow:global_step/sec: 3.08293
I0617 01:32:07.209030 140538222822208 basic_session_run_hooks.py:692] global_step/sec: 3.08293
INFO:tensorflow:global_step/sec: 3.03984
I0617 01:32:40.105584 140538222822208 basic_session_run_hooks.py:692] global_step/sec: 3.03984
INFO:tensorflow:global_step/sec: 3.07867
I0617 01:33:12.587139 140538222822208 basic_session_run_hooks.py:692] global_step/sec: 3.07867
INFO:tensorflow:global_step/sec: 3.06784
I0617 01:33:45.183346 140538222822208 basic_session_run_hooks.py:692] global_step/sec: 3.06784
INFO:tensorflow:global_step/sec: 3.06484
I0617 01:34:17.811502 140538222822208 basic_session_run_hooks.py:692] global_step/sec: 3.06484
I0617 01:34:17.812083 140538222822208 run_model.py:84] Step 191000: Loss 0.182781
INFO:tensorflow:global_step/sec: 3.04604
I0617 01:34:50.641004 140538222822208 basic_session_run_hooks.py:692] global_step/sec: 3.04604
INFO:tensorflow:global_step/sec: 3.06308
I0617 01:35:23.287878 140538222822208 basic_session_run_hooks.py:692] global_step/sec: 3.06308
INFO:tensorflow:Saving checkpoints for 191244 into Data/flag_simple/mgn/checkpoint/model.ckpt.
I0617 01:35:37.692906 140538222822208 basic_session_run_hooks.py:606] Saving checkpoints for 191244 into Data/flag_simple/mgn/checkpoint/model.ckpt.
INFO:tensorflow:global_step/sec: 2.95883
I0617 01:35:57.085026 140538222822208 basic_session_run_hooks.py:692] global_step/sec: 2.95883
INFO:tensorflow:global_step/sec: 3.07794
I0617 01:36:29.574213 140538222822208 basic_session_run_hooks.py:692] global_step/sec: 3.07794
INFO:tensorflow:global_step/sec: 3.04721
I0617 01:37:02.391092 140538222822208 basic_session_run_hooks.py:692] global_step/sec: 3.04721
INFO:tensorflow:global_step/sec: 3.03881
I0617 01:37:35.298757 140538222822208 basic_session_run_hooks.py:692] global_step/sec: 3.03881
INFO:tensorflow:global_step/sec: 3.05984
I0617 01:38:07.980113 140538222822208 basic_session_run_hooks.py:692] global_step/sec: 3.05984
INFO:tensorflow:global_step/sec: 3.07725
I0617 01:38:40.476670 140538222822208 basic_session_run_hooks.py:692] global_step/sec: 3.07725
INFO:tensorflow:global_step/sec: 3.06152
I0617 01:39:13.140162 140538222822208 basic_session_run_hooks.py:692] global_step/sec: 3.06152
INFO:tensorflow:global_step/sec: 3.04681
I0617 01:39:45.961361 140538222822208 basic_session_run_hooks.py:692] global_step/sec: 3.04681
I0617 01:39:45.962423 140538222822208 run_model.py:84] Step 192000: Loss 0.247413
INFO:tensorflow:global_step/sec: 3.06954
I0617 01:40:18.539517 140538222822208 basic_session_run_hooks.py:692] global_step/sec: 3.06954
INFO:tensorflow:global_step/sec: 3.03994
I0617 01:40:51.434901 140538222822208 basic_session_run_hooks.py:692] global_step/sec: 3.03994
INFO:tensorflow:global_step/sec: 3.0557
I0617 01:41:24.160555 140538222822208 basic_session_run_hooks.py:692] global_step/sec: 3.0557
INFO:tensorflow:global_step/sec: 3.07825
I0617 01:41:56.646555 140538222822208 basic_session_run_hooks.py:692] global_step/sec: 3.07825
INFO:tensorflow:global_step/sec: 3.04874
I0617 01:42:29.446980 140538222822208 basic_session_run_hooks.py:692] global_step/sec: 3.04874
INFO:tensorflow:global_step/sec: 3.10954
I0617 01:43:01.606112 140538222822208 basic_session_run_hooks.py:692] global_step/sec: 3.10954
INFO:tensorflow:global_step/sec: 3.07452
I0617 01:43:34.131490 140538222822208 basic_session_run_hooks.py:692] global_step/sec: 3.07452
INFO:tensorflow:global_step/sec: 3.11531
I0617 01:44:06.230997 140538222822208 basic_session_run_hooks.py:692] global_step/sec: 3.11531
INFO:tensorflow:global_step/sec: 3.08134
I0617 01:44:38.684406 140538222822208 basic_session_run_hooks.py:692] global_step/sec: 3.08134
INFO:tensorflow:global_step/sec: 3.05936
I0617 01:45:11.370997 140538222822208 basic_session_run_hooks.py:692] global_step/sec: 3.05936
I0617 01:45:11.371496 140538222822208 run_model.py:84] Step 193000: Loss 0.10157
INFO:tensorflow:Saving checkpoints for 193081 into Data/flag_simple/mgn/checkpoint/model.ckpt.
I0617 01:45:37.738457 140538222822208 basic_session_run_hooks.py:606] Saving checkpoints for 193081 into Data/flag_simple/mgn/checkpoint/model.ckpt.
INFO:tensorflow:global_step/sec: 2.97581
I0617 01:45:44.975302 140538222822208 basic_session_run_hooks.py:692] global_step/sec: 2.97581
INFO:tensorflow:global_step/sec: 3.07869
I0617 01:46:17.456708 140538222822208 basic_session_run_hooks.py:692] global_step/sec: 3.07869
INFO:tensorflow:global_step/sec: 3.077
I0617 01:46:49.955866 140538222822208 basic_session_run_hooks.py:692] global_step/sec: 3.077
INFO:tensorflow:global_step/sec: 3.07914
I0617 01:47:22.432432 140538222822208 basic_session_run_hooks.py:692] global_step/sec: 3.07914
INFO:tensorflow:global_step/sec: 3.01147
I0617 01:47:55.638759 140538222822208 basic_session_run_hooks.py:692] global_step/sec: 3.01147
INFO:tensorflow:global_step/sec: 3.03894
I0617 01:48:28.545053 140538222822208 basic_session_run_hooks.py:692] global_step/sec: 3.03894
INFO:tensorflow:global_step/sec: 3.0505
I0617 01:49:01.326506 140538222822208 basic_session_run_hooks.py:692] global_step/sec: 3.0505
INFO:tensorflow:global_step/sec: 3.03659
I0617 01:49:34.258167 140538222822208 basic_session_run_hooks.py:692] global_step/sec: 3.03659
INFO:tensorflow:global_step/sec: 3.07986
I0617 01:50:06.727217 140538222822208 basic_session_run_hooks.py:692] global_step/sec: 3.07986
INFO:tensorflow:global_step/sec: 3.05916
I0617 01:50:39.415874 140538222822208 basic_session_run_hooks.py:692] global_step/sec: 3.05916
I0617 01:50:39.417367 140538222822208 run_model.py:84] Step 194000: Loss 0.455795
INFO:tensorflow:global_step/sec: 3.08651
I0617 01:51:11.814944 140538222822208 basic_session_run_hooks.py:692] global_step/sec: 3.08651
INFO:tensorflow:global_step/sec: 3.02944
I0617 01:51:44.824359 140538222822208 basic_session_run_hooks.py:692] global_step/sec: 3.02944
INFO:tensorflow:global_step/sec: 3.05719
I0617 01:52:17.534120 140538222822208 basic_session_run_hooks.py:692] global_step/sec: 3.05719
INFO:tensorflow:global_step/sec: 3.04013
I0617 01:52:50.427456 140538222822208 basic_session_run_hooks.py:692] global_step/sec: 3.04013
INFO:tensorflow:global_step/sec: 3.021
I0617 01:53:23.529020 140538222822208 basic_session_run_hooks.py:692] global_step/sec: 3.021
INFO:tensorflow:global_step/sec: 3.07369
I0617 01:53:56.063170 140538222822208 basic_session_run_hooks.py:692] global_step/sec: 3.07369
INFO:tensorflow:global_step/sec: 3.07687
I0617 01:54:28.563777 140538222822208 basic_session_run_hooks.py:692] global_step/sec: 3.07687
INFO:tensorflow:global_step/sec: 3.08118
I0617 01:55:01.018842 140538222822208 basic_session_run_hooks.py:692] global_step/sec: 3.08118
INFO:tensorflow:global_step/sec: 3.09802
I0617 01:55:33.297510 140538222822208 basic_session_run_hooks.py:692] global_step/sec: 3.09802
INFO:tensorflow:Saving checkpoints for 194915 into Data/flag_simple/mgn/checkpoint/model.ckpt.
I0617 01:55:37.813187 140538222822208 basic_session_run_hooks.py:606] Saving checkpoints for 194915 into Data/flag_simple/mgn/checkpoint/model.ckpt.
INFO:tensorflow:global_step/sec: 2.9866
I0617 01:56:06.780385 140538222822208 basic_session_run_hooks.py:692] global_step/sec: 2.9866
I0617 01:56:06.780998 140538222822208 run_model.py:84] Step 195000: Loss 0.330937
INFO:tensorflow:global_step/sec: 3.04883
I0617 01:56:39.579828 140538222822208 basic_session_run_hooks.py:692] global_step/sec: 3.04883
INFO:tensorflow:global_step/sec: 3.06443
I0617 01:57:12.212256 140538222822208 basic_session_run_hooks.py:692] global_step/sec: 3.06443
INFO:tensorflow:global_step/sec: 3.05054
I0617 01:57:44.993364 140538222822208 basic_session_run_hooks.py:692] global_step/sec: 3.05054
INFO:tensorflow:global_step/sec: 3.05371
I0617 01:58:17.740454 140538222822208 basic_session_run_hooks.py:692] global_step/sec: 3.05371
INFO:tensorflow:global_step/sec: 3.08232
I0617 01:58:50.183568 140538222822208 basic_session_run_hooks.py:692] global_step/sec: 3.08232
INFO:tensorflow:global_step/sec: 3.03597
I0617 01:59:23.121960 140538222822208 basic_session_run_hooks.py:692] global_step/sec: 3.03597
INFO:tensorflow:global_step/sec: 3.06516
I0617 01:59:55.746620 140538222822208 basic_session_run_hooks.py:692] global_step/sec: 3.06516
INFO:tensorflow:global_step/sec: 3.05413
I0617 02:00:28.489187 140538222822208 basic_session_run_hooks.py:692] global_step/sec: 3.05413
INFO:tensorflow:global_step/sec: 3.05474
I0617 02:01:01.225148 140538222822208 basic_session_run_hooks.py:692] global_step/sec: 3.05474
INFO:tensorflow:global_step/sec: 3.06567
I0617 02:01:33.844411 140538222822208 basic_session_run_hooks.py:692] global_step/sec: 3.06567
I0617 02:01:33.845928 140538222822208 run_model.py:84] Step 196000: Loss 0.268186
INFO:tensorflow:global_step/sec: 3.10853
I0617 02:02:06.013962 140538222822208 basic_session_run_hooks.py:692] global_step/sec: 3.10853
INFO:tensorflow:global_step/sec: 3.05316
I0617 02:02:38.766942 140538222822208 basic_session_run_hooks.py:692] global_step/sec: 3.05316
INFO:tensorflow:global_step/sec: 3.09316
I0617 02:03:11.096367 140538222822208 basic_session_run_hooks.py:692] global_step/sec: 3.09316
INFO:tensorflow:global_step/sec: 3.1024
I0617 02:03:43.329514 140538222822208 basic_session_run_hooks.py:692] global_step/sec: 3.1024
INFO:tensorflow:global_step/sec: 3.06466
I0617 02:04:15.959573 140538222822208 basic_session_run_hooks.py:692] global_step/sec: 3.06466
INFO:tensorflow:global_step/sec: 3.06772
I0617 02:04:48.557054 140538222822208 basic_session_run_hooks.py:692] global_step/sec: 3.06772
INFO:tensorflow:global_step/sec: 3.08895
I0617 02:05:20.930579 140538222822208 basic_session_run_hooks.py:692] global_step/sec: 3.08895
INFO:tensorflow:Saving checkpoints for 196753 into Data/flag_simple/mgn/checkpoint/model.ckpt.
I0617 02:05:37.855852 140538222822208 basic_session_run_hooks.py:606] Saving checkpoints for 196753 into Data/flag_simple/mgn/checkpoint/model.ckpt.
INFO:tensorflow:global_step/sec: 3.01555
I0617 02:05:54.092034 140538222822208 basic_session_run_hooks.py:692] global_step/sec: 3.01555
INFO:tensorflow:global_step/sec: 3.10214
I0617 02:06:26.327762 140538222822208 basic_session_run_hooks.py:692] global_step/sec: 3.10214
INFO:tensorflow:global_step/sec: 3.11713
I0617 02:06:58.408543 140538222822208 basic_session_run_hooks.py:692] global_step/sec: 3.11713
I0617 02:06:58.409146 140538222822208 run_model.py:84] Step 197000: Loss 0.332626
INFO:tensorflow:global_step/sec: 3.08393
I0617 02:07:30.834732 140538222822208 basic_session_run_hooks.py:692] global_step/sec: 3.08393
INFO:tensorflow:global_step/sec: 3.07378
I0617 02:08:03.367948 140538222822208 basic_session_run_hooks.py:692] global_step/sec: 3.07378
INFO:tensorflow:global_step/sec: 3.11968
I0617 02:08:35.422506 140538222822208 basic_session_run_hooks.py:692] global_step/sec: 3.11968
INFO:tensorflow:global_step/sec: 3.05162
I0617 02:09:08.192018 140538222822208 basic_session_run_hooks.py:692] global_step/sec: 3.05162
INFO:tensorflow:global_step/sec: 3.04927
I0617 02:09:40.986735 140538222822208 basic_session_run_hooks.py:692] global_step/sec: 3.04927
INFO:tensorflow:global_step/sec: 3.05957
I0617 02:10:13.671049 140538222822208 basic_session_run_hooks.py:692] global_step/sec: 3.05957
INFO:tensorflow:global_step/sec: 3.06432
I0617 02:10:46.304654 140538222822208 basic_session_run_hooks.py:692] global_step/sec: 3.06432
INFO:tensorflow:global_step/sec: 3.03751
I0617 02:11:19.226399 140538222822208 basic_session_run_hooks.py:692] global_step/sec: 3.03751
INFO:tensorflow:global_step/sec: 2.99507
I0617 02:11:52.614634 140538222822208 basic_session_run_hooks.py:692] global_step/sec: 2.99507
INFO:tensorflow:global_step/sec: 3.02321
I0617 02:12:25.692061 140538222822208 basic_session_run_hooks.py:692] global_step/sec: 3.02321
I0617 02:12:25.693132 140538222822208 run_model.py:84] Step 198000: Loss 0.252688
INFO:tensorflow:global_step/sec: 3.06733
I0617 02:12:58.293678 140538222822208 basic_session_run_hooks.py:692] global_step/sec: 3.06733
INFO:tensorflow:global_step/sec: 3.05924
I0617 02:13:30.981551 140538222822208 basic_session_run_hooks.py:692] global_step/sec: 3.05924
INFO:tensorflow:global_step/sec: 3.04837
I0617 02:14:03.786028 140538222822208 basic_session_run_hooks.py:692] global_step/sec: 3.04837
INFO:tensorflow:global_step/sec: 3.09627
I0617 02:14:36.082966 140538222822208 basic_session_run_hooks.py:692] global_step/sec: 3.09627
INFO:tensorflow:global_step/sec: 3.05147
I0617 02:15:08.854091 140538222822208 basic_session_run_hooks.py:692] global_step/sec: 3.05147
INFO:tensorflow:Saving checkpoints for 198591 into Data/flag_simple/mgn/checkpoint/model.ckpt.
I0617 02:15:38.162316 140538222822208 basic_session_run_hooks.py:606] Saving checkpoints for 198591 into Data/flag_simple/mgn/checkpoint/model.ckpt.
INFO:tensorflow:global_step/sec: 2.99951
I0617 02:15:42.192844 140538222822208 basic_session_run_hooks.py:692] global_step/sec: 2.99951
INFO:tensorflow:global_step/sec: 3.04658
I0617 02:16:15.016547 140538222822208 basic_session_run_hooks.py:692] global_step/sec: 3.04658
INFO:tensorflow:global_step/sec: 3.10464
I0617 02:16:47.226417 140538222822208 basic_session_run_hooks.py:692] global_step/sec: 3.10464
INFO:tensorflow:global_step/sec: 3.09352
I0617 02:17:19.552056 140538222822208 basic_session_run_hooks.py:692] global_step/sec: 3.09352
INFO:tensorflow:global_step/sec: 3.04702
I0617 02:17:52.371027 140538222822208 basic_session_run_hooks.py:692] global_step/sec: 3.04702
I0617 02:17:52.371530 140538222822208 run_model.py:84] Step 199000: Loss 0.180138
INFO:tensorflow:global_step/sec: 3.04317
I0617 02:18:25.231536 140538222822208 basic_session_run_hooks.py:692] global_step/sec: 3.04317
INFO:tensorflow:global_step/sec: 3.06333
I0617 02:18:57.875732 140538222822208 basic_session_run_hooks.py:692] global_step/sec: 3.06333
INFO:tensorflow:global_step/sec: 3.03562
I0617 02:19:30.817924 140538222822208 basic_session_run_hooks.py:692] global_step/sec: 3.03562
INFO:tensorflow:global_step/sec: 3.0175
I0617 02:20:03.957888 140538222822208 basic_session_run_hooks.py:692] global_step/sec: 3.0175
INFO:tensorflow:global_step/sec: 3.02329
I0617 02:20:37.034408 140538222822208 basic_session_run_hooks.py:692] global_step/sec: 3.02329
INFO:tensorflow:global_step/sec: 3.06517
I0617 02:21:09.658988 140538222822208 basic_session_run_hooks.py:692] global_step/sec: 3.06517
INFO:tensorflow:global_step/sec: 3.08066
I0617 02:21:42.119637 140538222822208 basic_session_run_hooks.py:692] global_step/sec: 3.08066
INFO:tensorflow:global_step/sec: 3.0684
I0617 02:22:14.709869 140538222822208 basic_session_run_hooks.py:692] global_step/sec: 3.0684
INFO:tensorflow:global_step/sec: 3.07528
I0617 02:22:47.227227 140538222822208 basic_session_run_hooks.py:692] global_step/sec: 3.07528
I0617 02:23:19.382820 140538222822208 run_model.py:85] Training complete.
INFO:tensorflow:Saving checkpoints for 200000 into Data/flag_simple/mgn/checkpoint/model.ckpt.
I0617 02:23:19.384266 140538222822208 basic_session_run_hooks.py:606] Saving checkpoints for 200000 into Data/flag_simple/mgn/checkpoint/model.ckpt.
+ echo 'MGN Rollout started'
+ python -m meshgraphnets.run_model --model=cloth --mode=eval --checkpoint_dir=Data/flag_simple/mgn/checkpoint --dataset_dir=Data/flag_simple --rollout_path=Data/flag_simple/mgn/rollout.pkl --num_rollouts=100
WARNING:tensorflow:From /home/cril/arafat/miniconda3/envs/mgn/lib/python3.6/site-packages/tensorflow_core/python/ops/resource_variable_ops.py:1630: calling BaseResourceVariable.__init__ (from tensorflow.python.ops.resource_variable_ops) with constraint is deprecated and will be removed in a future version.
Instructions for updating:
If using Keras pass *_constraint arguments to layers.
W0617 02:23:25.642294 140490698076992 deprecation.py:506] From /home/cril/arafat/miniconda3/envs/mgn/lib/python3.6/site-packages/tensorflow_core/python/ops/resource_variable_ops.py:1630: calling BaseResourceVariable.__init__ (from tensorflow.python.ops.resource_variable_ops) with constraint is deprecated and will be removed in a future version.
Instructions for updating:
If using Keras pass *_constraint arguments to layers.
WARNING:tensorflow:From /home/cril/arafat/miniconda3/envs/mgn/lib/python3.6/site-packages/sonnet/python/modules/basic.py:127: calling TruncatedNormal.__init__ (from tensorflow.python.ops.init_ops) with dtype is deprecated and will be removed in a future version.
Instructions for updating:
Call initializer instance with the dtype argument instead of passing it to the constructor
W0617 02:23:26.162918 140490698076992 deprecation.py:506] From /home/cril/arafat/miniconda3/envs/mgn/lib/python3.6/site-packages/sonnet/python/modules/basic.py:127: calling TruncatedNormal.__init__ (from tensorflow.python.ops.init_ops) with dtype is deprecated and will be removed in a future version.
Instructions for updating:
Call initializer instance with the dtype argument instead of passing it to the constructor
WARNING:tensorflow:From /home/cril/arafat/miniconda3/envs/mgn/lib/python3.6/site-packages/sonnet/python/modules/basic.py:132: calling Zeros.__init__ (from tensorflow.python.ops.init_ops) with dtype is deprecated and will be removed in a future version.
Instructions for updating:
Call initializer instance with the dtype argument instead of passing it to the constructor
W0617 02:23:26.163374 140490698076992 deprecation.py:506] From /home/cril/arafat/miniconda3/envs/mgn/lib/python3.6/site-packages/sonnet/python/modules/basic.py:132: calling Zeros.__init__ (from tensorflow.python.ops.init_ops) with dtype is deprecated and will be removed in a future version.
Instructions for updating:
Call initializer instance with the dtype argument instead of passing it to the constructor
WARNING:tensorflow:From /home/cril/arafat/MGN-C/meshgraphnets/cloth_eval.py:32: where (from tensorflow.python.ops.array_ops) is deprecated and will be removed in a future version.
Instructions for updating:
Use tf.where in 2.0, which has the same broadcast rule as np.where
W0617 02:23:27.873583 140490698076992 deprecation.py:323] From /home/cril/arafat/MGN-C/meshgraphnets/cloth_eval.py:32: where (from tensorflow.python.ops.array_ops) is deprecated and will be removed in a future version.
Instructions for updating:
Use tf.where in 2.0, which has the same broadcast rule as np.where
WARNING:tensorflow:From /home/cril/arafat/miniconda3/envs/mgn/lib/python3.6/site-packages/tensorflow_core/python/training/training_util.py:236: Variable.initialized_value (from tensorflow.python.ops.variables) is deprecated and will be removed in a future version.
Instructions for updating:
Use Variable.read_value. Variables in 2.X are initialized automatically both in eager and graph (inside tf.defun) contexts.
W0617 02:23:28.150353 140490698076992 deprecation.py:323] From /home/cril/arafat/miniconda3/envs/mgn/lib/python3.6/site-packages/tensorflow_core/python/training/training_util.py:236: Variable.initialized_value (from tensorflow.python.ops.variables) is deprecated and will be removed in a future version.
Instructions for updating:
Use Variable.read_value. Variables in 2.X are initialized automatically both in eager and graph (inside tf.defun) contexts.
INFO:tensorflow:Graph was finalized.
I0617 02:23:28.595344 140490698076992 monitored_session.py:240] Graph was finalized.
2026-06-17 02:23:28.598037: I tensorflow/stream_executor/platform/default/dso_loader.cc:44] Successfully opened dynamic library libcuda.so.1
2026-06-17 02:23:28.770380: I tensorflow/core/common_runtime/gpu/gpu_device.cc:1639] Found device 0 with properties: 
name: Quadro RTX 8000 major: 7 minor: 5 memoryClockRate(GHz): 1.62
pciBusID: 0000:b1:00.0
2026-06-17 02:23:28.771223: W tensorflow/stream_executor/platform/default/dso_loader.cc:55] Could not load dynamic library 'libcudart.so.10.0'; dlerror: libcudart.so.10.0: cannot open shared object file: No such file or directory
2026-06-17 02:23:28.771638: W tensorflow/stream_executor/platform/default/dso_loader.cc:55] Could not load dynamic library 'libcublas.so.10.0'; dlerror: libcublas.so.10.0: cannot open shared object file: No such file or directory
2026-06-17 02:23:28.772095: W tensorflow/stream_executor/platform/default/dso_loader.cc:55] Could not load dynamic library 'libcufft.so.10.0'; dlerror: libcufft.so.10.0: cannot open shared object file: No such file or directory
2026-06-17 02:23:28.772524: W tensorflow/stream_executor/platform/default/dso_loader.cc:55] Could not load dynamic library 'libcurand.so.10.0'; dlerror: libcurand.so.10.0: cannot open shared object file: No such file or directory
2026-06-17 02:23:28.772924: W tensorflow/stream_executor/platform/default/dso_loader.cc:55] Could not load dynamic library 'libcusolver.so.10.0'; dlerror: libcusolver.so.10.0: cannot open shared object file: No such file or directory
2026-06-17 02:23:28.773352: W tensorflow/stream_executor/platform/default/dso_loader.cc:55] Could not load dynamic library 'libcusparse.so.10.0'; dlerror: libcusparse.so.10.0: cannot open shared object file: No such file or directory
2026-06-17 02:23:28.773752: W tensorflow/stream_executor/platform/default/dso_loader.cc:55] Could not load dynamic library 'libcudnn.so.7'; dlerror: libcudnn.so.7: cannot open shared object file: No such file or directory
2026-06-17 02:23:28.773758: W tensorflow/core/common_runtime/gpu/gpu_device.cc:1662] Cannot dlopen some GPU libraries. Please make sure the missing libraries mentioned above are installed properly if you would like to use GPU. Follow the guide at https://www.tensorflow.org/install/gpu for how to download and setup the required libraries for your platform.
Skipping registering GPU devices...
2026-06-17 02:23:28.773999: I tensorflow/core/platform/cpu_feature_guard.cc:142] Your CPU supports instructions that this TensorFlow binary was not compiled to use: AVX2 AVX512F FMA
2026-06-17 02:23:28.779223: I tensorflow/core/platform/profile_utils/cpu_utils.cc:94] CPU Frequency: 2900000000 Hz
2026-06-17 02:23:28.779923: I tensorflow/compiler/xla/service/service.cc:168] XLA service 0x55581a933300 initialized for platform Host (this does not guarantee that XLA will be used). Devices:
2026-06-17 02:23:28.779945: I tensorflow/compiler/xla/service/service.cc:176]   StreamExecutor device (0): Host, Default Version
2026-06-17 02:23:28.922009: I tensorflow/compiler/xla/service/service.cc:168] XLA service 0x55581b7fd740 initialized for platform CUDA (this does not guarantee that XLA will be used). Devices:
2026-06-17 02:23:28.922066: I tensorflow/compiler/xla/service/service.cc:176]   StreamExecutor device (0): Quadro RTX 8000, Compute Capability 7.5
2026-06-17 02:23:28.922227: I tensorflow/core/common_runtime/gpu/gpu_device.cc:1180] Device interconnect StreamExecutor with strength 1 edge matrix:
2026-06-17 02:23:28.922244: I tensorflow/core/common_runtime/gpu/gpu_device.cc:1186]      
INFO:tensorflow:Restoring parameters from Data/flag_simple/mgn/checkpoint/model.ckpt-200000
I0617 02:23:28.927457 140490698076992 saver.py:1284] Restoring parameters from Data/flag_simple/mgn/checkpoint/model.ckpt-200000
WARNING:tensorflow:From /home/cril/arafat/miniconda3/envs/mgn/lib/python3.6/site-packages/tensorflow_core/python/training/saver.py:1069: get_checkpoint_mtimes (from tensorflow.python.training.checkpoint_management) is deprecated and will be removed in a future version.
Instructions for updating:
Use standard file utilities to get mtimes.
W0617 02:23:29.286060 140490698076992 deprecation.py:323] From /home/cril/arafat/miniconda3/envs/mgn/lib/python3.6/site-packages/tensorflow_core/python/training/saver.py:1069: get_checkpoint_mtimes (from tensorflow.python.training.checkpoint_management) is deprecated and will be removed in a future version.
Instructions for updating:
Use standard file utilities to get mtimes.
INFO:tensorflow:Running local_init_op.
I0617 02:23:29.505879 140490698076992 session_manager.py:500] Running local_init_op.
INFO:tensorflow:Done running local_init_op.
I0617 02:23:29.551018 140490698076992 session_manager.py:502] Done running local_init_op.
I0617 02:23:29.753026 140490698076992 run_model.py:103] Rollout trajectory 0
I0617 02:24:06.808976 140490698076992 run_model.py:103] Rollout trajectory 1
WARNING:tensorflow:It seems that global step (tf.train.get_global_step) has not been increased. Current value (could be stable): 200000 vs previous value: 200000. You could increase the global step by passing tf.train.get_global_step() to Optimizer.apply_gradients or Optimizer.minimize.
W0617 02:24:42.219962 140490698076992 basic_session_run_hooks.py:724] It seems that global step (tf.train.get_global_step) has not been increased. Current value (could be stable): 200000 vs previous value: 200000. You could increase the global step by passing tf.train.get_global_step() to Optimizer.apply_gradients or Optimizer.minimize.
I0617 02:24:42.220197 140490698076992 run_model.py:103] Rollout trajectory 2
WARNING:tensorflow:It seems that global step (tf.train.get_global_step) has not been increased. Current value (could be stable): 200000 vs previous value: 200000. You could increase the global step by passing tf.train.get_global_step() to Optimizer.apply_gradients or Optimizer.minimize.
W0617 02:25:18.505787 140490698076992 basic_session_run_hooks.py:724] It seems that global step (tf.train.get_global_step) has not been increased. Current value (could be stable): 200000 vs previous value: 200000. You could increase the global step by passing tf.train.get_global_step() to Optimizer.apply_gradients or Optimizer.minimize.
I0617 02:25:18.506105 140490698076992 run_model.py:103] Rollout trajectory 3
WARNING:tensorflow:It seems that global step (tf.train.get_global_step) has not been increased. Current value (could be stable): 200000 vs previous value: 200000. You could increase the global step by passing tf.train.get_global_step() to Optimizer.apply_gradients or Optimizer.minimize.
W0617 02:25:53.298409 140490698076992 basic_session_run_hooks.py:724] It seems that global step (tf.train.get_global_step) has not been increased. Current value (could be stable): 200000 vs previous value: 200000. You could increase the global step by passing tf.train.get_global_step() to Optimizer.apply_gradients or Optimizer.minimize.
I0617 02:25:53.298665 140490698076992 run_model.py:103] Rollout trajectory 4
WARNING:tensorflow:It seems that global step (tf.train.get_global_step) has not been increased. Current value (could be stable): 200000 vs previous value: 200000. You could increase the global step by passing tf.train.get_global_step() to Optimizer.apply_gradients or Optimizer.minimize.
W0617 02:26:29.189710 140490698076992 basic_session_run_hooks.py:724] It seems that global step (tf.train.get_global_step) has not been increased. Current value (could be stable): 200000 vs previous value: 200000. You could increase the global step by passing tf.train.get_global_step() to Optimizer.apply_gradients or Optimizer.minimize.
I0617 02:26:29.189919 140490698076992 run_model.py:103] Rollout trajectory 5
WARNING:tensorflow:It seems that global step (tf.train.get_global_step) has not been increased. Current value (could be stable): 200000 vs previous value: 200000. You could increase the global step by passing tf.train.get_global_step() to Optimizer.apply_gradients or Optimizer.minimize.
W0617 02:27:04.363799 140490698076992 basic_session_run_hooks.py:724] It seems that global step (tf.train.get_global_step) has not been increased. Current value (could be stable): 200000 vs previous value: 200000. You could increase the global step by passing tf.train.get_global_step() to Optimizer.apply_gradients or Optimizer.minimize.
I0617 02:27:04.364016 140490698076992 run_model.py:103] Rollout trajectory 6
I0617 02:27:42.214515 140490698076992 run_model.py:103] Rollout trajectory 7
I0617 02:28:17.928980 140490698076992 run_model.py:103] Rollout trajectory 8
I0617 02:28:56.229581 140490698076992 run_model.py:103] Rollout trajectory 9
I0617 02:29:31.760131 140490698076992 run_model.py:103] Rollout trajectory 10
I0617 02:30:09.247376 140490698076992 run_model.py:103] Rollout trajectory 11
I0617 02:30:45.112112 140490698076992 run_model.py:103] Rollout trajectory 12
I0617 02:31:23.613160 140490698076992 run_model.py:103] Rollout trajectory 13
I0617 02:32:03.539121 140490698076992 run_model.py:103] Rollout trajectory 14
I0617 02:32:44.565958 140490698076992 run_model.py:103] Rollout trajectory 15
I0617 02:33:23.609152 140490698076992 run_model.py:103] Rollout trajectory 16
I0617 02:34:03.048531 140490698076992 run_model.py:103] Rollout trajectory 17
I0617 02:34:42.663872 140490698076992 run_model.py:103] Rollout trajectory 18
I0617 02:35:23.356876 140490698076992 run_model.py:103] Rollout trajectory 19
I0617 02:35:59.275042 140490698076992 run_model.py:103] Rollout trajectory 20
I0617 02:36:39.270555 140490698076992 run_model.py:103] Rollout trajectory 21
I0617 02:37:19.493785 140490698076992 run_model.py:103] Rollout trajectory 22
I0617 02:37:58.036674 140490698076992 run_model.py:103] Rollout trajectory 23
I0617 02:38:32.337343 140490698076992 run_model.py:103] Rollout trajectory 24
I0617 02:39:05.239422 140490698076992 run_model.py:103] Rollout trajectory 25
I0617 02:39:38.488382 140490698076992 run_model.py:103] Rollout trajectory 26
I0617 02:40:18.546350 140490698076992 run_model.py:103] Rollout trajectory 27
I0617 02:40:56.855977 140490698076992 run_model.py:103] Rollout trajectory 28
I0617 02:41:34.885201 140490698076992 run_model.py:103] Rollout trajectory 29
I0617 02:42:13.461954 140490698076992 run_model.py:103] Rollout trajectory 30
I0617 02:42:52.152165 140490698076992 run_model.py:103] Rollout trajectory 31
I0617 02:43:30.690536 140490698076992 run_model.py:103] Rollout trajectory 32
I0617 02:44:09.208656 140490698076992 run_model.py:103] Rollout trajectory 33
I0617 02:44:47.345314 140490698076992 run_model.py:103] Rollout trajectory 34
I0617 02:45:24.912797 140490698076992 run_model.py:103] Rollout trajectory 35
I0617 02:46:05.143893 140490698076992 run_model.py:103] Rollout trajectory 36
I0617 02:46:44.673426 140490698076992 run_model.py:103] Rollout trajectory 37
I0617 02:47:22.677597 140490698076992 run_model.py:103] Rollout trajectory 38
I0617 02:48:02.369106 140490698076992 run_model.py:103] Rollout trajectory 39
I0617 02:48:39.788138 140490698076992 run_model.py:103] Rollout trajectory 40
I0617 02:49:22.272438 140490698076992 run_model.py:103] Rollout trajectory 41
I0617 02:50:03.121902 140490698076992 run_model.py:103] Rollout trajectory 42
I0617 02:50:44.629748 140490698076992 run_model.py:103] Rollout trajectory 43
I0617 02:51:26.259581 140490698076992 run_model.py:103] Rollout trajectory 44
I0617 02:52:06.560817 140490698076992 run_model.py:103] Rollout trajectory 45
I0617 02:52:49.848587 140490698076992 run_model.py:103] Rollout trajectory 46
I0617 02:53:30.800286 140490698076992 run_model.py:103] Rollout trajectory 47
I0617 02:54:10.905482 140490698076992 run_model.py:103] Rollout trajectory 48
I0617 02:54:53.136868 140490698076992 run_model.py:103] Rollout trajectory 49
I0617 02:55:35.113389 140490698076992 run_model.py:103] Rollout trajectory 50
I0617 02:56:16.964251 140490698076992 run_model.py:103] Rollout trajectory 51
I0617 02:56:59.723402 140490698076992 run_model.py:103] Rollout trajectory 52
I0617 02:57:43.049755 140490698076992 run_model.py:103] Rollout trajectory 53
I0617 02:58:20.755752 140490698076992 run_model.py:103] Rollout trajectory 54
I0617 02:59:02.105942 140490698076992 run_model.py:103] Rollout trajectory 55
I0617 02:59:42.480249 140490698076992 run_model.py:103] Rollout trajectory 56
I0617 03:00:25.868815 140490698076992 run_model.py:103] Rollout trajectory 57
I0617 03:01:06.105485 140490698076992 run_model.py:103] Rollout trajectory 58
I0617 03:01:47.559324 140490698076992 run_model.py:103] Rollout trajectory 59
I0617 03:02:30.515827 140490698076992 run_model.py:103] Rollout trajectory 60
I0617 03:03:12.316907 140490698076992 run_model.py:103] Rollout trajectory 61
I0617 03:03:53.752034 140490698076992 run_model.py:103] Rollout trajectory 62
I0617 03:04:34.599238 140490698076992 run_model.py:103] Rollout trajectory 63
I0617 03:05:16.262258 140490698076992 run_model.py:103] Rollout trajectory 64
I0617 03:05:57.563397 140490698076992 run_model.py:103] Rollout trajectory 65
I0617 03:06:40.306272 140490698076992 run_model.py:103] Rollout trajectory 66
I0617 03:07:21.170105 140490698076992 run_model.py:103] Rollout trajectory 67
I0617 03:08:03.305855 140490698076992 run_model.py:103] Rollout trajectory 68
I0617 03:08:41.252559 140490698076992 run_model.py:103] Rollout trajectory 69
I0617 03:09:23.470402 140490698076992 run_model.py:103] Rollout trajectory 70
I0617 03:10:03.314320 140490698076992 run_model.py:103] Rollout trajectory 71
I0617 03:10:41.913756 140490698076992 run_model.py:103] Rollout trajectory 72
I0617 03:11:20.119625 140490698076992 run_model.py:103] Rollout trajectory 73
I0617 03:12:01.296057 140490698076992 run_model.py:103] Rollout trajectory 74
I0617 03:12:41.404782 140490698076992 run_model.py:103] Rollout trajectory 75
I0617 03:13:22.884946 140490698076992 run_model.py:103] Rollout trajectory 76
I0617 03:14:03.201755 140490698076992 run_model.py:103] Rollout trajectory 77
I0617 03:14:43.613708 140490698076992 run_model.py:103] Rollout trajectory 78
I0617 03:15:24.641221 140490698076992 run_model.py:103] Rollout trajectory 79
I0617 03:16:05.297448 140490698076992 run_model.py:103] Rollout trajectory 80
I0617 03:16:45.555029 140490698076992 run_model.py:103] Rollout trajectory 81
I0617 03:17:25.602554 140490698076992 run_model.py:103] Rollout trajectory 82
I0617 03:18:06.591785 140490698076992 run_model.py:103] Rollout trajectory 83
I0617 03:18:45.453824 140490698076992 run_model.py:103] Rollout trajectory 84
I0617 03:19:27.218462 140490698076992 run_model.py:103] Rollout trajectory 85
I0617 03:20:07.575172 140490698076992 run_model.py:103] Rollout trajectory 86
I0617 03:20:45.161765 140490698076992 run_model.py:103] Rollout trajectory 87
I0617 03:21:26.039509 140490698076992 run_model.py:103] Rollout trajectory 88
I0617 03:22:07.189605 140490698076992 run_model.py:103] Rollout trajectory 89
I0617 03:22:47.109036 140490698076992 run_model.py:103] Rollout trajectory 90
I0617 03:23:25.935094 140490698076992 run_model.py:103] Rollout trajectory 91
I0617 03:24:04.396089 140490698076992 run_model.py:103] Rollout trajectory 92
I0617 03:24:43.937410 140490698076992 run_model.py:103] Rollout trajectory 93
I0617 03:25:25.595664 140490698076992 run_model.py:103] Rollout trajectory 94
I0617 03:26:06.177320 140490698076992 run_model.py:103] Rollout trajectory 95
I0617 03:26:46.239973 140490698076992 run_model.py:103] Rollout trajectory 96
I0617 03:27:26.222194 140490698076992 run_model.py:103] Rollout trajectory 97
I0617 03:28:06.074759 140490698076992 run_model.py:103] Rollout trajectory 98
I0617 03:28:47.404563 140490698076992 run_model.py:103] Rollout trajectory 99
I0617 03:29:28.105196 140490698076992 run_model.py:108] mse_1_steps: 2.54966e-06
I0617 03:29:28.105393 140490698076992 run_model.py:108] mse_10_steps: 0.000699093
I0617 03:29:28.105476 140490698076992 run_model.py:108] mse_20_steps: 0.00653469
I0617 03:29:28.105548 140490698076992 run_model.py:108] mse_50_steps: 0.0560846
I0617 03:29:28.105617 140490698076992 run_model.py:108] mse_100_steps: 0.0568471
I0617 03:29:28.105682 140490698076992 run_model.py:108] mse_200_steps: 0.048829
+ ROLLOUT_PATH_mgtn=Data/flag_simple/mgtn/rollout.pkl
+ CHK_DIR_mgtn=Data/flag_simple/mgtn/checkpoint
+ mkdir -p Data/flag_simple/mgtn/checkpoint
+ echo 'mgtn training started'
+ python -m mgtn.run_model --model=cloth --mode=train --checkpoint_dir=Data/flag_simple/mgtn/checkpoint --dataset_dir=Data/flag_simple --num_training_steps=200000
WARNING:tensorflow:From /home/cril/arafat/miniconda3/envs/mgn/lib/python3.6/site-packages/tensorflow_core/python/ops/resource_variable_ops.py:1630: calling BaseResourceVariable.__init__ (from tensorflow.python.ops.resource_variable_ops) with constraint is deprecated and will be removed in a future version.
Instructions for updating:
If using Keras pass *_constraint arguments to layers.
W0617 03:29:46.147698 140521011004224 deprecation.py:506] From /home/cril/arafat/miniconda3/envs/mgn/lib/python3.6/site-packages/tensorflow_core/python/ops/resource_variable_ops.py:1630: calling BaseResourceVariable.__init__ (from tensorflow.python.ops.resource_variable_ops) with constraint is deprecated and will be removed in a future version.
Instructions for updating:
If using Keras pass *_constraint arguments to layers.
WARNING:tensorflow:From /home/cril/arafat/MGN-C/mgtn/dataset.py:113: where (from tensorflow.python.ops.array_ops) is deprecated and will be removed in a future version.
Instructions for updating:
Use tf.where in 2.0, which has the same broadcast rule as np.where
W0617 03:29:46.652851 140521011004224 deprecation.py:323] From /home/cril/arafat/MGN-C/mgtn/dataset.py:113: where (from tensorflow.python.ops.array_ops) is deprecated and will be removed in a future version.
Instructions for updating:
Use tf.where in 2.0, which has the same broadcast rule as np.where
WARNING:tensorflow:From /home/cril/arafat/miniconda3/envs/mgn/lib/python3.6/site-packages/sonnet/python/modules/basic.py:127: calling TruncatedNormal.__init__ (from tensorflow.python.ops.init_ops) with dtype is deprecated and will be removed in a future version.
Instructions for updating:
Call initializer instance with the dtype argument instead of passing it to the constructor
W0617 03:29:46.750387 140521011004224 deprecation.py:506] From /home/cril/arafat/miniconda3/envs/mgn/lib/python3.6/site-packages/sonnet/python/modules/basic.py:127: calling TruncatedNormal.__init__ (from tensorflow.python.ops.init_ops) with dtype is deprecated and will be removed in a future version.
Instructions for updating:
Call initializer instance with the dtype argument instead of passing it to the constructor
WARNING:tensorflow:From /home/cril/arafat/miniconda3/envs/mgn/lib/python3.6/site-packages/sonnet/python/modules/basic.py:132: calling Zeros.__init__ (from tensorflow.python.ops.init_ops) with dtype is deprecated and will be removed in a future version.
Instructions for updating:
Call initializer instance with the dtype argument instead of passing it to the constructor
W0617 03:29:46.750609 140521011004224 deprecation.py:506] From /home/cril/arafat/miniconda3/envs/mgn/lib/python3.6/site-packages/sonnet/python/modules/basic.py:132: calling Zeros.__init__ (from tensorflow.python.ops.init_ops) with dtype is deprecated and will be removed in a future version.
Instructions for updating:
Call initializer instance with the dtype argument instead of passing it to the constructor
WARNING:tensorflow:From /home/cril/arafat/MGN-C/mgtn/TransformerBlock.py:68: dropout (from tensorflow.python.layers.core) is deprecated and will be removed in a future version.
Instructions for updating:
Use keras.layers.dropout instead.
W0617 03:29:47.000301 140521011004224 deprecation.py:323] From /home/cril/arafat/MGN-C/mgtn/TransformerBlock.py:68: dropout (from tensorflow.python.layers.core) is deprecated and will be removed in a future version.
Instructions for updating:
Use keras.layers.dropout instead.
WARNING:tensorflow:From /home/cril/arafat/miniconda3/envs/mgn/lib/python3.6/site-packages/tensorflow_core/python/layers/core.py:271: Layer.apply (from tensorflow.python.keras.engine.base_layer) is deprecated and will be removed in a future version.
Instructions for updating:
Please use `layer.__call__` method instead.
W0617 03:29:47.000701 140521011004224 deprecation.py:323] From /home/cril/arafat/miniconda3/envs/mgn/lib/python3.6/site-packages/tensorflow_core/python/layers/core.py:271: Layer.apply (from tensorflow.python.keras.engine.base_layer) is deprecated and will be removed in a future version.
Instructions for updating:
Please use `layer.__call__` method instead.
INFO:tensorflow:Create CheckpointSaverHook.
I0617 03:29:58.783919 140521011004224 basic_session_run_hooks.py:541] Create CheckpointSaverHook.
WARNING:tensorflow:From /home/cril/arafat/miniconda3/envs/mgn/lib/python3.6/site-packages/tensorflow_core/python/training/training_util.py:236: Variable.initialized_value (from tensorflow.python.ops.variables) is deprecated and will be removed in a future version.
Instructions for updating:
Use Variable.read_value. Variables in 2.X are initialized automatically both in eager and graph (inside tf.defun) contexts.
W0617 03:30:00.695338 140521011004224 deprecation.py:323] From /home/cril/arafat/miniconda3/envs/mgn/lib/python3.6/site-packages/tensorflow_core/python/training/training_util.py:236: Variable.initialized_value (from tensorflow.python.ops.variables) is deprecated and will be removed in a future version.
Instructions for updating:
Use Variable.read_value. Variables in 2.X are initialized automatically both in eager and graph (inside tf.defun) contexts.
INFO:tensorflow:Graph was finalized.
I0617 03:30:02.644014 140521011004224 monitored_session.py:240] Graph was finalized.
2026-06-17 03:30:02.646643: I tensorflow/stream_executor/platform/default/dso_loader.cc:44] Successfully opened dynamic library libcuda.so.1
2026-06-17 03:30:02.808041: I tensorflow/core/common_runtime/gpu/gpu_device.cc:1639] Found device 0 with properties: 
name: Quadro RTX 8000 major: 7 minor: 5 memoryClockRate(GHz): 1.62
pciBusID: 0000:b1:00.0
2026-06-17 03:30:02.808974: W tensorflow/stream_executor/platform/default/dso_loader.cc:55] Could not load dynamic library 'libcudart.so.10.0'; dlerror: libcudart.so.10.0: cannot open shared object file: No such file or directory
2026-06-17 03:30:02.809620: W tensorflow/stream_executor/platform/default/dso_loader.cc:55] Could not load dynamic library 'libcublas.so.10.0'; dlerror: libcublas.so.10.0: cannot open shared object file: No such file or directory
2026-06-17 03:30:02.809991: W tensorflow/stream_executor/platform/default/dso_loader.cc:55] Could not load dynamic library 'libcufft.so.10.0'; dlerror: libcufft.so.10.0: cannot open shared object file: No such file or directory
2026-06-17 03:30:02.810387: W tensorflow/stream_executor/platform/default/dso_loader.cc:55] Could not load dynamic library 'libcurand.so.10.0'; dlerror: libcurand.so.10.0: cannot open shared object file: No such file or directory
2026-06-17 03:30:02.810763: W tensorflow/stream_executor/platform/default/dso_loader.cc:55] Could not load dynamic library 'libcusolver.so.10.0'; dlerror: libcusolver.so.10.0: cannot open shared object file: No such file or directory
2026-06-17 03:30:02.811177: W tensorflow/stream_executor/platform/default/dso_loader.cc:55] Could not load dynamic library 'libcusparse.so.10.0'; dlerror: libcusparse.so.10.0: cannot open shared object file: No such file or directory
2026-06-17 03:30:02.811622: W tensorflow/stream_executor/platform/default/dso_loader.cc:55] Could not load dynamic library 'libcudnn.so.7'; dlerror: libcudnn.so.7: cannot open shared object file: No such file or directory
2026-06-17 03:30:02.811638: W tensorflow/core/common_runtime/gpu/gpu_device.cc:1662] Cannot dlopen some GPU libraries. Please make sure the missing libraries mentioned above are installed properly if you would like to use GPU. Follow the guide at https://www.tensorflow.org/install/gpu for how to download and setup the required libraries for your platform.
Skipping registering GPU devices...
2026-06-17 03:30:02.811916: I tensorflow/core/platform/cpu_feature_guard.cc:142] Your CPU supports instructions that this TensorFlow binary was not compiled to use: AVX2 AVX512F FMA
2026-06-17 03:30:02.818071: I tensorflow/core/platform/profile_utils/cpu_utils.cc:94] CPU Frequency: 2900000000 Hz
2026-06-17 03:30:02.818740: I tensorflow/compiler/xla/service/service.cc:168] XLA service 0x563ad1e0d140 initialized for platform Host (this does not guarantee that XLA will be used). Devices:
2026-06-17 03:30:02.818757: I tensorflow/compiler/xla/service/service.cc:176]   StreamExecutor device (0): Host, Default Version
2026-06-17 03:30:02.960865: I tensorflow/compiler/xla/service/service.cc:168] XLA service 0x563acff17150 initialized for platform CUDA (this does not guarantee that XLA will be used). Devices:
2026-06-17 03:30:02.960929: I tensorflow/compiler/xla/service/service.cc:176]   StreamExecutor device (0): Quadro RTX 8000, Compute Capability 7.5
2026-06-17 03:30:02.961107: I tensorflow/core/common_runtime/gpu/gpu_device.cc:1180] Device interconnect StreamExecutor with strength 1 edge matrix:
2026-06-17 03:30:02.961123: I tensorflow/core/common_runtime/gpu/gpu_device.cc:1186]      
INFO:tensorflow:Restoring parameters from Data/flag_simple/mgtn/checkpoint/model.ckpt-100000
I0617 03:30:02.989989 140521011004224 saver.py:1284] Restoring parameters from Data/flag_simple/mgtn/checkpoint/model.ckpt-100000
WARNING:tensorflow:From /home/cril/arafat/miniconda3/envs/mgn/lib/python3.6/site-packages/tensorflow_core/python/training/saver.py:1069: get_checkpoint_mtimes (from tensorflow.python.training.checkpoint_management) is deprecated and will be removed in a future version.
Instructions for updating:
Use standard file utilities to get mtimes.
W0617 03:30:05.530308 140521011004224 deprecation.py:323] From /home/cril/arafat/miniconda3/envs/mgn/lib/python3.6/site-packages/tensorflow_core/python/training/saver.py:1069: get_checkpoint_mtimes (from tensorflow.python.training.checkpoint_management) is deprecated and will be removed in a future version.
Instructions for updating:
Use standard file utilities to get mtimes.
INFO:tensorflow:Running local_init_op.
I0617 03:30:07.032479 140521011004224 session_manager.py:500] Running local_init_op.
INFO:tensorflow:Done running local_init_op.
I0617 03:30:07.459996 140521011004224 session_manager.py:502] Done running local_init_op.
INFO:tensorflow:Saving checkpoints for 100000 into Data/flag_simple/mgtn/checkpoint/model.ckpt.
I0617 03:30:16.667578 140521011004224 basic_session_run_hooks.py:606] Saving checkpoints for 100000 into Data/flag_simple/mgtn/checkpoint/model.ckpt.
I0617 03:30:32.733026 140521011004224 run_model.py:87] Step 100000: Loss 2.71638
INFO:tensorflow:global_step/sec: 1.22472
I0617 03:31:54.384330 140521011004224 basic_session_run_hooks.py:692] global_step/sec: 1.22472
INFO:tensorflow:global_step/sec: 1.24698
I0617 03:33:14.577942 140521011004224 basic_session_run_hooks.py:692] global_step/sec: 1.24698
INFO:tensorflow:global_step/sec: 1.2634
I0617 03:34:33.729383 140521011004224 basic_session_run_hooks.py:692] global_step/sec: 1.2634
INFO:tensorflow:global_step/sec: 1.25498
I0617 03:35:53.412130 140521011004224 basic_session_run_hooks.py:692] global_step/sec: 1.25498
INFO:tensorflow:global_step/sec: 1.26327
I0617 03:37:12.571692 140521011004224 basic_session_run_hooks.py:692] global_step/sec: 1.26327
INFO:tensorflow:global_step/sec: 1.24744
I0617 03:38:32.735723 140521011004224 basic_session_run_hooks.py:692] global_step/sec: 1.24744
INFO:tensorflow:global_step/sec: 1.24859
I0617 03:39:52.825888 140521011004224 basic_session_run_hooks.py:692] global_step/sec: 1.24859
INFO:tensorflow:Saving checkpoints for 100736 into Data/flag_simple/mgtn/checkpoint/model.ckpt.
I0617 03:40:20.751588 140521011004224 basic_session_run_hooks.py:606] Saving checkpoints for 100736 into Data/flag_simple/mgtn/checkpoint/model.ckpt.
WARNING:tensorflow:From /home/cril/arafat/miniconda3/envs/mgn/lib/python3.6/site-packages/tensorflow_core/python/training/saver.py:963: remove_checkpoint (from tensorflow.python.training.checkpoint_management) is deprecated and will be removed in a future version.
Instructions for updating:
Use standard file APIs to delete files with this prefix.
W0617 03:40:20.934553 140521011004224 deprecation.py:323] From /home/cril/arafat/miniconda3/envs/mgn/lib/python3.6/site-packages/tensorflow_core/python/training/saver.py:963: remove_checkpoint (from tensorflow.python.training.checkpoint_management) is deprecated and will be removed in a future version.
Instructions for updating:
Use standard file APIs to delete files with this prefix.
INFO:tensorflow:global_step/sec: 1.23564
I0617 03:41:13.755768 140521011004224 basic_session_run_hooks.py:692] global_step/sec: 1.23564
INFO:tensorflow:global_step/sec: 1.24973
I0617 03:42:33.772723 140521011004224 basic_session_run_hooks.py:692] global_step/sec: 1.24973
INFO:tensorflow:global_step/sec: 1.24562
I0617 03:43:54.054306 140521011004224 basic_session_run_hooks.py:692] global_step/sec: 1.24562
I0617 03:43:54.055305 140521011004224 run_model.py:87] Step 101000: Loss 0.292895
INFO:tensorflow:global_step/sec: 1.24741
I0617 03:45:14.220303 140521011004224 basic_session_run_hooks.py:692] global_step/sec: 1.24741
INFO:tensorflow:global_step/sec: 1.24997
I0617 03:46:34.222306 140521011004224 basic_session_run_hooks.py:692] global_step/sec: 1.24997
INFO:tensorflow:global_step/sec: 1.2414
I0617 03:47:54.776718 140521011004224 basic_session_run_hooks.py:692] global_step/sec: 1.2414
INFO:tensorflow:global_step/sec: 1.25519
I0617 03:49:14.446004 140521011004224 basic_session_run_hooks.py:692] global_step/sec: 1.25519
INFO:tensorflow:Saving checkpoints for 101485 into Data/flag_simple/mgtn/checkpoint/model.ckpt.
I0617 03:50:21.007999 140521011004224 basic_session_run_hooks.py:606] Saving checkpoints for 101485 into Data/flag_simple/mgtn/checkpoint/model.ckpt.
INFO:tensorflow:global_step/sec: 1.23974
I0617 03:50:35.107796 140521011004224 basic_session_run_hooks.py:692] global_step/sec: 1.23974
INFO:tensorflow:global_step/sec: 1.24446
I0617 03:51:55.463891 140521011004224 basic_session_run_hooks.py:692] global_step/sec: 1.24446
INFO:tensorflow:global_step/sec: 1.24694
I0617 03:53:15.660160 140521011004224 basic_session_run_hooks.py:692] global_step/sec: 1.24694
INFO:tensorflow:global_step/sec: 1.24007
I0617 03:54:36.300808 140521011004224 basic_session_run_hooks.py:692] global_step/sec: 1.24007
INFO:tensorflow:global_step/sec: 1.25085
I0617 03:55:56.246263 140521011004224 basic_session_run_hooks.py:692] global_step/sec: 1.25085
INFO:tensorflow:global_step/sec: 1.24813
I0617 03:57:16.366037 140521011004224 basic_session_run_hooks.py:692] global_step/sec: 1.24813
I0617 03:57:16.367058 140521011004224 run_model.py:87] Step 102000: Loss 0.258752
INFO:tensorflow:global_step/sec: 1.24701
I0617 03:58:36.558059 140521011004224 basic_session_run_hooks.py:692] global_step/sec: 1.24701
INFO:tensorflow:global_step/sec: 1.25188
I0617 03:59:56.437887 140521011004224 basic_session_run_hooks.py:692] global_step/sec: 1.25188
INFO:tensorflow:Saving checkpoints for 102232 into Data/flag_simple/mgtn/checkpoint/model.ckpt.
I0617 04:00:21.454495 140521011004224 basic_session_run_hooks.py:606] Saving checkpoints for 102232 into Data/flag_simple/mgtn/checkpoint/model.ckpt.
INFO:tensorflow:global_step/sec: 1.22208
I0617 04:01:18.265891 140521011004224 basic_session_run_hooks.py:692] global_step/sec: 1.22208
INFO:tensorflow:global_step/sec: 1.24351
I0617 04:02:38.683271 140521011004224 basic_session_run_hooks.py:692] global_step/sec: 1.24351
INFO:tensorflow:global_step/sec: 1.24025
I0617 04:03:59.312454 140521011004224 basic_session_run_hooks.py:692] global_step/sec: 1.24025
INFO:tensorflow:global_step/sec: 1.23805
I0617 04:05:20.084564 140521011004224 basic_session_run_hooks.py:692] global_step/sec: 1.23805
INFO:tensorflow:global_step/sec: 1.25473
I0617 04:06:39.783208 140521011004224 basic_session_run_hooks.py:692] global_step/sec: 1.25473
INFO:tensorflow:global_step/sec: 1.24604
I0617 04:08:00.037266 140521011004224 basic_session_run_hooks.py:692] global_step/sec: 1.24604
INFO:tensorflow:global_step/sec: 1.2456
I0617 04:09:20.319970 140521011004224 basic_session_run_hooks.py:692] global_step/sec: 1.2456
INFO:tensorflow:Saving checkpoints for 102977 into Data/flag_simple/mgtn/checkpoint/model.ckpt.
I0617 04:10:22.127835 140521011004224 basic_session_run_hooks.py:606] Saving checkpoints for 102977 into Data/flag_simple/mgtn/checkpoint/model.ckpt.
INFO:tensorflow:global_step/sec: 1.21479
I0617 04:10:42.638481 140521011004224 basic_session_run_hooks.py:692] global_step/sec: 1.21479
I0617 04:10:42.639301 140521011004224 run_model.py:87] Step 103000: Loss 0.201985
INFO:tensorflow:global_step/sec: 1.25679
I0617 04:12:02.206491 140521011004224 basic_session_run_hooks.py:692] global_step/sec: 1.25679
INFO:tensorflow:global_step/sec: 1.2632
I0617 04:13:21.370762 140521011004224 basic_session_run_hooks.py:692] global_step/sec: 1.2632
INFO:tensorflow:global_step/sec: 1.2481
I0617 04:14:41.492353 140521011004224 basic_session_run_hooks.py:692] global_step/sec: 1.2481
INFO:tensorflow:global_step/sec: 1.24048
I0617 04:16:02.106626 140521011004224 basic_session_run_hooks.py:692] global_step/sec: 1.24048
INFO:tensorflow:global_step/sec: 1.24302
I0617 04:17:22.556106 140521011004224 basic_session_run_hooks.py:692] global_step/sec: 1.24302
INFO:tensorflow:global_step/sec: 1.24774
I0617 04:18:42.701194 140521011004224 basic_session_run_hooks.py:692] global_step/sec: 1.24774
INFO:tensorflow:global_step/sec: 1.26154
I0617 04:20:01.969391 140521011004224 basic_session_run_hooks.py:692] global_step/sec: 1.26154
INFO:tensorflow:Saving checkpoints for 103727 into Data/flag_simple/mgtn/checkpoint/model.ckpt.
I0617 04:20:22.534479 140521011004224 basic_session_run_hooks.py:606] Saving checkpoints for 103727 into Data/flag_simple/mgtn/checkpoint/model.ckpt.
INFO:tensorflow:global_step/sec: 1.24805
I0617 04:21:22.094182 140521011004224 basic_session_run_hooks.py:692] global_step/sec: 1.24805
INFO:tensorflow:global_step/sec: 1.27453
I0617 04:22:40.554444 140521011004224 basic_session_run_hooks.py:692] global_step/sec: 1.27453
INFO:tensorflow:global_step/sec: 1.27703
I0617 04:23:58.861066 140521011004224 basic_session_run_hooks.py:692] global_step/sec: 1.27703
I0617 04:23:58.862084 140521011004224 run_model.py:87] Step 104000: Loss 0.745303
INFO:tensorflow:global_step/sec: 1.27962
I0617 04:25:17.009324 140521011004224 basic_session_run_hooks.py:692] global_step/sec: 1.27962
INFO:tensorflow:global_step/sec: 1.26763
I0617 04:26:35.896910 140521011004224 basic_session_run_hooks.py:692] global_step/sec: 1.26763
INFO:tensorflow:global_step/sec: 1.26789
I0617 04:27:54.767855 140521011004224 basic_session_run_hooks.py:692] global_step/sec: 1.26789
INFO:tensorflow:global_step/sec: 1.27102
I0617 04:29:13.444989 140521011004224 basic_session_run_hooks.py:692] global_step/sec: 1.27102
INFO:tensorflow:Saving checkpoints for 104489 into Data/flag_simple/mgtn/checkpoint/model.ckpt.
I0617 04:30:22.895315 140521011004224 basic_session_run_hooks.py:606] Saving checkpoints for 104489 into Data/flag_simple/mgtn/checkpoint/model.ckpt.
INFO:tensorflow:global_step/sec: 1.2465
I0617 04:30:33.669285 140521011004224 basic_session_run_hooks.py:692] global_step/sec: 1.2465
INFO:tensorflow:global_step/sec: 1.28303
I0617 04:31:51.609700 140521011004224 basic_session_run_hooks.py:692] global_step/sec: 1.28303
INFO:tensorflow:global_step/sec: 1.27616
I0617 04:33:09.969510 140521011004224 basic_session_run_hooks.py:692] global_step/sec: 1.27616
INFO:tensorflow:global_step/sec: 1.27705
I0617 04:34:28.274741 140521011004224 basic_session_run_hooks.py:692] global_step/sec: 1.27705
INFO:tensorflow:global_step/sec: 1.28497
I0617 04:35:46.097698 140521011004224 basic_session_run_hooks.py:692] global_step/sec: 1.28497
INFO:tensorflow:global_step/sec: 1.29044
I0617 04:37:03.590435 140521011004224 basic_session_run_hooks.py:692] global_step/sec: 1.29044
I0617 04:37:03.591593 140521011004224 run_model.py:87] Step 105000: Loss 0.339788
INFO:tensorflow:global_step/sec: 1.29124
I0617 04:38:21.035496 140521011004224 basic_session_run_hooks.py:692] global_step/sec: 1.29124
INFO:tensorflow:global_step/sec: 1.28428
I0617 04:39:38.899911 140521011004224 basic_session_run_hooks.py:692] global_step/sec: 1.28428
INFO:tensorflow:Saving checkpoints for 105258 into Data/flag_simple/mgtn/checkpoint/model.ckpt.
I0617 04:40:23.587108 140521011004224 basic_session_run_hooks.py:606] Saving checkpoints for 105258 into Data/flag_simple/mgtn/checkpoint/model.ckpt.
INFO:tensorflow:global_step/sec: 1.25121
I0617 04:40:58.822651 140521011004224 basic_session_run_hooks.py:692] global_step/sec: 1.25121
INFO:tensorflow:global_step/sec: 1.27235
I0617 04:42:17.417292 140521011004224 basic_session_run_hooks.py:692] global_step/sec: 1.27235
INFO:tensorflow:global_step/sec: 1.26897
I0617 04:43:36.221447 140521011004224 basic_session_run_hooks.py:692] global_step/sec: 1.26897
INFO:tensorflow:global_step/sec: 1.27678
I0617 04:44:54.543596 140521011004224 basic_session_run_hooks.py:692] global_step/sec: 1.27678
INFO:tensorflow:global_step/sec: 1.28458
I0617 04:46:12.390288 140521011004224 basic_session_run_hooks.py:692] global_step/sec: 1.28458
INFO:tensorflow:global_step/sec: 1.28284
I0617 04:47:30.342277 140521011004224 basic_session_run_hooks.py:692] global_step/sec: 1.28284
INFO:tensorflow:global_step/sec: 1.27652
I0617 04:48:48.680130 140521011004224 basic_session_run_hooks.py:692] global_step/sec: 1.27652
INFO:tensorflow:global_step/sec: 1.2812
I0617 04:50:06.732018 140521011004224 basic_session_run_hooks.py:692] global_step/sec: 1.2812
I0617 04:50:06.733820 140521011004224 run_model.py:87] Step 106000: Loss 0.319054
INFO:tensorflow:Saving checkpoints for 106023 into Data/flag_simple/mgtn/checkpoint/model.ckpt.
I0617 04:50:24.158986 140521011004224 basic_session_run_hooks.py:606] Saving checkpoints for 106023 into Data/flag_simple/mgtn/checkpoint/model.ckpt.
INFO:tensorflow:global_step/sec: 1.25268
I0617 04:51:26.561087 140521011004224 basic_session_run_hooks.py:692] global_step/sec: 1.25268
INFO:tensorflow:global_step/sec: 1.27063
I0617 04:52:45.262100 140521011004224 basic_session_run_hooks.py:692] global_step/sec: 1.27063
INFO:tensorflow:global_step/sec: 1.27639
I0617 04:54:03.607866 140521011004224 basic_session_run_hooks.py:692] global_step/sec: 1.27639
INFO:tensorflow:global_step/sec: 1.27976
I0617 04:55:21.747310 140521011004224 basic_session_run_hooks.py:692] global_step/sec: 1.27976
INFO:tensorflow:global_step/sec: 1.27619
I0617 04:56:40.105395 140521011004224 basic_session_run_hooks.py:692] global_step/sec: 1.27619
INFO:tensorflow:global_step/sec: 1.27332
I0617 04:57:58.640250 140521011004224 basic_session_run_hooks.py:692] global_step/sec: 1.27332
INFO:tensorflow:global_step/sec: 1.27382
I0617 04:59:17.144409 140521011004224 basic_session_run_hooks.py:692] global_step/sec: 1.27382
INFO:tensorflow:Saving checkpoints for 106788 into Data/flag_simple/mgtn/checkpoint/model.ckpt.
I0617 05:00:24.682457 140521011004224 basic_session_run_hooks.py:606] Saving checkpoints for 106788 into Data/flag_simple/mgtn/checkpoint/model.ckpt.
INFO:tensorflow:global_step/sec: 1.2626
I0617 05:00:36.345870 140521011004224 basic_session_run_hooks.py:692] global_step/sec: 1.2626
INFO:tensorflow:global_step/sec: 1.27942
I0617 05:01:54.505984 140521011004224 basic_session_run_hooks.py:692] global_step/sec: 1.27942
INFO:tensorflow:global_step/sec: 1.27808
I0617 05:03:12.748132 140521011004224 basic_session_run_hooks.py:692] global_step/sec: 1.27808
I0617 05:03:12.749669 140521011004224 run_model.py:87] Step 107000: Loss 0.335282
INFO:tensorflow:global_step/sec: 1.27275
I0617 05:04:31.318165 140521011004224 basic_session_run_hooks.py:692] global_step/sec: 1.27275
INFO:tensorflow:global_step/sec: 1.28229
I0617 05:05:49.303701 140521011004224 basic_session_run_hooks.py:692] global_step/sec: 1.28229
INFO:tensorflow:global_step/sec: 1.2769
I0617 05:07:07.618411 140521011004224 basic_session_run_hooks.py:692] global_step/sec: 1.2769
INFO:tensorflow:global_step/sec: 1.27528
I0617 05:08:26.032563 140521011004224 basic_session_run_hooks.py:692] global_step/sec: 1.27528
INFO:tensorflow:global_step/sec: 1.28225
I0617 05:09:44.020462 140521011004224 basic_session_run_hooks.py:692] global_step/sec: 1.28225
INFO:tensorflow:Saving checkpoints for 107554 into Data/flag_simple/mgtn/checkpoint/model.ckpt.
I0617 05:10:25.409882 140521011004224 basic_session_run_hooks.py:606] Saving checkpoints for 107554 into Data/flag_simple/mgtn/checkpoint/model.ckpt.
INFO:tensorflow:global_step/sec: 1.25612
I0617 05:11:03.630759 140521011004224 basic_session_run_hooks.py:692] global_step/sec: 1.25612
INFO:tensorflow:global_step/sec: 1.28484
I0617 05:12:21.461540 140521011004224 basic_session_run_hooks.py:692] global_step/sec: 1.28484
INFO:tensorflow:global_step/sec: 1.27739
I0617 05:13:39.746327 140521011004224 basic_session_run_hooks.py:692] global_step/sec: 1.27739
INFO:tensorflow:global_step/sec: 1.28541
I0617 05:14:57.542564 140521011004224 basic_session_run_hooks.py:692] global_step/sec: 1.28541
INFO:tensorflow:global_step/sec: 1.26612
I0617 05:16:16.524139 140521011004224 basic_session_run_hooks.py:692] global_step/sec: 1.26612
I0617 05:16:16.525387 140521011004224 run_model.py:87] Step 108000: Loss 0.313346
INFO:tensorflow:global_step/sec: 1.27524
I0617 05:17:34.940960 140521011004224 basic_session_run_hooks.py:692] global_step/sec: 1.27524
INFO:tensorflow:global_step/sec: 1.27739
I0617 05:18:53.225712 140521011004224 basic_session_run_hooks.py:692] global_step/sec: 1.27739
INFO:tensorflow:global_step/sec: 1.28024
I0617 05:20:11.336225 140521011004224 basic_session_run_hooks.py:692] global_step/sec: 1.28024
INFO:tensorflow:Saving checkpoints for 108320 into Data/flag_simple/mgtn/checkpoint/model.ckpt.
I0617 05:20:26.129858 140521011004224 basic_session_run_hooks.py:606] Saving checkpoints for 108320 into Data/flag_simple/mgtn/checkpoint/model.ckpt.
INFO:tensorflow:global_step/sec: 1.24375
I0617 05:21:31.738227 140521011004224 basic_session_run_hooks.py:692] global_step/sec: 1.24375
INFO:tensorflow:global_step/sec: 1.27606
I0617 05:22:50.104613 140521011004224 basic_session_run_hooks.py:692] global_step/sec: 1.27606
INFO:tensorflow:global_step/sec: 1.2764
I0617 05:24:08.450132 140521011004224 basic_session_run_hooks.py:692] global_step/sec: 1.2764
INFO:tensorflow:global_step/sec: 1.27647
I0617 05:25:26.791233 140521011004224 basic_session_run_hooks.py:692] global_step/sec: 1.27647
INFO:tensorflow:global_step/sec: 1.27118
I0617 05:26:45.458302 140521011004224 basic_session_run_hooks.py:692] global_step/sec: 1.27118
INFO:tensorflow:global_step/sec: 1.27409
I0617 05:28:03.945668 140521011004224 basic_session_run_hooks.py:692] global_step/sec: 1.27409
INFO:tensorflow:global_step/sec: 1.28143
I0617 05:29:21.983381 140521011004224 basic_session_run_hooks.py:692] global_step/sec: 1.28143
I0617 05:29:21.984375 140521011004224 run_model.py:87] Step 109000: Loss 0.341585
INFO:tensorflow:Saving checkpoints for 109083 into Data/flag_simple/mgtn/checkpoint/model.ckpt.
I0617 05:30:26.692231 140521011004224 basic_session_run_hooks.py:606] Saving checkpoints for 109083 into Data/flag_simple/mgtn/checkpoint/model.ckpt.
INFO:tensorflow:global_step/sec: 1.2417
I0617 05:30:42.517804 140521011004224 basic_session_run_hooks.py:692] global_step/sec: 1.2417
INFO:tensorflow:global_step/sec: 1.27268
I0617 05:32:01.092461 140521011004224 basic_session_run_hooks.py:692] global_step/sec: 1.27268
INFO:tensorflow:global_step/sec: 1.2749
I0617 05:33:19.530284 140521011004224 basic_session_run_hooks.py:692] global_step/sec: 1.2749
INFO:tensorflow:global_step/sec: 1.2622
I0617 05:34:38.756901 140521011004224 basic_session_run_hooks.py:692] global_step/sec: 1.2622
INFO:tensorflow:global_step/sec: 1.27445
I0617 05:35:57.221872 140521011004224 basic_session_run_hooks.py:692] global_step/sec: 1.27445
INFO:tensorflow:global_step/sec: 1.27957
I0617 05:37:15.373430 140521011004224 basic_session_run_hooks.py:692] global_step/sec: 1.27957
INFO:tensorflow:global_step/sec: 1.27069
I0617 05:38:34.070563 140521011004224 basic_session_run_hooks.py:692] global_step/sec: 1.27069
INFO:tensorflow:global_step/sec: 1.27636
I0617 05:39:52.418259 140521011004224 basic_session_run_hooks.py:692] global_step/sec: 1.27636
INFO:tensorflow:Saving checkpoints for 109845 into Data/flag_simple/mgtn/checkpoint/model.ckpt.
I0617 05:40:27.336248 140521011004224 basic_session_run_hooks.py:606] Saving checkpoints for 109845 into Data/flag_simple/mgtn/checkpoint/model.ckpt.
INFO:tensorflow:global_step/sec: 1.24374
I0617 05:41:12.821134 140521011004224 basic_session_run_hooks.py:692] global_step/sec: 1.24374
INFO:tensorflow:global_step/sec: 1.27618
I0617 05:42:31.180091 140521011004224 basic_session_run_hooks.py:692] global_step/sec: 1.27618
I0617 05:42:31.181463 140521011004224 run_model.py:87] Step 110000: Loss 1.68781
INFO:tensorflow:global_step/sec: 1.27512
I0617 05:43:49.604353 140521011004224 basic_session_run_hooks.py:692] global_step/sec: 1.27512
INFO:tensorflow:global_step/sec: 1.26842
I0617 05:45:08.442622 140521011004224 basic_session_run_hooks.py:692] global_step/sec: 1.26842
INFO:tensorflow:global_step/sec: 1.27007
I0617 05:46:27.178347 140521011004224 basic_session_run_hooks.py:692] global_step/sec: 1.27007
INFO:tensorflow:global_step/sec: 1.26788
I0617 05:47:46.050053 140521011004224 basic_session_run_hooks.py:692] global_step/sec: 1.26788
INFO:tensorflow:global_step/sec: 1.2783
I0617 05:49:04.279189 140521011004224 basic_session_run_hooks.py:692] global_step/sec: 1.2783
INFO:tensorflow:global_step/sec: 1.27929
I0617 05:50:22.447301 140521011004224 basic_session_run_hooks.py:692] global_step/sec: 1.27929
INFO:tensorflow:Saving checkpoints for 110608 into Data/flag_simple/mgtn/checkpoint/model.ckpt.
I0617 05:50:27.919398 140521011004224 basic_session_run_hooks.py:606] Saving checkpoints for 110608 into Data/flag_simple/mgtn/checkpoint/model.ckpt.
INFO:tensorflow:global_step/sec: 1.24862
I0617 05:51:42.535672 140521011004224 basic_session_run_hooks.py:692] global_step/sec: 1.24862
INFO:tensorflow:global_step/sec: 1.27384
I0617 05:53:01.038124 140521011004224 basic_session_run_hooks.py:692] global_step/sec: 1.27384
INFO:tensorflow:global_step/sec: 1.27128
I0617 05:54:19.699193 140521011004224 basic_session_run_hooks.py:692] global_step/sec: 1.27128
INFO:tensorflow:global_step/sec: 1.27656
I0617 05:55:38.034833 140521011004224 basic_session_run_hooks.py:692] global_step/sec: 1.27656
I0617 05:55:38.036107 140521011004224 run_model.py:87] Step 111000: Loss 0.896325
INFO:tensorflow:global_step/sec: 1.27199
I0617 05:56:56.651836 140521011004224 basic_session_run_hooks.py:692] global_step/sec: 1.27199
INFO:tensorflow:global_step/sec: 1.27545
I0617 05:58:15.055777 140521011004224 basic_session_run_hooks.py:692] global_step/sec: 1.27545
INFO:tensorflow:global_step/sec: 1.26749
I0617 05:59:33.952028 140521011004224 basic_session_run_hooks.py:692] global_step/sec: 1.26749
INFO:tensorflow:Saving checkpoints for 111370 into Data/flag_simple/mgtn/checkpoint/model.ckpt.
I0617 06:00:28.018556 140521011004224 basic_session_run_hooks.py:606] Saving checkpoints for 111370 into Data/flag_simple/mgtn/checkpoint/model.ckpt.
INFO:tensorflow:global_step/sec: 1.2479
I0617 06:00:54.086497 140521011004224 basic_session_run_hooks.py:692] global_step/sec: 1.2479
INFO:tensorflow:global_step/sec: 1.27931
I0617 06:02:12.253656 140521011004224 basic_session_run_hooks.py:692] global_step/sec: 1.27931
INFO:tensorflow:global_step/sec: 1.2707
I0617 06:03:30.950517 140521011004224 basic_session_run_hooks.py:692] global_step/sec: 1.2707
INFO:tensorflow:global_step/sec: 1.27049
I0617 06:04:49.659968 140521011004224 basic_session_run_hooks.py:692] global_step/sec: 1.27049
INFO:tensorflow:global_step/sec: 1.28755
I0617 06:06:07.327073 140521011004224 basic_session_run_hooks.py:692] global_step/sec: 1.28755
INFO:tensorflow:global_step/sec: 1.28333
I0617 06:07:25.249430 140521011004224 basic_session_run_hooks.py:692] global_step/sec: 1.28333
INFO:tensorflow:global_step/sec: 1.2694
I0617 06:08:44.026901 140521011004224 basic_session_run_hooks.py:692] global_step/sec: 1.2694
I0617 06:08:44.028448 140521011004224 run_model.py:87] Step 112000: Loss 0.256629
INFO:tensorflow:global_step/sec: 1.28058
I0617 06:10:02.116622 140521011004224 basic_session_run_hooks.py:692] global_step/sec: 1.28058
INFO:tensorflow:Saving checkpoints for 112134 into Data/flag_simple/mgtn/checkpoint/model.ckpt.
I0617 06:10:28.598561 140521011004224 basic_session_run_hooks.py:606] Saving checkpoints for 112134 into Data/flag_simple/mgtn/checkpoint/model.ckpt.
INFO:tensorflow:global_step/sec: 1.24896
I0617 06:11:22.183039 140521011004224 basic_session_run_hooks.py:692] global_step/sec: 1.24896
INFO:tensorflow:global_step/sec: 1.28731
I0617 06:12:39.864468 140521011004224 basic_session_run_hooks.py:692] global_step/sec: 1.28731
INFO:tensorflow:global_step/sec: 1.27299
I0617 06:13:58.419379 140521011004224 basic_session_run_hooks.py:692] global_step/sec: 1.27299
INFO:tensorflow:global_step/sec: 1.26636
I0617 06:15:17.385856 140521011004224 basic_session_run_hooks.py:692] global_step/sec: 1.26636
INFO:tensorflow:global_step/sec: 1.27342
I0617 06:16:35.914793 140521011004224 basic_session_run_hooks.py:692] global_step/sec: 1.27342
INFO:tensorflow:global_step/sec: 1.27034
I0617 06:17:54.634154 140521011004224 basic_session_run_hooks.py:692] global_step/sec: 1.27034
INFO:tensorflow:global_step/sec: 1.26887
I0617 06:19:13.444368 140521011004224 basic_session_run_hooks.py:692] global_step/sec: 1.26887
INFO:tensorflow:Saving checkpoints for 112897 into Data/flag_simple/mgtn/checkpoint/model.ckpt.
I0617 06:20:28.628631 140521011004224 basic_session_run_hooks.py:606] Saving checkpoints for 112897 into Data/flag_simple/mgtn/checkpoint/model.ckpt.
INFO:tensorflow:global_step/sec: 1.25368
I0617 06:20:33.209320 140521011004224 basic_session_run_hooks.py:692] global_step/sec: 1.25368
INFO:tensorflow:global_step/sec: 1.27952
I0617 06:21:51.363840 140521011004224 basic_session_run_hooks.py:692] global_step/sec: 1.27952
I0617 06:21:51.365580 140521011004224 run_model.py:87] Step 113000: Loss 0.149893
INFO:tensorflow:global_step/sec: 1.27683
I0617 06:23:09.683044 140521011004224 basic_session_run_hooks.py:692] global_step/sec: 1.27683
INFO:tensorflow:global_step/sec: 1.26683
I0617 06:24:28.620403 140521011004224 basic_session_run_hooks.py:692] global_step/sec: 1.26683
INFO:tensorflow:global_step/sec: 1.26403
I0617 06:25:47.732259 140521011004224 basic_session_run_hooks.py:692] global_step/sec: 1.26403
INFO:tensorflow:global_step/sec: 1.26804
I0617 06:27:06.594129 140521011004224 basic_session_run_hooks.py:692] global_step/sec: 1.26804
INFO:tensorflow:global_step/sec: 1.26422
I0617 06:28:25.693990 140521011004224 basic_session_run_hooks.py:692] global_step/sec: 1.26422
INFO:tensorflow:global_step/sec: 1.2634
I0617 06:29:44.845604 140521011004224 basic_session_run_hooks.py:692] global_step/sec: 1.2634
INFO:tensorflow:Saving checkpoints for 113657 into Data/flag_simple/mgtn/checkpoint/model.ckpt.
I0617 06:30:29.191091 140521011004224 basic_session_run_hooks.py:606] Saving checkpoints for 113657 into Data/flag_simple/mgtn/checkpoint/model.ckpt.
INFO:tensorflow:global_step/sec: 1.24166
I0617 06:31:05.382899 140521011004224 basic_session_run_hooks.py:692] global_step/sec: 1.24166
INFO:tensorflow:global_step/sec: 1.26387
I0617 06:32:24.504618 140521011004224 basic_session_run_hooks.py:692] global_step/sec: 1.26387
INFO:tensorflow:global_step/sec: 1.26226
I0617 06:33:43.727597 140521011004224 basic_session_run_hooks.py:692] global_step/sec: 1.26226
INFO:tensorflow:global_step/sec: 1.26217
I0617 06:35:02.956012 140521011004224 basic_session_run_hooks.py:692] global_step/sec: 1.26217
I0617 06:35:02.957237 140521011004224 run_model.py:87] Step 114000: Loss 0.139241
INFO:tensorflow:global_step/sec: 1.27206
I0617 06:36:21.568493 140521011004224 basic_session_run_hooks.py:692] global_step/sec: 1.27206
INFO:tensorflow:global_step/sec: 1.271
I0617 06:37:40.246528 140521011004224 basic_session_run_hooks.py:692] global_step/sec: 1.271
INFO:tensorflow:global_step/sec: 1.26872
I0617 06:38:59.065929 140521011004224 basic_session_run_hooks.py:692] global_step/sec: 1.26872
INFO:tensorflow:global_step/sec: 1.26965
I0617 06:40:17.827960 140521011004224 basic_session_run_hooks.py:692] global_step/sec: 1.26965
INFO:tensorflow:Saving checkpoints for 114416 into Data/flag_simple/mgtn/checkpoint/model.ckpt.
I0617 06:40:29.678494 140521011004224 basic_session_run_hooks.py:606] Saving checkpoints for 114416 into Data/flag_simple/mgtn/checkpoint/model.ckpt.
INFO:tensorflow:global_step/sec: 1.23698
I0617 06:41:38.670145 140521011004224 basic_session_run_hooks.py:692] global_step/sec: 1.23698
INFO:tensorflow:global_step/sec: 1.26946
I0617 06:42:57.443634 140521011004224 basic_session_run_hooks.py:692] global_step/sec: 1.26946
INFO:tensorflow:global_step/sec: 1.26471
I0617 06:44:16.512817 140521011004224 basic_session_run_hooks.py:692] global_step/sec: 1.26471
INFO:tensorflow:global_step/sec: 1.27814
I0617 06:45:34.751558 140521011004224 basic_session_run_hooks.py:692] global_step/sec: 1.27814
INFO:tensorflow:global_step/sec: 1.27123
I0617 06:46:53.415443 140521011004224 basic_session_run_hooks.py:692] global_step/sec: 1.27123
INFO:tensorflow:global_step/sec: 1.28646
I0617 06:48:11.148107 140521011004224 basic_session_run_hooks.py:692] global_step/sec: 1.28646
I0617 06:48:11.149638 140521011004224 run_model.py:87] Step 115000: Loss 0.435436
INFO:tensorflow:global_step/sec: 1.26719
I0617 06:49:30.062623 140521011004224 basic_session_run_hooks.py:692] global_step/sec: 1.26719
INFO:tensorflow:Saving checkpoints for 115178 into Data/flag_simple/mgtn/checkpoint/model.ckpt.
I0617 06:50:30.245763 140521011004224 basic_session_run_hooks.py:606] Saving checkpoints for 115178 into Data/flag_simple/mgtn/checkpoint/model.ckpt.
INFO:tensorflow:global_step/sec: 1.24598
I0617 06:50:50.320558 140521011004224 basic_session_run_hooks.py:692] global_step/sec: 1.24598
INFO:tensorflow:global_step/sec: 1.26603
I0617 06:52:09.307400 140521011004224 basic_session_run_hooks.py:692] global_step/sec: 1.26603
INFO:tensorflow:global_step/sec: 1.26481
I0617 06:53:28.370914 140521011004224 basic_session_run_hooks.py:692] global_step/sec: 1.26481
INFO:tensorflow:global_step/sec: 1.25394
I0617 06:54:48.119695 140521011004224 basic_session_run_hooks.py:692] global_step/sec: 1.25394
INFO:tensorflow:global_step/sec: 1.27923
I0617 06:56:06.291770 140521011004224 basic_session_run_hooks.py:692] global_step/sec: 1.27923
INFO:tensorflow:global_step/sec: 1.26475
I0617 06:57:25.358963 140521011004224 basic_session_run_hooks.py:692] global_step/sec: 1.26475
INFO:tensorflow:global_step/sec: 1.27277
I0617 06:58:43.927917 140521011004224 basic_session_run_hooks.py:692] global_step/sec: 1.27277
INFO:tensorflow:global_step/sec: 1.27374
I0617 07:00:02.437155 140521011004224 basic_session_run_hooks.py:692] global_step/sec: 1.27374
INFO:tensorflow:Saving checkpoints for 115937 into Data/flag_simple/mgtn/checkpoint/model.ckpt.
I0617 07:00:31.015850 140521011004224 basic_session_run_hooks.py:606] Saving checkpoints for 115937 into Data/flag_simple/mgtn/checkpoint/model.ckpt.
INFO:tensorflow:global_step/sec: 1.25128
I0617 07:01:22.355151 140521011004224 basic_session_run_hooks.py:692] global_step/sec: 1.25128
I0617 07:01:22.356092 140521011004224 run_model.py:87] Step 116000: Loss 0.929792
INFO:tensorflow:global_step/sec: 1.27074
I0617 07:02:41.049591 140521011004224 basic_session_run_hooks.py:692] global_step/sec: 1.27074
INFO:tensorflow:global_step/sec: 1.26483
I0617 07:04:00.111683 140521011004224 basic_session_run_hooks.py:692] global_step/sec: 1.26483
INFO:tensorflow:global_step/sec: 1.27496
I0617 07:05:18.545402 140521011004224 basic_session_run_hooks.py:692] global_step/sec: 1.27496
INFO:tensorflow:global_step/sec: 1.27182
I0617 07:06:37.173108 140521011004224 basic_session_run_hooks.py:692] global_step/sec: 1.27182
INFO:tensorflow:global_step/sec: 1.27284
I0617 07:07:55.737570 140521011004224 basic_session_run_hooks.py:692] global_step/sec: 1.27284
INFO:tensorflow:global_step/sec: 1.26283
I0617 07:09:14.924588 140521011004224 basic_session_run_hooks.py:692] global_step/sec: 1.26283
INFO:tensorflow:Saving checkpoints for 116699 into Data/flag_simple/mgtn/checkpoint/model.ckpt.
I0617 07:10:31.572837 140521011004224 basic_session_run_hooks.py:606] Saving checkpoints for 116699 into Data/flag_simple/mgtn/checkpoint/model.ckpt.
INFO:tensorflow:global_step/sec: 1.25498
I0617 07:10:34.606978 140521011004224 basic_session_run_hooks.py:692] global_step/sec: 1.25498
INFO:tensorflow:global_step/sec: 1.29229
I0617 07:11:51.988959 140521011004224 basic_session_run_hooks.py:692] global_step/sec: 1.29229
INFO:tensorflow:global_step/sec: 1.29872
I0617 07:13:08.987588 140521011004224 basic_session_run_hooks.py:692] global_step/sec: 1.29872
INFO:tensorflow:global_step/sec: 1.29587
I0617 07:14:26.155566 140521011004224 basic_session_run_hooks.py:692] global_step/sec: 1.29587
I0617 07:14:26.156709 140521011004224 run_model.py:87] Step 117000: Loss 0.38992
INFO:tensorflow:global_step/sec: 1.29743
I0617 07:15:43.231164 140521011004224 basic_session_run_hooks.py:692] global_step/sec: 1.29743
INFO:tensorflow:global_step/sec: 1.29336
I0617 07:17:00.549023 140521011004224 basic_session_run_hooks.py:692] global_step/sec: 1.29336
INFO:tensorflow:global_step/sec: 1.29127
I0617 07:18:17.991854 140521011004224 basic_session_run_hooks.py:692] global_step/sec: 1.29127
INFO:tensorflow:global_step/sec: 1.29527
I0617 07:19:35.195597 140521011004224 basic_session_run_hooks.py:692] global_step/sec: 1.29527
INFO:tensorflow:Saving checkpoints for 117474 into Data/flag_simple/mgtn/checkpoint/model.ckpt.
I0617 07:20:31.651458 140521011004224 basic_session_run_hooks.py:606] Saving checkpoints for 117474 into Data/flag_simple/mgtn/checkpoint/model.ckpt.
INFO:tensorflow:global_step/sec: 1.27476
I0617 07:20:53.641444 140521011004224 basic_session_run_hooks.py:692] global_step/sec: 1.27476
INFO:tensorflow:global_step/sec: 1.29857
I0617 07:22:10.649182 140521011004224 basic_session_run_hooks.py:692] global_step/sec: 1.29857
INFO:tensorflow:global_step/sec: 1.2967
I0617 07:23:27.767899 140521011004224 basic_session_run_hooks.py:692] global_step/sec: 1.2967
INFO:tensorflow:global_step/sec: 1.29742
I0617 07:24:44.844011 140521011004224 basic_session_run_hooks.py:692] global_step/sec: 1.29742
INFO:tensorflow:global_step/sec: 1.29312
I0617 07:26:02.176480 140521011004224 basic_session_run_hooks.py:692] global_step/sec: 1.29312
INFO:tensorflow:global_step/sec: 1.2904
I0617 07:27:19.672149 140521011004224 basic_session_run_hooks.py:692] global_step/sec: 1.2904
I0617 07:27:19.673401 140521011004224 run_model.py:87] Step 118000: Loss 0.324248
INFO:tensorflow:global_step/sec: 1.30017
I0617 07:28:36.585429 140521011004224 basic_session_run_hooks.py:692] global_step/sec: 1.30017
INFO:tensorflow:global_step/sec: 1.29794
I0617 07:29:53.630662 140521011004224 basic_session_run_hooks.py:692] global_step/sec: 1.29794
INFO:tensorflow:Saving checkpoints for 118251 into Data/flag_simple/mgtn/checkpoint/model.ckpt.
I0617 07:30:32.191292 140521011004224 basic_session_run_hooks.py:606] Saving checkpoints for 118251 into Data/flag_simple/mgtn/checkpoint/model.ckpt.
INFO:tensorflow:global_step/sec: 1.27589
I0617 07:31:12.007112 140521011004224 basic_session_run_hooks.py:692] global_step/sec: 1.27589
INFO:tensorflow:global_step/sec: 1.29187
I0617 07:32:29.413998 140521011004224 basic_session_run_hooks.py:692] global_step/sec: 1.29187
INFO:tensorflow:global_step/sec: 1.29892
I0617 07:33:46.401309 140521011004224 basic_session_run_hooks.py:692] global_step/sec: 1.29892
INFO:tensorflow:global_step/sec: 1.2943
I0617 07:35:03.663135 140521011004224 basic_session_run_hooks.py:692] global_step/sec: 1.2943
INFO:tensorflow:global_step/sec: 1.2981
I0617 07:36:20.698740 140521011004224 basic_session_run_hooks.py:692] global_step/sec: 1.2981
INFO:tensorflow:global_step/sec: 1.29349
I0617 07:37:38.008942 140521011004224 basic_session_run_hooks.py:692] global_step/sec: 1.29349
INFO:tensorflow:global_step/sec: 1.30097
I0617 07:38:54.874454 140521011004224 basic_session_run_hooks.py:692] global_step/sec: 1.30097
INFO:tensorflow:global_step/sec: 1.29165
I0617 07:40:12.294705 140521011004224 basic_session_run_hooks.py:692] global_step/sec: 1.29165
I0617 07:40:12.295954 140521011004224 run_model.py:87] Step 119000: Loss 0.217319
INFO:tensorflow:Saving checkpoints for 119027 into Data/flag_simple/mgtn/checkpoint/model.ckpt.
I0617 07:40:32.490408 140521011004224 basic_session_run_hooks.py:606] Saving checkpoints for 119027 into Data/flag_simple/mgtn/checkpoint/model.ckpt.
INFO:tensorflow:global_step/sec: 1.28063
I0617 07:41:30.381020 140521011004224 basic_session_run_hooks.py:692] global_step/sec: 1.28063
INFO:tensorflow:global_step/sec: 1.29057
I0617 07:42:47.866351 140521011004224 basic_session_run_hooks.py:692] global_step/sec: 1.29057
INFO:tensorflow:global_step/sec: 1.29432
I0617 07:44:05.126950 140521011004224 basic_session_run_hooks.py:692] global_step/sec: 1.29432
INFO:tensorflow:global_step/sec: 1.29632
I0617 07:45:22.268434 140521011004224 basic_session_run_hooks.py:692] global_step/sec: 1.29632
INFO:tensorflow:global_step/sec: 1.29802
I0617 07:46:39.308589 140521011004224 basic_session_run_hooks.py:692] global_step/sec: 1.29802
INFO:tensorflow:global_step/sec: 1.30527
I0617 07:47:55.921244 140521011004224 basic_session_run_hooks.py:692] global_step/sec: 1.30527
INFO:tensorflow:global_step/sec: 1.30516
I0617 07:49:12.540245 140521011004224 basic_session_run_hooks.py:692] global_step/sec: 1.30516
INFO:tensorflow:global_step/sec: 1.28961
I0617 07:50:30.083112 140521011004224 basic_session_run_hooks.py:692] global_step/sec: 1.28961
INFO:tensorflow:Saving checkpoints for 119805 into Data/flag_simple/mgtn/checkpoint/model.ckpt.
I0617 07:50:33.244900 140521011004224 basic_session_run_hooks.py:606] Saving checkpoints for 119805 into Data/flag_simple/mgtn/checkpoint/model.ckpt.
INFO:tensorflow:global_step/sec: 1.26895
I0617 07:51:48.888282 140521011004224 basic_session_run_hooks.py:692] global_step/sec: 1.26895
INFO:tensorflow:global_step/sec: 1.28996
I0617 07:53:06.410286 140521011004224 basic_session_run_hooks.py:692] global_step/sec: 1.28996
I0617 07:53:06.411375 140521011004224 run_model.py:87] Step 120000: Loss 0.331372
INFO:tensorflow:global_step/sec: 1.29165
I0617 07:54:23.830739 140521011004224 basic_session_run_hooks.py:692] global_step/sec: 1.29165
INFO:tensorflow:global_step/sec: 1.29815
I0617 07:55:40.863661 140521011004224 basic_session_run_hooks.py:692] global_step/sec: 1.29815
INFO:tensorflow:global_step/sec: 1.29691
I0617 07:56:57.969794 140521011004224 basic_session_run_hooks.py:692] global_step/sec: 1.29691
INFO:tensorflow:global_step/sec: 1.29027
I0617 07:58:15.472839 140521011004224 basic_session_run_hooks.py:692] global_step/sec: 1.29027
INFO:tensorflow:global_step/sec: 1.29993
I0617 07:59:32.399809 140521011004224 basic_session_run_hooks.py:692] global_step/sec: 1.29993
INFO:tensorflow:Saving checkpoints for 120581 into Data/flag_simple/mgtn/checkpoint/model.ckpt.
I0617 08:00:33.897549 140521011004224 basic_session_run_hooks.py:606] Saving checkpoints for 120581 into Data/flag_simple/mgtn/checkpoint/model.ckpt.
INFO:tensorflow:global_step/sec: 1.27749
I0617 08:00:50.678226 140521011004224 basic_session_run_hooks.py:692] global_step/sec: 1.27749
INFO:tensorflow:global_step/sec: 1.29601
I0617 08:02:07.838126 140521011004224 basic_session_run_hooks.py:692] global_step/sec: 1.29601
INFO:tensorflow:global_step/sec: 1.29212
I0617 08:03:25.230134 140521011004224 basic_session_run_hooks.py:692] global_step/sec: 1.29212
INFO:tensorflow:global_step/sec: 1.28929
I0617 08:04:42.792059 140521011004224 basic_session_run_hooks.py:692] global_step/sec: 1.28929
INFO:tensorflow:global_step/sec: 1.29469
I0617 08:06:00.030780 140521011004224 basic_session_run_hooks.py:692] global_step/sec: 1.29469
I0617 08:06:00.032205 140521011004224 run_model.py:87] Step 121000: Loss 0.641736
INFO:tensorflow:global_step/sec: 1.30274
I0617 08:07:16.791859 140521011004224 basic_session_run_hooks.py:692] global_step/sec: 1.30274
INFO:tensorflow:global_step/sec: 1.28979
I0617 08:08:34.324042 140521011004224 basic_session_run_hooks.py:692] global_step/sec: 1.28979
INFO:tensorflow:global_step/sec: 1.29892
I0617 08:09:51.311278 140521011004224 basic_session_run_hooks.py:692] global_step/sec: 1.29892
INFO:tensorflow:Saving checkpoints for 121357 into Data/flag_simple/mgtn/checkpoint/model.ckpt.
I0617 08:10:34.560543 140521011004224 basic_session_run_hooks.py:606] Saving checkpoints for 121357 into Data/flag_simple/mgtn/checkpoint/model.ckpt.
INFO:tensorflow:global_step/sec: 1.26758
I0617 08:11:10.201584 140521011004224 basic_session_run_hooks.py:692] global_step/sec: 1.26758
INFO:tensorflow:global_step/sec: 1.28725
I0617 08:12:27.886805 140521011004224 basic_session_run_hooks.py:692] global_step/sec: 1.28725
INFO:tensorflow:global_step/sec: 1.277
I0617 08:13:46.195656 140521011004224 basic_session_run_hooks.py:692] global_step/sec: 1.277
INFO:tensorflow:global_step/sec: 1.28785
I0617 08:15:03.844442 140521011004224 basic_session_run_hooks.py:692] global_step/sec: 1.28785
INFO:tensorflow:global_step/sec: 1.28044
I0617 08:16:21.942343 140521011004224 basic_session_run_hooks.py:692] global_step/sec: 1.28044
INFO:tensorflow:global_step/sec: 1.28844
I0617 08:17:39.555404 140521011004224 basic_session_run_hooks.py:692] global_step/sec: 1.28844
INFO:tensorflow:global_step/sec: 1.28664
I0617 08:18:57.277518 140521011004224 basic_session_run_hooks.py:692] global_step/sec: 1.28664
I0617 08:18:57.279092 140521011004224 run_model.py:87] Step 122000: Loss 0.345177
INFO:tensorflow:global_step/sec: 1.28485
I0617 08:20:15.107869 140521011004224 basic_session_run_hooks.py:692] global_step/sec: 1.28485
INFO:tensorflow:Saving checkpoints for 122127 into Data/flag_simple/mgtn/checkpoint/model.ckpt.
I0617 08:20:35.266083 140521011004224 basic_session_run_hooks.py:606] Saving checkpoints for 122127 into Data/flag_simple/mgtn/checkpoint/model.ckpt.
INFO:tensorflow:global_step/sec: 1.26223
I0617 08:21:34.333031 140521011004224 basic_session_run_hooks.py:692] global_step/sec: 1.26223
INFO:tensorflow:global_step/sec: 1.29278
I0617 08:22:51.685641 140521011004224 basic_session_run_hooks.py:692] global_step/sec: 1.29278
INFO:tensorflow:global_step/sec: 1.28763
I0617 08:24:09.347973 140521011004224 basic_session_run_hooks.py:692] global_step/sec: 1.28763
INFO:tensorflow:global_step/sec: 1.2955
I0617 08:25:26.538114 140521011004224 basic_session_run_hooks.py:692] global_step/sec: 1.2955
INFO:tensorflow:global_step/sec: 1.2805
I0617 08:26:44.632466 140521011004224 basic_session_run_hooks.py:692] global_step/sec: 1.2805
INFO:tensorflow:global_step/sec: 1.29342
I0617 08:28:01.946769 140521011004224 basic_session_run_hooks.py:692] global_step/sec: 1.29342
INFO:tensorflow:global_step/sec: 1.29865
I0617 08:29:18.949524 140521011004224 basic_session_run_hooks.py:692] global_step/sec: 1.29865
INFO:tensorflow:Saving checkpoints for 122900 into Data/flag_simple/mgtn/checkpoint/model.ckpt.
I0617 08:30:35.402213 140521011004224 basic_session_run_hooks.py:606] Saving checkpoints for 122900 into Data/flag_simple/mgtn/checkpoint/model.ckpt.
INFO:tensorflow:global_step/sec: 1.27169
I0617 08:30:37.584742 140521011004224 basic_session_run_hooks.py:692] global_step/sec: 1.27169
INFO:tensorflow:global_step/sec: 1.28565
I0617 08:31:55.366346 140521011004224 basic_session_run_hooks.py:692] global_step/sec: 1.28565
I0617 08:31:55.368266 140521011004224 run_model.py:87] Step 123000: Loss 0.215727
INFO:tensorflow:global_step/sec: 1.28499
I0617 08:33:13.188187 140521011004224 basic_session_run_hooks.py:692] global_step/sec: 1.28499
INFO:tensorflow:global_step/sec: 1.2809
I0617 08:34:31.258576 140521011004224 basic_session_run_hooks.py:692] global_step/sec: 1.2809
INFO:tensorflow:global_step/sec: 1.29109
I0617 08:35:48.712687 140521011004224 basic_session_run_hooks.py:692] global_step/sec: 1.29109
INFO:tensorflow:global_step/sec: 1.28126
I0617 08:37:06.760878 140521011004224 basic_session_run_hooks.py:692] global_step/sec: 1.28126
INFO:tensorflow:global_step/sec: 1.2841
I0617 08:38:24.636235 140521011004224 basic_session_run_hooks.py:692] global_step/sec: 1.2841
INFO:tensorflow:global_step/sec: 1.28366
I0617 08:39:42.538492 140521011004224 basic_session_run_hooks.py:692] global_step/sec: 1.28366
INFO:tensorflow:Saving checkpoints for 123669 into Data/flag_simple/mgtn/checkpoint/model.ckpt.
I0617 08:40:35.468146 140521011004224 basic_session_run_hooks.py:606] Saving checkpoints for 123669 into Data/flag_simple/mgtn/checkpoint/model.ckpt.
INFO:tensorflow:global_step/sec: 1.26553
I0617 08:41:01.556485 140521011004224 basic_session_run_hooks.py:692] global_step/sec: 1.26553
INFO:tensorflow:global_step/sec: 1.29082
I0617 08:42:19.026599 140521011004224 basic_session_run_hooks.py:692] global_step/sec: 1.29082
INFO:tensorflow:global_step/sec: 1.28958
I0617 08:43:36.570987 140521011004224 basic_session_run_hooks.py:692] global_step/sec: 1.28958
INFO:tensorflow:global_step/sec: 1.28134
I0617 08:44:54.614422 140521011004224 basic_session_run_hooks.py:692] global_step/sec: 1.28134
I0617 08:44:54.615494 140521011004224 run_model.py:87] Step 124000: Loss 0.494907
INFO:tensorflow:global_step/sec: 1.2859
I0617 08:46:12.380685 140521011004224 basic_session_run_hooks.py:692] global_step/sec: 1.2859
INFO:tensorflow:global_step/sec: 1.29103
I0617 08:47:29.837923 140521011004224 basic_session_run_hooks.py:692] global_step/sec: 1.29103
INFO:tensorflow:global_step/sec: 1.27375
I0617 08:48:48.346545 140521011004224 basic_session_run_hooks.py:692] global_step/sec: 1.27375
INFO:tensorflow:global_step/sec: 1.28515
I0617 08:50:06.158483 140521011004224 basic_session_run_hooks.py:692] global_step/sec: 1.28515
INFO:tensorflow:Saving checkpoints for 124439 into Data/flag_simple/mgtn/checkpoint/model.ckpt.
I0617 08:50:35.624975 140521011004224 basic_session_run_hooks.py:606] Saving checkpoints for 124439 into Data/flag_simple/mgtn/checkpoint/model.ckpt.
INFO:tensorflow:global_step/sec: 1.26617
I0617 08:51:25.136532 140521011004224 basic_session_run_hooks.py:692] global_step/sec: 1.26617
INFO:tensorflow:global_step/sec: 1.28432
I0617 08:52:42.998681 140521011004224 basic_session_run_hooks.py:692] global_step/sec: 1.28432
INFO:tensorflow:global_step/sec: 1.28946
I0617 08:54:00.550419 140521011004224 basic_session_run_hooks.py:692] global_step/sec: 1.28946
INFO:tensorflow:global_step/sec: 1.29508
I0617 08:55:17.765919 140521011004224 basic_session_run_hooks.py:692] global_step/sec: 1.29508
INFO:tensorflow:global_step/sec: 1.28064
I0617 08:56:35.851972 140521011004224 basic_session_run_hooks.py:692] global_step/sec: 1.28064
INFO:tensorflow:global_step/sec: 1.29437
I0617 08:57:53.109884 140521011004224 basic_session_run_hooks.py:692] global_step/sec: 1.29437
I0617 08:57:53.111052 140521011004224 run_model.py:87] Step 125000: Loss 0.259973
INFO:tensorflow:global_step/sec: 1.283
I0617 08:59:11.052521 140521011004224 basic_session_run_hooks.py:692] global_step/sec: 1.283
INFO:tensorflow:global_step/sec: 1.29204
I0617 09:00:28.449316 140521011004224 basic_session_run_hooks.py:692] global_step/sec: 1.29204
INFO:tensorflow:Saving checkpoints for 125211 into Data/flag_simple/mgtn/checkpoint/model.ckpt.
I0617 09:00:36.155647 140521011004224 basic_session_run_hooks.py:606] Saving checkpoints for 125211 into Data/flag_simple/mgtn/checkpoint/model.ckpt.
INFO:tensorflow:global_step/sec: 1.2585
I0617 09:01:47.908869 140521011004224 basic_session_run_hooks.py:692] global_step/sec: 1.2585
INFO:tensorflow:global_step/sec: 1.28969
I0617 09:03:05.446938 140521011004224 basic_session_run_hooks.py:692] global_step/sec: 1.28969
INFO:tensorflow:global_step/sec: 1.28894
I0617 09:04:23.030379 140521011004224 basic_session_run_hooks.py:692] global_step/sec: 1.28894
INFO:tensorflow:global_step/sec: 1.28535
I0617 09:05:40.830364 140521011004224 basic_session_run_hooks.py:692] global_step/sec: 1.28535
INFO:tensorflow:global_step/sec: 1.2832
I0617 09:06:58.760450 140521011004224 basic_session_run_hooks.py:692] global_step/sec: 1.2832
INFO:tensorflow:global_step/sec: 1.28047
I0617 09:08:16.856533 140521011004224 basic_session_run_hooks.py:692] global_step/sec: 1.28047
INFO:tensorflow:global_step/sec: 1.28981
I0617 09:09:34.387491 140521011004224 basic_session_run_hooks.py:692] global_step/sec: 1.28981
INFO:tensorflow:Saving checkpoints for 125981 into Data/flag_simple/mgtn/checkpoint/model.ckpt.
I0617 09:10:36.733668 140521011004224 basic_session_run_hooks.py:606] Saving checkpoints for 125981 into Data/flag_simple/mgtn/checkpoint/model.ckpt.
INFO:tensorflow:global_step/sec: 1.26457
I0617 09:10:53.465710 140521011004224 basic_session_run_hooks.py:692] global_step/sec: 1.26457
I0617 09:10:53.466625 140521011004224 run_model.py:87] Step 126000: Loss 0.252221
INFO:tensorflow:global_step/sec: 1.29223
I0617 09:12:10.850957 140521011004224 basic_session_run_hooks.py:692] global_step/sec: 1.29223
INFO:tensorflow:global_step/sec: 1.28898
I0617 09:13:28.431509 140521011004224 basic_session_run_hooks.py:692] global_step/sec: 1.28898
INFO:tensorflow:global_step/sec: 1.3106
I0617 09:14:44.732668 140521011004224 basic_session_run_hooks.py:692] global_step/sec: 1.3106
INFO:tensorflow:global_step/sec: 1.28439
I0617 09:16:02.590818 140521011004224 basic_session_run_hooks.py:692] global_step/sec: 1.28439
INFO:tensorflow:global_step/sec: 1.29438
I0617 09:17:19.847712 140521011004224 basic_session_run_hooks.py:692] global_step/sec: 1.29438
INFO:tensorflow:global_step/sec: 1.29205
I0617 09:18:37.244184 140521011004224 basic_session_run_hooks.py:692] global_step/sec: 1.29205
INFO:tensorflow:global_step/sec: 1.28957
I0617 09:19:54.789541 140521011004224 basic_session_run_hooks.py:692] global_step/sec: 1.28957
INFO:tensorflow:Saving checkpoints for 126756 into Data/flag_simple/mgtn/checkpoint/model.ckpt.
I0617 09:20:37.407044 140521011004224 basic_session_run_hooks.py:606] Saving checkpoints for 126756 into Data/flag_simple/mgtn/checkpoint/model.ckpt.
INFO:tensorflow:global_step/sec: 1.26315
I0617 09:21:13.957037 140521011004224 basic_session_run_hooks.py:692] global_step/sec: 1.26315
INFO:tensorflow:global_step/sec: 1.28797
I0617 09:22:31.598509 140521011004224 basic_session_run_hooks.py:692] global_step/sec: 1.28797
INFO:tensorflow:global_step/sec: 1.29195
I0617 09:23:49.000955 140521011004224 basic_session_run_hooks.py:692] global_step/sec: 1.29195
I0617 09:23:49.002494 140521011004224 run_model.py:87] Step 127000: Loss 0.764446
INFO:tensorflow:global_step/sec: 1.29643
I0617 09:25:06.135555 140521011004224 basic_session_run_hooks.py:692] global_step/sec: 1.29643
INFO:tensorflow:global_step/sec: 1.29739
I0617 09:26:23.213428 140521011004224 basic_session_run_hooks.py:692] global_step/sec: 1.29739
INFO:tensorflow:global_step/sec: 1.28989
I0617 09:27:40.739428 140521011004224 basic_session_run_hooks.py:692] global_step/sec: 1.28989
INFO:tensorflow:global_step/sec: 1.2905
I0617 09:28:58.228701 140521011004224 basic_session_run_hooks.py:692] global_step/sec: 1.2905
INFO:tensorflow:global_step/sec: 1.28888
I0617 09:30:15.815303 140521011004224 basic_session_run_hooks.py:692] global_step/sec: 1.28888
INFO:tensorflow:Saving checkpoints for 127530 into Data/flag_simple/mgtn/checkpoint/model.ckpt.
I0617 09:30:38.122643 140521011004224 basic_session_run_hooks.py:606] Saving checkpoints for 127530 into Data/flag_simple/mgtn/checkpoint/model.ckpt.
INFO:tensorflow:global_step/sec: 1.26756
I0617 09:31:34.706967 140521011004224 basic_session_run_hooks.py:692] global_step/sec: 1.26756
INFO:tensorflow:global_step/sec: 1.29492
I0617 09:32:51.931631 140521011004224 basic_session_run_hooks.py:692] global_step/sec: 1.29492
INFO:tensorflow:global_step/sec: 1.2931
I0617 09:34:09.265311 140521011004224 basic_session_run_hooks.py:692] global_step/sec: 1.2931
INFO:tensorflow:global_step/sec: 1.29002
I0617 09:35:26.783810 140521011004224 basic_session_run_hooks.py:692] global_step/sec: 1.29002
INFO:tensorflow:global_step/sec: 1.28213
I0617 09:36:44.779222 140521011004224 basic_session_run_hooks.py:692] global_step/sec: 1.28213
I0617 09:36:44.780335 140521011004224 run_model.py:87] Step 128000: Loss 0.211564
INFO:tensorflow:global_step/sec: 1.28354
I0617 09:38:02.688627 140521011004224 basic_session_run_hooks.py:692] global_step/sec: 1.28354
INFO:tensorflow:global_step/sec: 1.27806
I0617 09:39:20.932307 140521011004224 basic_session_run_hooks.py:692] global_step/sec: 1.27806
INFO:tensorflow:Saving checkpoints for 128300 into Data/flag_simple/mgtn/checkpoint/model.ckpt.
I0617 09:40:38.398391 140521011004224 basic_session_run_hooks.py:606] Saving checkpoints for 128300 into Data/flag_simple/mgtn/checkpoint/model.ckpt.
INFO:tensorflow:global_step/sec: 1.2553
I0617 09:40:40.594612 140521011004224 basic_session_run_hooks.py:692] global_step/sec: 1.2553
INFO:tensorflow:global_step/sec: 1.27841
I0617 09:41:58.816922 140521011004224 basic_session_run_hooks.py:692] global_step/sec: 1.27841
INFO:tensorflow:global_step/sec: 1.27914
I0617 09:43:16.994697 140521011004224 basic_session_run_hooks.py:692] global_step/sec: 1.27914
INFO:tensorflow:global_step/sec: 1.27642
I0617 09:44:35.338853 140521011004224 basic_session_run_hooks.py:692] global_step/sec: 1.27642
INFO:tensorflow:global_step/sec: 1.27498
I0617 09:45:53.771205 140521011004224 basic_session_run_hooks.py:692] global_step/sec: 1.27498
INFO:tensorflow:global_step/sec: 1.28895
I0617 09:47:11.353898 140521011004224 basic_session_run_hooks.py:692] global_step/sec: 1.28895
INFO:tensorflow:global_step/sec: 1.28676
I0617 09:48:29.068689 140521011004224 basic_session_run_hooks.py:692] global_step/sec: 1.28676
INFO:tensorflow:global_step/sec: 1.28047
I0617 09:49:47.164914 140521011004224 basic_session_run_hooks.py:692] global_step/sec: 1.28047
I0617 09:49:47.166456 140521011004224 run_model.py:87] Step 129000: Loss 0.400015
INFO:tensorflow:Saving checkpoints for 129067 into Data/flag_simple/mgtn/checkpoint/model.ckpt.
I0617 09:50:39.064896 140521011004224 basic_session_run_hooks.py:606] Saving checkpoints for 129067 into Data/flag_simple/mgtn/checkpoint/model.ckpt.
INFO:tensorflow:global_step/sec: 1.25667
I0617 09:51:06.740437 140521011004224 basic_session_run_hooks.py:692] global_step/sec: 1.25667
INFO:tensorflow:global_step/sec: 1.28392
I0617 09:52:24.627069 140521011004224 basic_session_run_hooks.py:692] global_step/sec: 1.28392
INFO:tensorflow:global_step/sec: 1.28887
I0617 09:53:42.214504 140521011004224 basic_session_run_hooks.py:692] global_step/sec: 1.28887
INFO:tensorflow:global_step/sec: 1.28221
I0617 09:55:00.204675 140521011004224 basic_session_run_hooks.py:692] global_step/sec: 1.28221
INFO:tensorflow:global_step/sec: 1.27726
I0617 09:56:18.497494 140521011004224 basic_session_run_hooks.py:692] global_step/sec: 1.27726
INFO:tensorflow:global_step/sec: 1.28602
I0617 09:57:36.256992 140521011004224 basic_session_run_hooks.py:692] global_step/sec: 1.28602
INFO:tensorflow:global_step/sec: 1.28179
I0617 09:58:54.273206 140521011004224 basic_session_run_hooks.py:692] global_step/sec: 1.28179
INFO:tensorflow:global_step/sec: 1.28044
I0617 10:00:12.371471 140521011004224 basic_session_run_hooks.py:692] global_step/sec: 1.28044
INFO:tensorflow:Saving checkpoints for 129836 into Data/flag_simple/mgtn/checkpoint/model.ckpt.
I0617 10:00:39.243418 140521011004224 basic_session_run_hooks.py:606] Saving checkpoints for 129836 into Data/flag_simple/mgtn/checkpoint/model.ckpt.
INFO:tensorflow:global_step/sec: 1.26687
I0617 10:01:31.306052 140521011004224 basic_session_run_hooks.py:692] global_step/sec: 1.26687
INFO:tensorflow:global_step/sec: 1.28393
I0617 10:02:49.191695 140521011004224 basic_session_run_hooks.py:692] global_step/sec: 1.28393
I0617 10:02:49.192847 140521011004224 run_model.py:87] Step 130000: Loss 0.55149
INFO:tensorflow:global_step/sec: 1.28128
I0617 10:04:07.238489 140521011004224 basic_session_run_hooks.py:692] global_step/sec: 1.28128
INFO:tensorflow:global_step/sec: 1.28787
I0617 10:05:24.886175 140521011004224 basic_session_run_hooks.py:692] global_step/sec: 1.28787
INFO:tensorflow:global_step/sec: 1.28425
I0617 10:06:42.752846 140521011004224 basic_session_run_hooks.py:692] global_step/sec: 1.28425
INFO:tensorflow:global_step/sec: 1.28457
I0617 10:08:00.599878 140521011004224 basic_session_run_hooks.py:692] global_step/sec: 1.28457
INFO:tensorflow:global_step/sec: 1.27654
I0617 10:09:18.936559 140521011004224 basic_session_run_hooks.py:692] global_step/sec: 1.27654
INFO:tensorflow:global_step/sec: 1.28031
I0617 10:10:37.042712 140521011004224 basic_session_run_hooks.py:692] global_step/sec: 1.28031
INFO:tensorflow:Saving checkpoints for 130604 into Data/flag_simple/mgtn/checkpoint/model.ckpt.
I0617 10:10:39.343868 140521011004224 basic_session_run_hooks.py:606] Saving checkpoints for 130604 into Data/flag_simple/mgtn/checkpoint/model.ckpt.
INFO:tensorflow:global_step/sec: 1.25358
I0617 10:11:56.814351 140521011004224 basic_session_run_hooks.py:692] global_step/sec: 1.25358
INFO:tensorflow:global_step/sec: 1.27526
I0617 10:13:15.230011 140521011004224 basic_session_run_hooks.py:692] global_step/sec: 1.27526
INFO:tensorflow:global_step/sec: 1.28759
I0617 10:14:32.894294 140521011004224 basic_session_run_hooks.py:692] global_step/sec: 1.28759
INFO:tensorflow:global_step/sec: 1.27819
I0617 10:15:51.130162 140521011004224 basic_session_run_hooks.py:692] global_step/sec: 1.27819
I0617 10:15:51.135053 140521011004224 run_model.py:87] Step 131000: Loss 0.467696
INFO:tensorflow:global_step/sec: 1.28371
I0617 10:17:09.029044 140521011004224 basic_session_run_hooks.py:692] global_step/sec: 1.28371
INFO:tensorflow:global_step/sec: 1.2827
I0617 10:18:26.989780 140521011004224 basic_session_run_hooks.py:692] global_step/sec: 1.2827
INFO:tensorflow:global_step/sec: 1.28067
I0617 10:19:45.073833 140521011004224 basic_session_run_hooks.py:692] global_step/sec: 1.28067
INFO:tensorflow:Saving checkpoints for 131371 into Data/flag_simple/mgtn/checkpoint/model.ckpt.
I0617 10:20:39.810745 140521011004224 basic_session_run_hooks.py:606] Saving checkpoints for 131371 into Data/flag_simple/mgtn/checkpoint/model.ckpt.
INFO:tensorflow:global_step/sec: 1.26059
I0617 10:21:04.401808 140521011004224 basic_session_run_hooks.py:692] global_step/sec: 1.26059
INFO:tensorflow:global_step/sec: 1.29024
I0617 10:22:21.906660 140521011004224 basic_session_run_hooks.py:692] global_step/sec: 1.29024
INFO:tensorflow:global_step/sec: 1.29049
I0617 10:23:39.396493 140521011004224 basic_session_run_hooks.py:692] global_step/sec: 1.29049
INFO:tensorflow:global_step/sec: 1.27885
I0617 10:24:57.591479 140521011004224 basic_session_run_hooks.py:692] global_step/sec: 1.27885
INFO:tensorflow:global_step/sec: 1.27334
I0617 10:26:16.125103 140521011004224 basic_session_run_hooks.py:692] global_step/sec: 1.27334
INFO:tensorflow:global_step/sec: 1.28933
I0617 10:27:33.684433 140521011004224 basic_session_run_hooks.py:692] global_step/sec: 1.28933
INFO:tensorflow:global_step/sec: 1.29723
I0617 10:28:50.771569 140521011004224 basic_session_run_hooks.py:692] global_step/sec: 1.29723
I0617 10:28:50.773154 140521011004224 run_model.py:87] Step 132000: Loss 0.40344
INFO:tensorflow:global_step/sec: 1.27809
I0617 10:30:09.013590 140521011004224 basic_session_run_hooks.py:692] global_step/sec: 1.27809
INFO:tensorflow:Saving checkpoints for 132141 into Data/flag_simple/mgtn/checkpoint/model.ckpt.
I0617 10:30:40.154450 140521011004224 basic_session_run_hooks.py:606] Saving checkpoints for 132141 into Data/flag_simple/mgtn/checkpoint/model.ckpt.
INFO:tensorflow:global_step/sec: 1.26112
I0617 10:31:28.307958 140521011004224 basic_session_run_hooks.py:692] global_step/sec: 1.26112
INFO:tensorflow:global_step/sec: 1.29437
I0617 10:32:45.565837 140521011004224 basic_session_run_hooks.py:692] global_step/sec: 1.29437
INFO:tensorflow:global_step/sec: 1.28755
I0617 10:34:03.232748 140521011004224 basic_session_run_hooks.py:692] global_step/sec: 1.28755
INFO:tensorflow:global_step/sec: 1.29336
I0617 10:35:20.550715 140521011004224 basic_session_run_hooks.py:692] global_step/sec: 1.29336
INFO:tensorflow:global_step/sec: 1.28845
I0617 10:36:38.163090 140521011004224 basic_session_run_hooks.py:692] global_step/sec: 1.28845
INFO:tensorflow:global_step/sec: 1.28957
I0617 10:37:55.708484 140521011004224 basic_session_run_hooks.py:692] global_step/sec: 1.28957
INFO:tensorflow:global_step/sec: 1.29113
I0617 10:39:13.160335 140521011004224 basic_session_run_hooks.py:692] global_step/sec: 1.29113
INFO:tensorflow:global_step/sec: 1.28722
I0617 10:40:30.847251 140521011004224 basic_session_run_hooks.py:692] global_step/sec: 1.28722
INFO:tensorflow:Saving checkpoints for 132914 into Data/flag_simple/mgtn/checkpoint/model.ckpt.
I0617 10:40:40.773162 140521011004224 basic_session_run_hooks.py:606] Saving checkpoints for 132914 into Data/flag_simple/mgtn/checkpoint/model.ckpt.
INFO:tensorflow:global_step/sec: 1.27017
I0617 10:41:49.577057 140521011004224 basic_session_run_hooks.py:692] global_step/sec: 1.27017
I0617 10:41:49.578410 140521011004224 run_model.py:87] Step 133000: Loss 0.207399
INFO:tensorflow:global_step/sec: 1.27974
I0617 10:43:07.718107 140521011004224 basic_session_run_hooks.py:692] global_step/sec: 1.27974
INFO:tensorflow:global_step/sec: 1.29151
I0617 10:44:25.146732 140521011004224 basic_session_run_hooks.py:692] global_step/sec: 1.29151
INFO:tensorflow:global_step/sec: 1.28587
I0617 10:45:42.915220 140521011004224 basic_session_run_hooks.py:692] global_step/sec: 1.28587
INFO:tensorflow:global_step/sec: 1.26962
I0617 10:47:01.678728 140521011004224 basic_session_run_hooks.py:692] global_step/sec: 1.26962
INFO:tensorflow:global_step/sec: 1.28463
I0617 10:48:19.521958 140521011004224 basic_session_run_hooks.py:692] global_step/sec: 1.28463
INFO:tensorflow:global_step/sec: 1.28165
I0617 10:49:37.546558 140521011004224 basic_session_run_hooks.py:692] global_step/sec: 1.28165
INFO:tensorflow:Saving checkpoints for 133682 into Data/flag_simple/mgtn/checkpoint/model.ckpt.
I0617 10:50:40.844311 140521011004224 basic_session_run_hooks.py:606] Saving checkpoints for 133682 into Data/flag_simple/mgtn/checkpoint/model.ckpt.
INFO:tensorflow:global_step/sec: 1.2553
I0617 10:50:57.208996 140521011004224 basic_session_run_hooks.py:692] global_step/sec: 1.2553
INFO:tensorflow:global_step/sec: 1.28445
I0617 10:52:15.062976 140521011004224 basic_session_run_hooks.py:692] global_step/sec: 1.28445
INFO:tensorflow:global_step/sec: 1.29086
I0617 10:53:32.530831 140521011004224 basic_session_run_hooks.py:692] global_step/sec: 1.29086
INFO:tensorflow:global_step/sec: 1.28407
I0617 10:54:50.408098 140521011004224 basic_session_run_hooks.py:692] global_step/sec: 1.28407
I0617 10:54:50.409792 140521011004224 run_model.py:87] Step 134000: Loss 0.329384
INFO:tensorflow:global_step/sec: 1.28442
I0617 10:56:08.264423 140521011004224 basic_session_run_hooks.py:692] global_step/sec: 1.28442
INFO:tensorflow:global_step/sec: 1.29153
I0617 10:57:25.691946 140521011004224 basic_session_run_hooks.py:692] global_step/sec: 1.29153
INFO:tensorflow:global_step/sec: 1.28791
I0617 10:58:43.337424 140521011004224 basic_session_run_hooks.py:692] global_step/sec: 1.28791
INFO:tensorflow:global_step/sec: 1.2834
I0617 11:00:01.255220 140521011004224 basic_session_run_hooks.py:692] global_step/sec: 1.2834
INFO:tensorflow:Saving checkpoints for 134453 into Data/flag_simple/mgtn/checkpoint/model.ckpt.
I0617 11:00:41.613129 140521011004224 basic_session_run_hooks.py:606] Saving checkpoints for 134453 into Data/flag_simple/mgtn/checkpoint/model.ckpt.
INFO:tensorflow:global_step/sec: 1.26471
I0617 11:01:20.324723 140521011004224 basic_session_run_hooks.py:692] global_step/sec: 1.26471
INFO:tensorflow:global_step/sec: 1.27715
I0617 11:02:38.623947 140521011004224 basic_session_run_hooks.py:692] global_step/sec: 1.27715
INFO:tensorflow:global_step/sec: 1.27852
I0617 11:03:56.839470 140521011004224 basic_session_run_hooks.py:692] global_step/sec: 1.27852
INFO:tensorflow:global_step/sec: 1.27603
I0617 11:05:15.207400 140521011004224 basic_session_run_hooks.py:692] global_step/sec: 1.27603
INFO:tensorflow:global_step/sec: 1.28249
I0617 11:06:33.180915 140521011004224 basic_session_run_hooks.py:692] global_step/sec: 1.28249
INFO:tensorflow:global_step/sec: 1.28879
I0617 11:07:50.772913 140521011004224 basic_session_run_hooks.py:692] global_step/sec: 1.28879
I0617 11:07:50.774059 140521011004224 run_model.py:87] Step 135000: Loss 0.223156
INFO:tensorflow:global_step/sec: 1.28539
I0617 11:09:08.570088 140521011004224 basic_session_run_hooks.py:692] global_step/sec: 1.28539
INFO:tensorflow:global_step/sec: 1.28166
I0617 11:10:26.593808 140521011004224 basic_session_run_hooks.py:692] global_step/sec: 1.28166
INFO:tensorflow:Saving checkpoints for 135221 into Data/flag_simple/mgtn/checkpoint/model.ckpt.
I0617 11:10:42.092032 140521011004224 basic_session_run_hooks.py:606] Saving checkpoints for 135221 into Data/flag_simple/mgtn/checkpoint/model.ckpt.
INFO:tensorflow:global_step/sec: 1.2716
I0617 11:11:45.235098 140521011004224 basic_session_run_hooks.py:692] global_step/sec: 1.2716
INFO:tensorflow:global_step/sec: 1.2802
I0617 11:13:03.348216 140521011004224 basic_session_run_hooks.py:692] global_step/sec: 1.2802
INFO:tensorflow:global_step/sec: 1.2829
I0617 11:14:21.296734 140521011004224 basic_session_run_hooks.py:692] global_step/sec: 1.2829
INFO:tensorflow:global_step/sec: 1.27844
I0617 11:15:39.516927 140521011004224 basic_session_run_hooks.py:692] global_step/sec: 1.27844
INFO:tensorflow:global_step/sec: 1.28822
I0617 11:16:57.143306 140521011004224 basic_session_run_hooks.py:692] global_step/sec: 1.28822
INFO:tensorflow:global_step/sec: 1.28165
I0617 11:18:15.167844 140521011004224 basic_session_run_hooks.py:692] global_step/sec: 1.28165
INFO:tensorflow:global_step/sec: 1.27737
I0617 11:19:33.453903 140521011004224 basic_session_run_hooks.py:692] global_step/sec: 1.27737
INFO:tensorflow:Saving checkpoints for 135989 into Data/flag_simple/mgtn/checkpoint/model.ckpt.
I0617 11:20:42.375403 140521011004224 basic_session_run_hooks.py:606] Saving checkpoints for 135989 into Data/flag_simple/mgtn/checkpoint/model.ckpt.
INFO:tensorflow:global_step/sec: 1.25608
I0617 11:20:53.066437 140521011004224 basic_session_run_hooks.py:692] global_step/sec: 1.25608
I0617 11:20:53.066944 140521011004224 run_model.py:87] Step 136000: Loss 0.488951
INFO:tensorflow:global_step/sec: 1.28144
I0617 11:22:11.103487 140521011004224 basic_session_run_hooks.py:692] global_step/sec: 1.28144
INFO:tensorflow:global_step/sec: 1.28773
I0617 11:23:28.759652 140521011004224 basic_session_run_hooks.py:692] global_step/sec: 1.28773
INFO:tensorflow:global_step/sec: 1.28515
I0617 11:24:46.571406 140521011004224 basic_session_run_hooks.py:692] global_step/sec: 1.28515
INFO:tensorflow:global_step/sec: 1.29269
I0617 11:26:03.929266 140521011004224 basic_session_run_hooks.py:692] global_step/sec: 1.29269
INFO:tensorflow:global_step/sec: 1.2894
I0617 11:27:21.484874 140521011004224 basic_session_run_hooks.py:692] global_step/sec: 1.2894
INFO:tensorflow:global_step/sec: 1.29261
I0617 11:28:38.847557 140521011004224 basic_session_run_hooks.py:692] global_step/sec: 1.29261
INFO:tensorflow:global_step/sec: 1.29016
I0617 11:29:56.357437 140521011004224 basic_session_run_hooks.py:692] global_step/sec: 1.29016
INFO:tensorflow:Saving checkpoints for 136761 into Data/flag_simple/mgtn/checkpoint/model.ckpt.
I0617 11:30:42.825038 140521011004224 basic_session_run_hooks.py:606] Saving checkpoints for 136761 into Data/flag_simple/mgtn/checkpoint/model.ckpt.
INFO:tensorflow:global_step/sec: 1.26228
I0617 11:31:15.579072 140521011004224 basic_session_run_hooks.py:692] global_step/sec: 1.26228
INFO:tensorflow:global_step/sec: 1.28633
I0617 11:32:33.319566 140521011004224 basic_session_run_hooks.py:692] global_step/sec: 1.28633
INFO:tensorflow:global_step/sec: 1.26827
I0617 11:33:52.166959 140521011004224 basic_session_run_hooks.py:692] global_step/sec: 1.26827
I0617 11:33:52.168278 140521011004224 run_model.py:87] Step 137000: Loss 0.305123
INFO:tensorflow:global_step/sec: 1.27595
I0617 11:35:10.539925 140521011004224 basic_session_run_hooks.py:692] global_step/sec: 1.27595
INFO:tensorflow:global_step/sec: 1.27163
I0617 11:36:29.179273 140521011004224 basic_session_run_hooks.py:692] global_step/sec: 1.27163
INFO:tensorflow:global_step/sec: 1.27351
I0617 11:37:47.702561 140521011004224 basic_session_run_hooks.py:692] global_step/sec: 1.27351
INFO:tensorflow:global_step/sec: 1.27733
I0617 11:39:05.990655 140521011004224 basic_session_run_hooks.py:692] global_step/sec: 1.27733
INFO:tensorflow:global_step/sec: 1.27412
I0617 11:40:24.476536 140521011004224 basic_session_run_hooks.py:692] global_step/sec: 1.27412
INFO:tensorflow:Saving checkpoints for 137525 into Data/flag_simple/mgtn/checkpoint/model.ckpt.
I0617 11:40:42.899422 140521011004224 basic_session_run_hooks.py:606] Saving checkpoints for 137525 into Data/flag_simple/mgtn/checkpoint/model.ckpt.
INFO:tensorflow:global_step/sec: 1.25466
I0617 11:41:44.179574 140521011004224 basic_session_run_hooks.py:692] global_step/sec: 1.25466
INFO:tensorflow:global_step/sec: 1.27712
I0617 11:43:02.480859 140521011004224 basic_session_run_hooks.py:692] global_step/sec: 1.27712
INFO:tensorflow:global_step/sec: 1.27791
I0617 11:44:20.733906 140521011004224 basic_session_run_hooks.py:692] global_step/sec: 1.27791
INFO:tensorflow:global_step/sec: 1.27379
I0617 11:45:39.240057 140521011004224 basic_session_run_hooks.py:692] global_step/sec: 1.27379
INFO:tensorflow:global_step/sec: 1.26161
I0617 11:46:58.504080 140521011004224 basic_session_run_hooks.py:692] global_step/sec: 1.26161
I0617 11:46:58.505230 140521011004224 run_model.py:87] Step 138000: Loss 0.238098
INFO:tensorflow:global_step/sec: 1.27203
I0617 11:48:17.118268 140521011004224 basic_session_run_hooks.py:692] global_step/sec: 1.27203
INFO:tensorflow:global_step/sec: 1.28442
I0617 11:49:34.974289 140521011004224 basic_session_run_hooks.py:692] global_step/sec: 1.28442
INFO:tensorflow:Saving checkpoints for 138288 into Data/flag_simple/mgtn/checkpoint/model.ckpt.
I0617 11:50:42.928853 140521011004224 basic_session_run_hooks.py:606] Saving checkpoints for 138288 into Data/flag_simple/mgtn/checkpoint/model.ckpt.
INFO:tensorflow:global_step/sec: 1.26005
I0617 11:50:54.336233 140521011004224 basic_session_run_hooks.py:692] global_step/sec: 1.26005
INFO:tensorflow:global_step/sec: 1.2627
I0617 11:52:13.531511 140521011004224 basic_session_run_hooks.py:692] global_step/sec: 1.2627
INFO:tensorflow:global_step/sec: 1.26197
I0617 11:53:32.773000 140521011004224 basic_session_run_hooks.py:692] global_step/sec: 1.26197
INFO:tensorflow:global_step/sec: 1.26388
I0617 11:54:51.894447 140521011004224 basic_session_run_hooks.py:692] global_step/sec: 1.26388
INFO:tensorflow:global_step/sec: 1.28528
I0617 11:56:09.698505 140521011004224 basic_session_run_hooks.py:692] global_step/sec: 1.28528
INFO:tensorflow:global_step/sec: 1.29078
I0617 11:57:27.170776 140521011004224 basic_session_run_hooks.py:692] global_step/sec: 1.29078
INFO:tensorflow:global_step/sec: 1.26556
I0617 11:58:46.187310 140521011004224 basic_session_run_hooks.py:692] global_step/sec: 1.26556
INFO:tensorflow:global_step/sec: 1.26848
I0617 12:00:05.021968 140521011004224 basic_session_run_hooks.py:692] global_step/sec: 1.26848
I0617 12:00:05.023602 140521011004224 run_model.py:87] Step 139000: Loss 0.2188
INFO:tensorflow:Saving checkpoints for 139049 into Data/flag_simple/mgtn/checkpoint/model.ckpt.
I0617 12:00:42.938349 140521011004224 basic_session_run_hooks.py:606] Saving checkpoints for 139049 into Data/flag_simple/mgtn/checkpoint/model.ckpt.
INFO:tensorflow:global_step/sec: 1.24729
I0617 12:01:25.195498 140521011004224 basic_session_run_hooks.py:692] global_step/sec: 1.24729
INFO:tensorflow:global_step/sec: 1.26316
I0617 12:02:44.361949 140521011004224 basic_session_run_hooks.py:692] global_step/sec: 1.26316
INFO:tensorflow:global_step/sec: 1.26727
I0617 12:04:03.271880 140521011004224 basic_session_run_hooks.py:692] global_step/sec: 1.26727
INFO:tensorflow:global_step/sec: 1.27327
I0617 12:05:21.809970 140521011004224 basic_session_run_hooks.py:692] global_step/sec: 1.27327
INFO:tensorflow:global_step/sec: 1.26985
I0617 12:06:40.559677 140521011004224 basic_session_run_hooks.py:692] global_step/sec: 1.26985
INFO:tensorflow:global_step/sec: 1.26756
I0617 12:07:59.451346 140521011004224 basic_session_run_hooks.py:692] global_step/sec: 1.26756
INFO:tensorflow:global_step/sec: 1.27321
I0617 12:09:17.992821 140521011004224 basic_session_run_hooks.py:692] global_step/sec: 1.27321
INFO:tensorflow:global_step/sec: 1.26353
I0617 12:10:37.135995 140521011004224 basic_session_run_hooks.py:692] global_step/sec: 1.26353
INFO:tensorflow:Saving checkpoints for 139809 into Data/flag_simple/mgtn/checkpoint/model.ckpt.
I0617 12:10:43.589682 140521011004224 basic_session_run_hooks.py:606] Saving checkpoints for 139809 into Data/flag_simple/mgtn/checkpoint/model.ckpt.
INFO:tensorflow:global_step/sec: 1.23544
I0617 12:11:58.078952 140521011004224 basic_session_run_hooks.py:692] global_step/sec: 1.23544
INFO:tensorflow:global_step/sec: 1.26058
I0617 12:13:17.407697 140521011004224 basic_session_run_hooks.py:692] global_step/sec: 1.26058
I0617 12:13:17.408919 140521011004224 run_model.py:87] Step 140000: Loss 0.342346
INFO:tensorflow:global_step/sec: 1.26334
I0617 12:14:36.562645 140521011004224 basic_session_run_hooks.py:692] global_step/sec: 1.26334
INFO:tensorflow:global_step/sec: 1.26618
I0617 12:15:55.540270 140521011004224 basic_session_run_hooks.py:692] global_step/sec: 1.26618
INFO:tensorflow:global_step/sec: 1.25444
I0617 12:17:15.257284 140521011004224 basic_session_run_hooks.py:692] global_step/sec: 1.25444
INFO:tensorflow:global_step/sec: 1.259
I0617 12:18:34.685348 140521011004224 basic_session_run_hooks.py:692] global_step/sec: 1.259
INFO:tensorflow:global_step/sec: 1.26501
I0617 12:19:53.735938 140521011004224 basic_session_run_hooks.py:692] global_step/sec: 1.26501
INFO:tensorflow:Saving checkpoints for 140564 into Data/flag_simple/mgtn/checkpoint/model.ckpt.
I0617 12:20:43.785269 140521011004224 basic_session_run_hooks.py:606] Saving checkpoints for 140564 into Data/flag_simple/mgtn/checkpoint/model.ckpt.
INFO:tensorflow:global_step/sec: 1.24498
I0617 12:21:14.058359 140521011004224 basic_session_run_hooks.py:692] global_step/sec: 1.24498
INFO:tensorflow:global_step/sec: 1.26639
I0617 12:22:33.023099 140521011004224 basic_session_run_hooks.py:692] global_step/sec: 1.26639
INFO:tensorflow:global_step/sec: 1.26727
I0617 12:23:51.932803 140521011004224 basic_session_run_hooks.py:692] global_step/sec: 1.26727
INFO:tensorflow:global_step/sec: 1.26611
I0617 12:25:10.914928 140521011004224 basic_session_run_hooks.py:692] global_step/sec: 1.26611
INFO:tensorflow:global_step/sec: 1.26077
I0617 12:26:30.231776 140521011004224 basic_session_run_hooks.py:692] global_step/sec: 1.26077
I0617 12:26:30.232772 140521011004224 run_model.py:87] Step 141000: Loss 0.313093
INFO:tensorflow:global_step/sec: 1.26378
I0617 12:27:49.359740 140521011004224 basic_session_run_hooks.py:692] global_step/sec: 1.26378
INFO:tensorflow:global_step/sec: 1.27527
I0617 12:29:07.774622 140521011004224 basic_session_run_hooks.py:692] global_step/sec: 1.27527
INFO:tensorflow:global_step/sec: 1.26117
I0617 12:30:27.066341 140521011004224 basic_session_run_hooks.py:692] global_step/sec: 1.26117
INFO:tensorflow:Saving checkpoints for 141322 into Data/flag_simple/mgtn/checkpoint/model.ckpt.
I0617 12:30:44.043238 140521011004224 basic_session_run_hooks.py:606] Saving checkpoints for 141322 into Data/flag_simple/mgtn/checkpoint/model.ckpt.
INFO:tensorflow:global_step/sec: 1.23582
I0617 12:31:47.984020 140521011004224 basic_session_run_hooks.py:692] global_step/sec: 1.23582
INFO:tensorflow:global_step/sec: 1.26078
I0617 12:33:07.300309 140521011004224 basic_session_run_hooks.py:692] global_step/sec: 1.26078
INFO:tensorflow:global_step/sec: 1.26773
I0617 12:34:26.181157 140521011004224 basic_session_run_hooks.py:692] global_step/sec: 1.26773
INFO:tensorflow:global_step/sec: 1.27131
I0617 12:35:44.839951 140521011004224 basic_session_run_hooks.py:692] global_step/sec: 1.27131
INFO:tensorflow:global_step/sec: 1.27136
I0617 12:37:03.495990 140521011004224 basic_session_run_hooks.py:692] global_step/sec: 1.27136
INFO:tensorflow:global_step/sec: 1.28248
I0617 12:38:21.469768 140521011004224 basic_session_run_hooks.py:692] global_step/sec: 1.28248
INFO:tensorflow:global_step/sec: 1.27244
I0617 12:39:40.059063 140521011004224 basic_session_run_hooks.py:692] global_step/sec: 1.27244
I0617 12:39:40.060189 140521011004224 run_model.py:87] Step 142000: Loss 0.405711
INFO:tensorflow:Saving checkpoints for 142083 into Data/flag_simple/mgtn/checkpoint/model.ckpt.
I0617 12:40:44.455322 140521011004224 basic_session_run_hooks.py:606] Saving checkpoints for 142083 into Data/flag_simple/mgtn/checkpoint/model.ckpt.
INFO:tensorflow:global_step/sec: 1.25131
I0617 12:40:59.975261 140521011004224 basic_session_run_hooks.py:692] global_step/sec: 1.25131
INFO:tensorflow:global_step/sec: 1.26796
I0617 12:42:18.842230 140521011004224 basic_session_run_hooks.py:692] global_step/sec: 1.26796
INFO:tensorflow:global_step/sec: 1.27277
I0617 12:43:37.411110 140521011004224 basic_session_run_hooks.py:692] global_step/sec: 1.27277
INFO:tensorflow:global_step/sec: 1.25906
I0617 12:44:56.835326 140521011004224 basic_session_run_hooks.py:692] global_step/sec: 1.25906
INFO:tensorflow:global_step/sec: 1.27435
I0617 12:46:15.306566 140521011004224 basic_session_run_hooks.py:692] global_step/sec: 1.27435
INFO:tensorflow:global_step/sec: 1.25657
I0617 12:47:34.888511 140521011004224 basic_session_run_hooks.py:692] global_step/sec: 1.25657
INFO:tensorflow:global_step/sec: 1.27737
I0617 12:48:53.174053 140521011004224 basic_session_run_hooks.py:692] global_step/sec: 1.27737
INFO:tensorflow:global_step/sec: 1.27349
I0617 12:50:11.698386 140521011004224 basic_session_run_hooks.py:692] global_step/sec: 1.27349
INFO:tensorflow:Saving checkpoints for 142843 into Data/flag_simple/mgtn/checkpoint/model.ckpt.
I0617 12:50:44.912363 140521011004224 basic_session_run_hooks.py:606] Saving checkpoints for 142843 into Data/flag_simple/mgtn/checkpoint/model.ckpt.
INFO:tensorflow:global_step/sec: 1.24832
I0617 12:51:31.805866 140521011004224 basic_session_run_hooks.py:692] global_step/sec: 1.24832
INFO:tensorflow:global_step/sec: 1.2713
I0617 12:52:50.465684 140521011004224 basic_session_run_hooks.py:692] global_step/sec: 1.2713
I0617 12:52:50.467221 140521011004224 run_model.py:87] Step 143000: Loss 0.774198
INFO:tensorflow:global_step/sec: 1.26889
I0617 12:54:09.274712 140521011004224 basic_session_run_hooks.py:692] global_step/sec: 1.26889
INFO:tensorflow:global_step/sec: 1.28338
I0617 12:55:27.193767 140521011004224 basic_session_run_hooks.py:692] global_step/sec: 1.28338
INFO:tensorflow:global_step/sec: 1.28769
I0617 12:56:44.851968 140521011004224 basic_session_run_hooks.py:692] global_step/sec: 1.28769
INFO:tensorflow:global_step/sec: 1.28064
I0617 12:58:02.937892 140521011004224 basic_session_run_hooks.py:692] global_step/sec: 1.28064
INFO:tensorflow:global_step/sec: 1.29042
I0617 12:59:20.432199 140521011004224 basic_session_run_hooks.py:692] global_step/sec: 1.29042
INFO:tensorflow:global_step/sec: 1.28431
I0617 13:00:38.294849 140521011004224 basic_session_run_hooks.py:692] global_step/sec: 1.28431
INFO:tensorflow:Saving checkpoints for 143610 into Data/flag_simple/mgtn/checkpoint/model.ckpt.
I0617 13:00:45.103284 140521011004224 basic_session_run_hooks.py:606] Saving checkpoints for 143610 into Data/flag_simple/mgtn/checkpoint/model.ckpt.
INFO:tensorflow:global_step/sec: 1.26323
I0617 13:01:57.457254 140521011004224 basic_session_run_hooks.py:692] global_step/sec: 1.26323
INFO:tensorflow:global_step/sec: 1.28767
I0617 13:03:15.117023 140521011004224 basic_session_run_hooks.py:692] global_step/sec: 1.28767
INFO:tensorflow:global_step/sec: 1.29837
I0617 13:04:32.136403 140521011004224 basic_session_run_hooks.py:692] global_step/sec: 1.29837
INFO:tensorflow:global_step/sec: 1.29626
I0617 13:05:49.281566 140521011004224 basic_session_run_hooks.py:692] global_step/sec: 1.29626
I0617 13:05:49.283051 140521011004224 run_model.py:87] Step 144000: Loss 0.343184
INFO:tensorflow:global_step/sec: 1.29363
I0617 13:07:06.583202 140521011004224 basic_session_run_hooks.py:692] global_step/sec: 1.29363
INFO:tensorflow:global_step/sec: 1.28506
I0617 13:08:24.400357 140521011004224 basic_session_run_hooks.py:692] global_step/sec: 1.28506
INFO:tensorflow:global_step/sec: 1.30175
I0617 13:09:41.219805 140521011004224 basic_session_run_hooks.py:692] global_step/sec: 1.30175
INFO:tensorflow:Saving checkpoints for 144384 into Data/flag_simple/mgtn/checkpoint/model.ckpt.
I0617 13:10:45.664601 140521011004224 basic_session_run_hooks.py:606] Saving checkpoints for 144384 into Data/flag_simple/mgtn/checkpoint/model.ckpt.
INFO:tensorflow:global_step/sec: 1.26394
I0617 13:11:00.337658 140521011004224 basic_session_run_hooks.py:692] global_step/sec: 1.26394
INFO:tensorflow:global_step/sec: 1.29216
I0617 13:12:17.727595 140521011004224 basic_session_run_hooks.py:692] global_step/sec: 1.29216
INFO:tensorflow:global_step/sec: 1.29562
I0617 13:13:34.910467 140521011004224 basic_session_run_hooks.py:692] global_step/sec: 1.29562
INFO:tensorflow:global_step/sec: 1.29411
I0617 13:14:52.183797 140521011004224 basic_session_run_hooks.py:692] global_step/sec: 1.29411
INFO:tensorflow:global_step/sec: 1.28287
I0617 13:16:10.134142 140521011004224 basic_session_run_hooks.py:692] global_step/sec: 1.28287
INFO:tensorflow:global_step/sec: 1.289
I0617 13:17:27.713345 140521011004224 basic_session_run_hooks.py:692] global_step/sec: 1.289
INFO:tensorflow:global_step/sec: 1.29259
I0617 13:18:45.077594 140521011004224 basic_session_run_hooks.py:692] global_step/sec: 1.29259
I0617 13:18:45.078814 140521011004224 run_model.py:87] Step 145000: Loss 0.36719
INFO:tensorflow:global_step/sec: 1.29626
I0617 13:20:02.222570 140521011004224 basic_session_run_hooks.py:692] global_step/sec: 1.29626
INFO:tensorflow:Saving checkpoints for 145158 into Data/flag_simple/mgtn/checkpoint/model.ckpt.
I0617 13:20:46.258040 140521011004224 basic_session_run_hooks.py:606] Saving checkpoints for 145158 into Data/flag_simple/mgtn/checkpoint/model.ckpt.
INFO:tensorflow:global_step/sec: 1.27749
I0617 13:21:20.501353 140521011004224 basic_session_run_hooks.py:692] global_step/sec: 1.27749
INFO:tensorflow:global_step/sec: 1.28964
I0617 13:22:38.042672 140521011004224 basic_session_run_hooks.py:692] global_step/sec: 1.28964
INFO:tensorflow:global_step/sec: 1.30037
I0617 13:23:54.943555 140521011004224 basic_session_run_hooks.py:692] global_step/sec: 1.30037
INFO:tensorflow:global_step/sec: 1.28757
I0617 13:25:12.609588 140521011004224 basic_session_run_hooks.py:692] global_step/sec: 1.28757
INFO:tensorflow:global_step/sec: 1.29099
I0617 13:26:30.069496 140521011004224 basic_session_run_hooks.py:692] global_step/sec: 1.29099
INFO:tensorflow:global_step/sec: 1.28988
I0617 13:27:47.596289 140521011004224 basic_session_run_hooks.py:692] global_step/sec: 1.28988
INFO:tensorflow:global_step/sec: 1.29705
I0617 13:29:04.694584 140521011004224 basic_session_run_hooks.py:692] global_step/sec: 1.29705
INFO:tensorflow:global_step/sec: 1.29114
I0617 13:30:22.145626 140521011004224 basic_session_run_hooks.py:692] global_step/sec: 1.29114
INFO:tensorflow:Saving checkpoints for 145933 into Data/flag_simple/mgtn/checkpoint/model.ckpt.
I0617 13:30:47.062612 140521011004224 basic_session_run_hooks.py:606] Saving checkpoints for 145933 into Data/flag_simple/mgtn/checkpoint/model.ckpt.
INFO:tensorflow:global_step/sec: 1.27043
I0617 13:31:40.859135 140521011004224 basic_session_run_hooks.py:692] global_step/sec: 1.27043
I0617 13:31:40.860638 140521011004224 run_model.py:87] Step 146000: Loss 0.291575
INFO:tensorflow:global_step/sec: 1.28574
I0617 13:32:58.635450 140521011004224 basic_session_run_hooks.py:692] global_step/sec: 1.28574
INFO:tensorflow:global_step/sec: 1.29273
I0617 13:34:15.991237 140521011004224 basic_session_run_hooks.py:692] global_step/sec: 1.29273
INFO:tensorflow:global_step/sec: 1.29587
I0617 13:35:33.159446 140521011004224 basic_session_run_hooks.py:692] global_step/sec: 1.29587
INFO:tensorflow:global_step/sec: 1.29248
I0617 13:36:50.530087 140521011004224 basic_session_run_hooks.py:692] global_step/sec: 1.29248
INFO:tensorflow:global_step/sec: 1.2879
I0617 13:38:08.175549 140521011004224 basic_session_run_hooks.py:692] global_step/sec: 1.2879
INFO:tensorflow:global_step/sec: 1.28747
I0617 13:39:25.847556 140521011004224 basic_session_run_hooks.py:692] global_step/sec: 1.28747
INFO:tensorflow:global_step/sec: 1.30154
I0617 13:40:42.679580 140521011004224 basic_session_run_hooks.py:692] global_step/sec: 1.30154
INFO:tensorflow:Saving checkpoints for 146707 into Data/flag_simple/mgtn/checkpoint/model.ckpt.
I0617 13:40:47.370305 140521011004224 basic_session_run_hooks.py:606] Saving checkpoints for 146707 into Data/flag_simple/mgtn/checkpoint/model.ckpt.
INFO:tensorflow:global_step/sec: 1.2659
I0617 13:42:01.674798 140521011004224 basic_session_run_hooks.py:692] global_step/sec: 1.2659
INFO:tensorflow:global_step/sec: 1.29084
I0617 13:43:19.143842 140521011004224 basic_session_run_hooks.py:692] global_step/sec: 1.29084
INFO:tensorflow:global_step/sec: 1.29213
I0617 13:44:36.535416 140521011004224 basic_session_run_hooks.py:692] global_step/sec: 1.29213
I0617 13:44:36.536694 140521011004224 run_model.py:87] Step 147000: Loss 0.244031
INFO:tensorflow:global_step/sec: 1.2913
I0617 13:45:53.976566 140521011004224 basic_session_run_hooks.py:692] global_step/sec: 1.2913
INFO:tensorflow:global_step/sec: 1.2976
I0617 13:47:11.041838 140521011004224 basic_session_run_hooks.py:692] global_step/sec: 1.2976
INFO:tensorflow:global_step/sec: 1.30007
I0617 13:48:27.960928 140521011004224 basic_session_run_hooks.py:692] global_step/sec: 1.30007
INFO:tensorflow:global_step/sec: 1.28749
I0617 13:49:45.631560 140521011004224 basic_session_run_hooks.py:692] global_step/sec: 1.28749
INFO:tensorflow:Saving checkpoints for 147481 into Data/flag_simple/mgtn/checkpoint/model.ckpt.
I0617 13:50:47.898496 140521011004224 basic_session_run_hooks.py:606] Saving checkpoints for 147481 into Data/flag_simple/mgtn/checkpoint/model.ckpt.
INFO:tensorflow:global_step/sec: 1.2658
I0617 13:51:04.632797 140521011004224 basic_session_run_hooks.py:692] global_step/sec: 1.2658
INFO:tensorflow:global_step/sec: 1.29696
I0617 13:52:21.736403 140521011004224 basic_session_run_hooks.py:692] global_step/sec: 1.29696
INFO:tensorflow:global_step/sec: 1.29947
I0617 13:53:38.690883 140521011004224 basic_session_run_hooks.py:692] global_step/sec: 1.29947
INFO:tensorflow:global_step/sec: 1.30546
I0617 13:54:55.292093 140521011004224 basic_session_run_hooks.py:692] global_step/sec: 1.30546
INFO:tensorflow:global_step/sec: 1.29752
I0617 13:56:12.361974 140521011004224 basic_session_run_hooks.py:692] global_step/sec: 1.29752
INFO:tensorflow:global_step/sec: 1.28904
I0617 13:57:29.939099 140521011004224 basic_session_run_hooks.py:692] global_step/sec: 1.28904
I0617 13:57:29.940185 140521011004224 run_model.py:87] Step 148000: Loss 1.36864
INFO:tensorflow:global_step/sec: 1.27809
I0617 13:58:48.181147 140521011004224 basic_session_run_hooks.py:692] global_step/sec: 1.27809
INFO:tensorflow:global_step/sec: 1.29329
I0617 14:00:05.503277 140521011004224 basic_session_run_hooks.py:692] global_step/sec: 1.29329
INFO:tensorflow:Saving checkpoints for 148256 into Data/flag_simple/mgtn/checkpoint/model.ckpt.
I0617 14:00:48.284936 140521011004224 basic_session_run_hooks.py:606] Saving checkpoints for 148256 into Data/flag_simple/mgtn/checkpoint/model.ckpt.
INFO:tensorflow:global_step/sec: 1.26414
I0617 14:01:24.608685 140521011004224 basic_session_run_hooks.py:692] global_step/sec: 1.26414
INFO:tensorflow:global_step/sec: 1.29522
I0617 14:02:41.815780 140521011004224 basic_session_run_hooks.py:692] global_step/sec: 1.29522
INFO:tensorflow:global_step/sec: 1.2948
I0617 14:03:59.047573 140521011004224 basic_session_run_hooks.py:692] global_step/sec: 1.2948
INFO:tensorflow:global_step/sec: 1.28922
I0617 14:05:16.613724 140521011004224 basic_session_run_hooks.py:692] global_step/sec: 1.28922
INFO:tensorflow:global_step/sec: 1.29767
I0617 14:06:33.674907 140521011004224 basic_session_run_hooks.py:692] global_step/sec: 1.29767
INFO:tensorflow:global_step/sec: 1.28896
I0617 14:07:51.256846 140521011004224 basic_session_run_hooks.py:692] global_step/sec: 1.28896
INFO:tensorflow:global_step/sec: 1.27916
I0617 14:09:09.433313 140521011004224 basic_session_run_hooks.py:692] global_step/sec: 1.27916
INFO:tensorflow:global_step/sec: 1.29718
I0617 14:10:26.523588 140521011004224 basic_session_run_hooks.py:692] global_step/sec: 1.29718
I0617 14:10:26.525243 140521011004224 run_model.py:87] Step 149000: Loss 0.41675
INFO:tensorflow:Saving checkpoints for 149030 into Data/flag_simple/mgtn/checkpoint/model.ckpt.
I0617 14:10:48.924802 140521011004224 basic_session_run_hooks.py:606] Saving checkpoints for 149030 into Data/flag_simple/mgtn/checkpoint/model.ckpt.
INFO:tensorflow:global_step/sec: 1.27416
I0617 14:11:45.006499 140521011004224 basic_session_run_hooks.py:692] global_step/sec: 1.27416
INFO:tensorflow:global_step/sec: 1.28711
I0617 14:13:02.700121 140521011004224 basic_session_run_hooks.py:692] global_step/sec: 1.28711
INFO:tensorflow:global_step/sec: 1.28544
I0617 14:14:20.494807 140521011004224 basic_session_run_hooks.py:692] global_step/sec: 1.28544
INFO:tensorflow:global_step/sec: 1.29434
I0617 14:15:37.754384 140521011004224 basic_session_run_hooks.py:692] global_step/sec: 1.29434
INFO:tensorflow:global_step/sec: 1.29444
I0617 14:16:55.007542 140521011004224 basic_session_run_hooks.py:692] global_step/sec: 1.29444
INFO:tensorflow:global_step/sec: 1.30275
I0617 14:18:11.768341 140521011004224 basic_session_run_hooks.py:692] global_step/sec: 1.30275
INFO:tensorflow:global_step/sec: 1.29157
I0617 14:19:29.193685 140521011004224 basic_session_run_hooks.py:692] global_step/sec: 1.29157
INFO:tensorflow:global_step/sec: 1.28991
I0617 14:20:46.718459 140521011004224 basic_session_run_hooks.py:692] global_step/sec: 1.28991
INFO:tensorflow:Saving checkpoints for 149804 into Data/flag_simple/mgtn/checkpoint/model.ckpt.
I0617 14:20:49.052510 140521011004224 basic_session_run_hooks.py:606] Saving checkpoints for 149804 into Data/flag_simple/mgtn/checkpoint/model.ckpt.
INFO:tensorflow:global_step/sec: 1.266
I0617 14:22:05.707314 140521011004224 basic_session_run_hooks.py:692] global_step/sec: 1.266
INFO:tensorflow:global_step/sec: 1.28823
I0617 14:23:23.333020 140521011004224 basic_session_run_hooks.py:692] global_step/sec: 1.28823
I0617 14:23:23.334457 140521011004224 run_model.py:87] Step 150000: Loss 0.373631
INFO:tensorflow:global_step/sec: 1.28853
I0617 14:24:40.940987 140521011004224 basic_session_run_hooks.py:692] global_step/sec: 1.28853
INFO:tensorflow:global_step/sec: 1.28197
I0617 14:25:58.945709 140521011004224 basic_session_run_hooks.py:692] global_step/sec: 1.28197
INFO:tensorflow:global_step/sec: 1.28264
I0617 14:27:16.909770 140521011004224 basic_session_run_hooks.py:692] global_step/sec: 1.28264
INFO:tensorflow:global_step/sec: 1.29567
I0617 14:28:34.089973 140521011004224 basic_session_run_hooks.py:692] global_step/sec: 1.29567
INFO:tensorflow:global_step/sec: 1.29141
I0617 14:29:51.524602 140521011004224 basic_session_run_hooks.py:692] global_step/sec: 1.29141
INFO:tensorflow:Saving checkpoints for 150576 into Data/flag_simple/mgtn/checkpoint/model.ckpt.
I0617 14:30:49.666243 140521011004224 basic_session_run_hooks.py:606] Saving checkpoints for 150576 into Data/flag_simple/mgtn/checkpoint/model.ckpt.
INFO:tensorflow:global_step/sec: 1.2669
I0617 14:31:10.457427 140521011004224 basic_session_run_hooks.py:692] global_step/sec: 1.2669
INFO:tensorflow:global_step/sec: 1.29539
I0617 14:32:27.654112 140521011004224 basic_session_run_hooks.py:692] global_step/sec: 1.29539
INFO:tensorflow:global_step/sec: 1.29314
I0617 14:33:44.985456 140521011004224 basic_session_run_hooks.py:692] global_step/sec: 1.29314
INFO:tensorflow:global_step/sec: 1.28361
I0617 14:35:02.890632 140521011004224 basic_session_run_hooks.py:692] global_step/sec: 1.28361
INFO:tensorflow:global_step/sec: 1.29018
I0617 14:36:20.399127 140521011004224 basic_session_run_hooks.py:692] global_step/sec: 1.29018
I0617 14:36:20.400281 140521011004224 run_model.py:87] Step 151000: Loss 0.272786
INFO:tensorflow:global_step/sec: 1.29245
I0617 14:37:37.771435 140521011004224 basic_session_run_hooks.py:692] global_step/sec: 1.29245
INFO:tensorflow:global_step/sec: 1.29056
I0617 14:38:55.257174 140521011004224 basic_session_run_hooks.py:692] global_step/sec: 1.29056
INFO:tensorflow:global_step/sec: 1.29774
I0617 14:40:12.314064 140521011004224 basic_session_run_hooks.py:692] global_step/sec: 1.29774
INFO:tensorflow:Saving checkpoints for 151350 into Data/flag_simple/mgtn/checkpoint/model.ckpt.
I0617 14:40:50.367769 140521011004224 basic_session_run_hooks.py:606] Saving checkpoints for 151350 into Data/flag_simple/mgtn/checkpoint/model.ckpt.
INFO:tensorflow:global_step/sec: 1.2594
I0617 14:41:31.716854 140521011004224 basic_session_run_hooks.py:692] global_step/sec: 1.2594
INFO:tensorflow:global_step/sec: 1.29375
I0617 14:42:49.011683 140521011004224 basic_session_run_hooks.py:692] global_step/sec: 1.29375
INFO:tensorflow:global_step/sec: 1.28767
I0617 14:44:06.671545 140521011004224 basic_session_run_hooks.py:692] global_step/sec: 1.28767
INFO:tensorflow:global_step/sec: 1.28719
I0617 14:45:24.360183 140521011004224 basic_session_run_hooks.py:692] global_step/sec: 1.28719
INFO:tensorflow:global_step/sec: 1.29024
I0617 14:46:41.865368 140521011004224 basic_session_run_hooks.py:692] global_step/sec: 1.29024
INFO:tensorflow:global_step/sec: 1.29141
I0617 14:47:59.300224 140521011004224 basic_session_run_hooks.py:692] global_step/sec: 1.29141
INFO:tensorflow:global_step/sec: 1.28926
I0617 14:49:16.864151 140521011004224 basic_session_run_hooks.py:692] global_step/sec: 1.28926
I0617 14:49:16.865490 140521011004224 run_model.py:87] Step 152000: Loss 0.722442
INFO:tensorflow:global_step/sec: 1.28263
I0617 14:50:34.828817 140521011004224 basic_session_run_hooks.py:692] global_step/sec: 1.28263
INFO:tensorflow:Saving checkpoints for 152121 into Data/flag_simple/mgtn/checkpoint/model.ckpt.
I0617 14:50:50.564506 140521011004224 basic_session_run_hooks.py:606] Saving checkpoints for 152121 into Data/flag_simple/mgtn/checkpoint/model.ckpt.
INFO:tensorflow:global_step/sec: 1.25028
I0617 14:51:54.811198 140521011004224 basic_session_run_hooks.py:692] global_step/sec: 1.25028
INFO:tensorflow:global_step/sec: 1.29119
I0617 14:53:12.259236 140521011004224 basic_session_run_hooks.py:692] global_step/sec: 1.29119
INFO:tensorflow:global_step/sec: 1.28139
I0617 14:54:30.299550 140521011004224 basic_session_run_hooks.py:692] global_step/sec: 1.28139
INFO:tensorflow:global_step/sec: 1.29166
I0617 14:55:47.719105 140521011004224 basic_session_run_hooks.py:692] global_step/sec: 1.29166
INFO:tensorflow:global_step/sec: 1.28403
I0617 14:57:05.598910 140521011004224 basic_session_run_hooks.py:692] global_step/sec: 1.28403
INFO:tensorflow:global_step/sec: 1.28239
I0617 14:58:23.578380 140521011004224 basic_session_run_hooks.py:692] global_step/sec: 1.28239
INFO:tensorflow:global_step/sec: 1.28665
I0617 14:59:41.299355 140521011004224 basic_session_run_hooks.py:692] global_step/sec: 1.28665
INFO:tensorflow:Saving checkpoints for 152891 into Data/flag_simple/mgtn/checkpoint/model.ckpt.
I0617 15:00:50.716170 140521011004224 basic_session_run_hooks.py:606] Saving checkpoints for 152891 into Data/flag_simple/mgtn/checkpoint/model.ckpt.
INFO:tensorflow:global_step/sec: 1.27521
I0617 15:00:59.717969 140521011004224 basic_session_run_hooks.py:692] global_step/sec: 1.27521
INFO:tensorflow:global_step/sec: 1.29059
I0617 15:02:17.202148 140521011004224 basic_session_run_hooks.py:692] global_step/sec: 1.29059
I0617 15:02:17.203847 140521011004224 run_model.py:87] Step 153000: Loss 0.616706
INFO:tensorflow:global_step/sec: 1.2907
I0617 15:03:34.679347 140521011004224 basic_session_run_hooks.py:692] global_step/sec: 1.2907
INFO:tensorflow:global_step/sec: 1.28586
I0617 15:04:52.448100 140521011004224 basic_session_run_hooks.py:692] global_step/sec: 1.28586
INFO:tensorflow:global_step/sec: 1.27913
I0617 15:06:10.626384 140521011004224 basic_session_run_hooks.py:692] global_step/sec: 1.27913
INFO:tensorflow:global_step/sec: 1.2909
I0617 15:07:28.092031 140521011004224 basic_session_run_hooks.py:692] global_step/sec: 1.2909
INFO:tensorflow:global_step/sec: 1.29123
I0617 15:08:45.537240 140521011004224 basic_session_run_hooks.py:692] global_step/sec: 1.29123
INFO:tensorflow:global_step/sec: 1.28466
I0617 15:10:03.378759 140521011004224 basic_session_run_hooks.py:692] global_step/sec: 1.28466
INFO:tensorflow:Saving checkpoints for 153662 into Data/flag_simple/mgtn/checkpoint/model.ckpt.
I0617 15:10:50.873529 140521011004224 basic_session_run_hooks.py:606] Saving checkpoints for 153662 into Data/flag_simple/mgtn/checkpoint/model.ckpt.
INFO:tensorflow:global_step/sec: 1.26568
I0617 15:11:22.387831 140521011004224 basic_session_run_hooks.py:692] global_step/sec: 1.26568
INFO:tensorflow:global_step/sec: 1.2769
I0617 15:12:40.702307 140521011004224 basic_session_run_hooks.py:692] global_step/sec: 1.2769
INFO:tensorflow:global_step/sec: 1.28305
I0617 15:13:58.641813 140521011004224 basic_session_run_hooks.py:692] global_step/sec: 1.28305
INFO:tensorflow:global_step/sec: 1.2873
I0617 15:15:16.323914 140521011004224 basic_session_run_hooks.py:692] global_step/sec: 1.2873
I0617 15:15:16.325200 140521011004224 run_model.py:87] Step 154000: Loss 0.191011
INFO:tensorflow:global_step/sec: 1.29581
I0617 15:16:33.495820 140521011004224 basic_session_run_hooks.py:692] global_step/sec: 1.29581
INFO:tensorflow:global_step/sec: 1.29026
I0617 15:17:50.999402 140521011004224 basic_session_run_hooks.py:692] global_step/sec: 1.29026
INFO:tensorflow:global_step/sec: 1.28867
I0617 15:19:08.599000 140521011004224 basic_session_run_hooks.py:692] global_step/sec: 1.28867
INFO:tensorflow:global_step/sec: 1.29123
I0617 15:20:26.044425 140521011004224 basic_session_run_hooks.py:692] global_step/sec: 1.29123
INFO:tensorflow:Saving checkpoints for 154434 into Data/flag_simple/mgtn/checkpoint/model.ckpt.
I0617 15:20:51.172396 140521011004224 basic_session_run_hooks.py:606] Saving checkpoints for 154434 into Data/flag_simple/mgtn/checkpoint/model.ckpt.
INFO:tensorflow:global_step/sec: 1.27499
I0617 15:21:44.476239 140521011004224 basic_session_run_hooks.py:692] global_step/sec: 1.27499
INFO:tensorflow:global_step/sec: 1.28449
I0617 15:23:02.328174 140521011004224 basic_session_run_hooks.py:692] global_step/sec: 1.28449
INFO:tensorflow:global_step/sec: 1.2869
I0617 15:24:20.034145 140521011004224 basic_session_run_hooks.py:692] global_step/sec: 1.2869
INFO:tensorflow:global_step/sec: 1.28272
I0617 15:25:37.993597 140521011004224 basic_session_run_hooks.py:692] global_step/sec: 1.28272
INFO:tensorflow:global_step/sec: 1.28611
I0617 15:26:55.747301 140521011004224 basic_session_run_hooks.py:692] global_step/sec: 1.28611
INFO:tensorflow:global_step/sec: 1.28384
I0617 15:28:13.638501 140521011004224 basic_session_run_hooks.py:692] global_step/sec: 1.28384
I0617 15:28:13.639490 140521011004224 run_model.py:87] Step 155000: Loss 0.313343
INFO:tensorflow:global_step/sec: 1.27879
I0617 15:29:31.837726 140521011004224 basic_session_run_hooks.py:692] global_step/sec: 1.27879
INFO:tensorflow:global_step/sec: 1.30328
I0617 15:30:48.567115 140521011004224 basic_session_run_hooks.py:692] global_step/sec: 1.30328
INFO:tensorflow:Saving checkpoints for 155205 into Data/flag_simple/mgtn/checkpoint/model.ckpt.
I0617 15:30:51.705002 140521011004224 basic_session_run_hooks.py:606] Saving checkpoints for 155205 into Data/flag_simple/mgtn/checkpoint/model.ckpt.
INFO:tensorflow:global_step/sec: 1.27443
I0617 15:32:07.033672 140521011004224 basic_session_run_hooks.py:692] global_step/sec: 1.27443
INFO:tensorflow:global_step/sec: 1.30687
I0617 15:33:23.552137 140521011004224 basic_session_run_hooks.py:692] global_step/sec: 1.30687
INFO:tensorflow:global_step/sec: 1.30521
I0617 15:34:40.167910 140521011004224 basic_session_run_hooks.py:692] global_step/sec: 1.30521
INFO:tensorflow:global_step/sec: 1.30295
I0617 15:35:56.916936 140521011004224 basic_session_run_hooks.py:692] global_step/sec: 1.30295
INFO:tensorflow:global_step/sec: 1.29901
I0617 15:37:13.898753 140521011004224 basic_session_run_hooks.py:692] global_step/sec: 1.29901
INFO:tensorflow:global_step/sec: 1.29655
I0617 15:38:31.026366 140521011004224 basic_session_run_hooks.py:692] global_step/sec: 1.29655
INFO:tensorflow:global_step/sec: 1.30294
I0617 15:39:47.775732 140521011004224 basic_session_run_hooks.py:692] global_step/sec: 1.30294
INFO:tensorflow:Saving checkpoints for 155984 into Data/flag_simple/mgtn/checkpoint/model.ckpt.
I0617 15:40:51.730512 140521011004224 basic_session_run_hooks.py:606] Saving checkpoints for 155984 into Data/flag_simple/mgtn/checkpoint/model.ckpt.
INFO:tensorflow:global_step/sec: 1.27383
I0617 15:41:06.279124 140521011004224 basic_session_run_hooks.py:692] global_step/sec: 1.27383
I0617 15:41:06.279874 140521011004224 run_model.py:87] Step 156000: Loss 0.231198
INFO:tensorflow:global_step/sec: 1.30346
I0617 15:42:22.998318 140521011004224 basic_session_run_hooks.py:692] global_step/sec: 1.30346
INFO:tensorflow:global_step/sec: 1.29502
I0617 15:43:40.217365 140521011004224 basic_session_run_hooks.py:692] global_step/sec: 1.29502
INFO:tensorflow:global_step/sec: 1.30558
I0617 15:44:56.811601 140521011004224 basic_session_run_hooks.py:692] global_step/sec: 1.30558
INFO:tensorflow:global_step/sec: 1.30204
I0617 15:46:13.614201 140521011004224 basic_session_run_hooks.py:692] global_step/sec: 1.30204
INFO:tensorflow:global_step/sec: 1.2954
I0617 15:47:30.810324 140521011004224 basic_session_run_hooks.py:692] global_step/sec: 1.2954
INFO:tensorflow:global_step/sec: 1.29879
I0617 15:48:47.805158 140521011004224 basic_session_run_hooks.py:692] global_step/sec: 1.29879
INFO:tensorflow:global_step/sec: 1.29755
I0617 15:50:04.873552 140521011004224 basic_session_run_hooks.py:692] global_step/sec: 1.29755
INFO:tensorflow:Saving checkpoints for 156762 into Data/flag_simple/mgtn/checkpoint/model.ckpt.
I0617 15:50:51.973055 140521011004224 basic_session_run_hooks.py:606] Saving checkpoints for 156762 into Data/flag_simple/mgtn/checkpoint/model.ckpt.
INFO:tensorflow:global_step/sec: 1.27139
I0617 15:51:23.527423 140521011004224 basic_session_run_hooks.py:692] global_step/sec: 1.27139
INFO:tensorflow:global_step/sec: 1.29943
I0617 15:52:40.484369 140521011004224 basic_session_run_hooks.py:692] global_step/sec: 1.29943
INFO:tensorflow:global_step/sec: 1.30267
I0617 15:53:57.249859 140521011004224 basic_session_run_hooks.py:692] global_step/sec: 1.30267
I0617 15:53:57.251411 140521011004224 run_model.py:87] Step 157000: Loss 1.21561
INFO:tensorflow:global_step/sec: 1.29901
I0617 15:55:14.231349 140521011004224 basic_session_run_hooks.py:692] global_step/sec: 1.29901
INFO:tensorflow:global_step/sec: 1.29932
I0617 15:56:31.194661 140521011004224 basic_session_run_hooks.py:692] global_step/sec: 1.29932
INFO:tensorflow:global_step/sec: 1.29437
I0617 15:57:48.452225 140521011004224 basic_session_run_hooks.py:692] global_step/sec: 1.29437
INFO:tensorflow:global_step/sec: 1.30781
I0617 15:59:04.916171 140521011004224 basic_session_run_hooks.py:692] global_step/sec: 1.30781
INFO:tensorflow:global_step/sec: 1.29934
I0617 16:00:21.878189 140521011004224 basic_session_run_hooks.py:692] global_step/sec: 1.29934
INFO:tensorflow:Saving checkpoints for 157541 into Data/flag_simple/mgtn/checkpoint/model.ckpt.
I0617 16:00:52.322251 140521011004224 basic_session_run_hooks.py:606] Saving checkpoints for 157541 into Data/flag_simple/mgtn/checkpoint/model.ckpt.
INFO:tensorflow:global_step/sec: 1.27851
I0617 16:01:40.094351 140521011004224 basic_session_run_hooks.py:692] global_step/sec: 1.27851
INFO:tensorflow:global_step/sec: 1.30322
I0617 16:02:56.827242 140521011004224 basic_session_run_hooks.py:692] global_step/sec: 1.30322
INFO:tensorflow:global_step/sec: 1.30265
I0617 16:04:13.594113 140521011004224 basic_session_run_hooks.py:692] global_step/sec: 1.30265
INFO:tensorflow:global_step/sec: 1.30541
I0617 16:05:30.198608 140521011004224 basic_session_run_hooks.py:692] global_step/sec: 1.30541
INFO:tensorflow:global_step/sec: 1.30672
I0617 16:06:46.725884 140521011004224 basic_session_run_hooks.py:692] global_step/sec: 1.30672
I0617 16:06:46.727218 140521011004224 run_model.py:87] Step 158000: Loss 0.23314
INFO:tensorflow:global_step/sec: 1.30457
I0617 16:08:03.379682 140521011004224 basic_session_run_hooks.py:692] global_step/sec: 1.30457
INFO:tensorflow:global_step/sec: 1.31101
I0617 16:09:19.656989 140521011004224 basic_session_run_hooks.py:692] global_step/sec: 1.31101
INFO:tensorflow:global_step/sec: 1.29991
I0617 16:10:36.585116 140521011004224 basic_session_run_hooks.py:692] global_step/sec: 1.29991
INFO:tensorflow:Saving checkpoints for 158322 into Data/flag_simple/mgtn/checkpoint/model.ckpt.
I0617 16:10:52.857252 140521011004224 basic_session_run_hooks.py:606] Saving checkpoints for 158322 into Data/flag_simple/mgtn/checkpoint/model.ckpt.
INFO:tensorflow:global_step/sec: 1.28409
I0617 16:11:54.461581 140521011004224 basic_session_run_hooks.py:692] global_step/sec: 1.28409
INFO:tensorflow:global_step/sec: 1.30101
I0617 16:13:11.324992 140521011004224 basic_session_run_hooks.py:692] global_step/sec: 1.30101
INFO:tensorflow:global_step/sec: 1.30035
I0617 16:14:28.227376 140521011004224 basic_session_run_hooks.py:692] global_step/sec: 1.30035
INFO:tensorflow:global_step/sec: 1.2995
I0617 16:15:45.179958 140521011004224 basic_session_run_hooks.py:692] global_step/sec: 1.2995
INFO:tensorflow:global_step/sec: 1.30097
I0617 16:17:02.045706 140521011004224 basic_session_run_hooks.py:692] global_step/sec: 1.30097
INFO:tensorflow:global_step/sec: 1.30144
I0617 16:18:18.883674 140521011004224 basic_session_run_hooks.py:692] global_step/sec: 1.30144
INFO:tensorflow:global_step/sec: 1.29583
I0617 16:19:36.054022 140521011004224 basic_session_run_hooks.py:692] global_step/sec: 1.29583
I0617 16:19:36.055425 140521011004224 run_model.py:87] Step 159000: Loss 0.242947
INFO:tensorflow:global_step/sec: 1.30165
I0617 16:20:52.879811 140521011004224 basic_session_run_hooks.py:692] global_step/sec: 1.30165
INFO:tensorflow:Saving checkpoints for 159101 into Data/flag_simple/mgtn/checkpoint/model.ckpt.
I0617 16:20:52.880887 140521011004224 basic_session_run_hooks.py:606] Saving checkpoints for 159101 into Data/flag_simple/mgtn/checkpoint/model.ckpt.
INFO:tensorflow:global_step/sec: 1.27
I0617 16:22:11.619754 140521011004224 basic_session_run_hooks.py:692] global_step/sec: 1.27
INFO:tensorflow:global_step/sec: 1.2985
I0617 16:23:28.631929 140521011004224 basic_session_run_hooks.py:692] global_step/sec: 1.2985
INFO:tensorflow:global_step/sec: 1.30192
I0617 16:24:45.441360 140521011004224 basic_session_run_hooks.py:692] global_step/sec: 1.30192
INFO:tensorflow:global_step/sec: 1.30375
I0617 16:26:02.143017 140521011004224 basic_session_run_hooks.py:692] global_step/sec: 1.30375
INFO:tensorflow:global_step/sec: 1.3014
I0617 16:27:18.983204 140521011004224 basic_session_run_hooks.py:692] global_step/sec: 1.3014
INFO:tensorflow:global_step/sec: 1.29792
I0617 16:28:36.029287 140521011004224 basic_session_run_hooks.py:692] global_step/sec: 1.29792
INFO:tensorflow:global_step/sec: 1.30615
I0617 16:29:52.589993 140521011004224 basic_session_run_hooks.py:692] global_step/sec: 1.30615
INFO:tensorflow:Saving checkpoints for 159880 into Data/flag_simple/mgtn/checkpoint/model.ckpt.
I0617 16:30:53.273846 140521011004224 basic_session_run_hooks.py:606] Saving checkpoints for 159880 into Data/flag_simple/mgtn/checkpoint/model.ckpt.
INFO:tensorflow:global_step/sec: 1.27303
I0617 16:31:11.142676 140521011004224 basic_session_run_hooks.py:692] global_step/sec: 1.27303
INFO:tensorflow:global_step/sec: 1.29109
I0617 16:32:28.596844 140521011004224 basic_session_run_hooks.py:692] global_step/sec: 1.29109
I0617 16:32:28.598596 140521011004224 run_model.py:87] Step 160000: Loss 0.204355
INFO:tensorflow:global_step/sec: 1.30122
I0617 16:33:45.447846 140521011004224 basic_session_run_hooks.py:692] global_step/sec: 1.30122
INFO:tensorflow:global_step/sec: 1.2989
I0617 16:35:02.436201 140521011004224 basic_session_run_hooks.py:692] global_step/sec: 1.2989
INFO:tensorflow:global_step/sec: 1.30038
I0617 16:36:19.337051 140521011004224 basic_session_run_hooks.py:692] global_step/sec: 1.30038
INFO:tensorflow:global_step/sec: 1.30353
I0617 16:37:36.052078 140521011004224 basic_session_run_hooks.py:692] global_step/sec: 1.30353
INFO:tensorflow:global_step/sec: 1.30343
I0617 16:38:52.772778 140521011004224 basic_session_run_hooks.py:692] global_step/sec: 1.30343
INFO:tensorflow:global_step/sec: 1.30257
I0617 16:40:09.544116 140521011004224 basic_session_run_hooks.py:692] global_step/sec: 1.30257
INFO:tensorflow:Saving checkpoints for 160659 into Data/flag_simple/mgtn/checkpoint/model.ckpt.
I0617 16:40:53.674424 140521011004224 basic_session_run_hooks.py:606] Saving checkpoints for 160659 into Data/flag_simple/mgtn/checkpoint/model.ckpt.
INFO:tensorflow:global_step/sec: 1.28556
I0617 16:41:27.331092 140521011004224 basic_session_run_hooks.py:692] global_step/sec: 1.28556
INFO:tensorflow:global_step/sec: 1.29846
I0617 16:42:44.345698 140521011004224 basic_session_run_hooks.py:692] global_step/sec: 1.29846
INFO:tensorflow:global_step/sec: 1.2971
I0617 16:44:01.440757 140521011004224 basic_session_run_hooks.py:692] global_step/sec: 1.2971
INFO:tensorflow:global_step/sec: 1.29383
I0617 16:45:18.730731 140521011004224 basic_session_run_hooks.py:692] global_step/sec: 1.29383
I0617 16:45:18.732134 140521011004224 run_model.py:87] Step 161000: Loss 0.281314
INFO:tensorflow:global_step/sec: 1.29332
I0617 16:46:36.051336 140521011004224 basic_session_run_hooks.py:692] global_step/sec: 1.29332
INFO:tensorflow:global_step/sec: 1.29923
I0617 16:47:53.020047 140521011004224 basic_session_run_hooks.py:692] global_step/sec: 1.29923
INFO:tensorflow:global_step/sec: 1.28882
I0617 16:49:10.610477 140521011004224 basic_session_run_hooks.py:692] global_step/sec: 1.28882
INFO:tensorflow:global_step/sec: 1.31142
I0617 16:50:26.863488 140521011004224 basic_session_run_hooks.py:692] global_step/sec: 1.31142
INFO:tensorflow:Saving checkpoints for 161437 into Data/flag_simple/mgtn/checkpoint/model.ckpt.
I0617 16:50:54.326812 140521011004224 basic_session_run_hooks.py:606] Saving checkpoints for 161437 into Data/flag_simple/mgtn/checkpoint/model.ckpt.
INFO:tensorflow:global_step/sec: 1.28777
I0617 16:51:44.517250 140521011004224 basic_session_run_hooks.py:692] global_step/sec: 1.28777
INFO:tensorflow:global_step/sec: 1.30406
I0617 16:53:01.200890 140521011004224 basic_session_run_hooks.py:692] global_step/sec: 1.30406
INFO:tensorflow:global_step/sec: 1.30517
I0617 16:54:17.819067 140521011004224 basic_session_run_hooks.py:692] global_step/sec: 1.30517
INFO:tensorflow:global_step/sec: 1.30836
I0617 16:55:34.250398 140521011004224 basic_session_run_hooks.py:692] global_step/sec: 1.30836
INFO:tensorflow:global_step/sec: 1.30848
I0617 16:56:50.675232 140521011004224 basic_session_run_hooks.py:692] global_step/sec: 1.30848
INFO:tensorflow:global_step/sec: 1.30913
I0617 16:58:07.061926 140521011004224 basic_session_run_hooks.py:692] global_step/sec: 1.30913
I0617 16:58:07.063185 140521011004224 run_model.py:87] Step 162000: Loss 0.223997
INFO:tensorflow:global_step/sec: 1.29453
I0617 16:59:24.309895 140521011004224 basic_session_run_hooks.py:692] global_step/sec: 1.29453
INFO:tensorflow:global_step/sec: 1.29568
I0617 17:00:41.489667 140521011004224 basic_session_run_hooks.py:692] global_step/sec: 1.29568
INFO:tensorflow:Saving checkpoints for 162218 into Data/flag_simple/mgtn/checkpoint/model.ckpt.
I0617 17:00:54.497335 140521011004224 basic_session_run_hooks.py:606] Saving checkpoints for 162218 into Data/flag_simple/mgtn/checkpoint/model.ckpt.
INFO:tensorflow:global_step/sec: 1.27079
I0617 17:02:00.180907 140521011004224 basic_session_run_hooks.py:692] global_step/sec: 1.27079
INFO:tensorflow:global_step/sec: 1.30146
I0617 17:03:17.017525 140521011004224 basic_session_run_hooks.py:692] global_step/sec: 1.30146
INFO:tensorflow:global_step/sec: 1.29986
I0617 17:04:33.949100 140521011004224 basic_session_run_hooks.py:692] global_step/sec: 1.29986
INFO:tensorflow:global_step/sec: 1.29795
I0617 17:05:50.993355 140521011004224 basic_session_run_hooks.py:692] global_step/sec: 1.29795
INFO:tensorflow:global_step/sec: 1.29682
I0617 17:07:08.105233 140521011004224 basic_session_run_hooks.py:692] global_step/sec: 1.29682
INFO:tensorflow:global_step/sec: 1.29086
I0617 17:08:25.572801 140521011004224 basic_session_run_hooks.py:692] global_step/sec: 1.29086
INFO:tensorflow:global_step/sec: 1.28399
I0617 17:09:43.454797 140521011004224 basic_session_run_hooks.py:692] global_step/sec: 1.28399
INFO:tensorflow:Saving checkpoints for 162994 into Data/flag_simple/mgtn/checkpoint/model.ckpt.
I0617 17:10:54.969841 140521011004224 basic_session_run_hooks.py:606] Saving checkpoints for 162994 into Data/flag_simple/mgtn/checkpoint/model.ckpt.
INFO:tensorflow:global_step/sec: 1.27435
I0617 17:11:01.926381 140521011004224 basic_session_run_hooks.py:692] global_step/sec: 1.27435
I0617 17:11:01.926965 140521011004224 run_model.py:87] Step 163000: Loss 0.186094
INFO:tensorflow:global_step/sec: 1.29079
I0617 17:12:19.398220 140521011004224 basic_session_run_hooks.py:692] global_step/sec: 1.29079
INFO:tensorflow:global_step/sec: 1.28774
I0617 17:13:37.053889 140521011004224 basic_session_run_hooks.py:692] global_step/sec: 1.28774
INFO:tensorflow:global_step/sec: 1.29706
I0617 17:14:54.151137 140521011004224 basic_session_run_hooks.py:692] global_step/sec: 1.29706
INFO:tensorflow:global_step/sec: 1.29615
I0617 17:16:11.302667 140521011004224 basic_session_run_hooks.py:692] global_step/sec: 1.29615
INFO:tensorflow:global_step/sec: 1.29172
I0617 17:17:28.718659 140521011004224 basic_session_run_hooks.py:692] global_step/sec: 1.29172
INFO:tensorflow:global_step/sec: 1.30087
I0617 17:18:45.590568 140521011004224 basic_session_run_hooks.py:692] global_step/sec: 1.30087
INFO:tensorflow:global_step/sec: 1.3137
I0617 17:20:01.711611 140521011004224 basic_session_run_hooks.py:692] global_step/sec: 1.3137
INFO:tensorflow:Saving checkpoints for 163770 into Data/flag_simple/mgtn/checkpoint/model.ckpt.
I0617 17:20:55.227234 140521011004224 basic_session_run_hooks.py:606] Saving checkpoints for 163770 into Data/flag_simple/mgtn/checkpoint/model.ckpt.
INFO:tensorflow:global_step/sec: 1.27165
I0617 17:21:20.349898 140521011004224 basic_session_run_hooks.py:692] global_step/sec: 1.27165
INFO:tensorflow:global_step/sec: 1.30028
I0617 17:22:37.256593 140521011004224 basic_session_run_hooks.py:692] global_step/sec: 1.30028
INFO:tensorflow:global_step/sec: 1.29216
I0617 17:23:54.646326 140521011004224 basic_session_run_hooks.py:692] global_step/sec: 1.29216
I0617 17:23:54.647472 140521011004224 run_model.py:87] Step 164000: Loss 0.352457
INFO:tensorflow:global_step/sec: 1.30259
I0617 17:25:11.416260 140521011004224 basic_session_run_hooks.py:692] global_step/sec: 1.30259
INFO:tensorflow:global_step/sec: 1.30002
I0617 17:26:28.338314 140521011004224 basic_session_run_hooks.py:692] global_step/sec: 1.30002
INFO:tensorflow:global_step/sec: 1.29432
I0617 17:27:45.598904 140521011004224 basic_session_run_hooks.py:692] global_step/sec: 1.29432
INFO:tensorflow:global_step/sec: 1.29654
I0617 17:29:02.727154 140521011004224 basic_session_run_hooks.py:692] global_step/sec: 1.29654
INFO:tensorflow:global_step/sec: 1.29707
I0617 17:30:19.823915 140521011004224 basic_session_run_hooks.py:692] global_step/sec: 1.29707
INFO:tensorflow:Saving checkpoints for 164548 into Data/flag_simple/mgtn/checkpoint/model.ckpt.
I0617 17:30:55.774409 140521011004224 basic_session_run_hooks.py:606] Saving checkpoints for 164548 into Data/flag_simple/mgtn/checkpoint/model.ckpt.
INFO:tensorflow:global_step/sec: 1.28386
I0617 17:31:37.713860 140521011004224 basic_session_run_hooks.py:692] global_step/sec: 1.28386
INFO:tensorflow:global_step/sec: 1.29883
I0617 17:32:54.705963 140521011004224 basic_session_run_hooks.py:692] global_step/sec: 1.29883
INFO:tensorflow:global_step/sec: 1.28798
I0617 17:34:12.347150 140521011004224 basic_session_run_hooks.py:692] global_step/sec: 1.28798
INFO:tensorflow:global_step/sec: 1.2968
I0617 17:35:29.459892 140521011004224 basic_session_run_hooks.py:692] global_step/sec: 1.2968
INFO:tensorflow:global_step/sec: 1.29893
I0617 17:36:46.446284 140521011004224 basic_session_run_hooks.py:692] global_step/sec: 1.29893
I0617 17:36:46.447270 140521011004224 run_model.py:87] Step 165000: Loss 0.558359
INFO:tensorflow:global_step/sec: 1.29603
I0617 17:38:03.604863 140521011004224 basic_session_run_hooks.py:692] global_step/sec: 1.29603
INFO:tensorflow:global_step/sec: 1.30047
I0617 17:39:20.499942 140521011004224 basic_session_run_hooks.py:692] global_step/sec: 1.30047
INFO:tensorflow:global_step/sec: 1.29749
I0617 17:40:37.571606 140521011004224 basic_session_run_hooks.py:692] global_step/sec: 1.29749
INFO:tensorflow:Saving checkpoints for 165325 into Data/flag_simple/mgtn/checkpoint/model.ckpt.
I0617 17:40:55.950088 140521011004224 basic_session_run_hooks.py:606] Saving checkpoints for 165325 into Data/flag_simple/mgtn/checkpoint/model.ckpt.
INFO:tensorflow:global_step/sec: 1.26121
I0617 17:41:56.860419 140521011004224 basic_session_run_hooks.py:692] global_step/sec: 1.26121
INFO:tensorflow:global_step/sec: 1.29834
I0617 17:43:13.881687 140521011004224 basic_session_run_hooks.py:692] global_step/sec: 1.29834
INFO:tensorflow:global_step/sec: 1.3084
I0617 17:44:30.311009 140521011004224 basic_session_run_hooks.py:692] global_step/sec: 1.3084
INFO:tensorflow:global_step/sec: 1.30972
I0617 17:45:46.663095 140521011004224 basic_session_run_hooks.py:692] global_step/sec: 1.30972
INFO:tensorflow:global_step/sec: 1.30814
I0617 17:47:03.107231 140521011004224 basic_session_run_hooks.py:692] global_step/sec: 1.30814
INFO:tensorflow:global_step/sec: 1.29565
I0617 17:48:20.288449 140521011004224 basic_session_run_hooks.py:692] global_step/sec: 1.29565
INFO:tensorflow:global_step/sec: 1.30205
I0617 17:49:37.090571 140521011004224 basic_session_run_hooks.py:692] global_step/sec: 1.30205
I0617 17:49:37.091537 140521011004224 run_model.py:87] Step 166000: Loss 1.01797
INFO:tensorflow:global_step/sec: 1.29797
I0617 17:50:54.134273 140521011004224 basic_session_run_hooks.py:692] global_step/sec: 1.29797
INFO:tensorflow:Saving checkpoints for 166104 into Data/flag_simple/mgtn/checkpoint/model.ckpt.
I0617 17:50:56.489297 140521011004224 basic_session_run_hooks.py:606] Saving checkpoints for 166104 into Data/flag_simple/mgtn/checkpoint/model.ckpt.
INFO:tensorflow:global_step/sec: 1.27163
I0617 17:52:12.773585 140521011004224 basic_session_run_hooks.py:692] global_step/sec: 1.27163
INFO:tensorflow:global_step/sec: 1.2964
I0617 17:53:29.910176 140521011004224 basic_session_run_hooks.py:692] global_step/sec: 1.2964
INFO:tensorflow:global_step/sec: 1.30762
I0617 17:54:46.385223 140521011004224 basic_session_run_hooks.py:692] global_step/sec: 1.30762
INFO:tensorflow:global_step/sec: 1.30813
I0617 17:56:02.830115 140521011004224 basic_session_run_hooks.py:692] global_step/sec: 1.30813
INFO:tensorflow:global_step/sec: 1.29513
I0617 17:57:20.042737 140521011004224 basic_session_run_hooks.py:692] global_step/sec: 1.29513
INFO:tensorflow:global_step/sec: 1.29732
I0617 17:58:37.124816 140521011004224 basic_session_run_hooks.py:692] global_step/sec: 1.29732
INFO:tensorflow:global_step/sec: 1.30268
I0617 17:59:53.889731 140521011004224 basic_session_run_hooks.py:692] global_step/sec: 1.30268
INFO:tensorflow:Saving checkpoints for 166883 into Data/flag_simple/mgtn/checkpoint/model.ckpt.
I0617 18:00:56.657618 140521011004224 basic_session_run_hooks.py:606] Saving checkpoints for 166883 into Data/flag_simple/mgtn/checkpoint/model.ckpt.
INFO:tensorflow:global_step/sec: 1.28417
I0617 18:01:11.760897 140521011004224 basic_session_run_hooks.py:692] global_step/sec: 1.28417
INFO:tensorflow:global_step/sec: 1.30201
I0617 18:02:28.565145 140521011004224 basic_session_run_hooks.py:692] global_step/sec: 1.30201
I0617 18:02:28.566366 140521011004224 run_model.py:87] Step 167000: Loss 0.249577
INFO:tensorflow:global_step/sec: 1.30361
I0617 18:03:45.275470 140521011004224 basic_session_run_hooks.py:692] global_step/sec: 1.30361
INFO:tensorflow:global_step/sec: 1.29324
I0617 18:05:02.600567 140521011004224 basic_session_run_hooks.py:692] global_step/sec: 1.29324
INFO:tensorflow:global_step/sec: 1.29179
I0617 18:06:20.012465 140521011004224 basic_session_run_hooks.py:692] global_step/sec: 1.29179
INFO:tensorflow:global_step/sec: 1.30074
I0617 18:07:36.891730 140521011004224 basic_session_run_hooks.py:692] global_step/sec: 1.30074
INFO:tensorflow:global_step/sec: 1.28925
I0617 18:08:54.456437 140521011004224 basic_session_run_hooks.py:692] global_step/sec: 1.28925
INFO:tensorflow:global_step/sec: 1.3012
I0617 18:10:11.308790 140521011004224 basic_session_run_hooks.py:692] global_step/sec: 1.3012
INFO:tensorflow:Saving checkpoints for 167661 into Data/flag_simple/mgtn/checkpoint/model.ckpt.
I0617 18:10:57.254265 140521011004224 basic_session_run_hooks.py:606] Saving checkpoints for 167661 into Data/flag_simple/mgtn/checkpoint/model.ckpt.
INFO:tensorflow:global_step/sec: 1.28007
I0617 18:11:29.429689 140521011004224 basic_session_run_hooks.py:692] global_step/sec: 1.28007
INFO:tensorflow:global_step/sec: 1.30869
I0617 18:12:45.841737 140521011004224 basic_session_run_hooks.py:692] global_step/sec: 1.30869
INFO:tensorflow:global_step/sec: 1.29957
I0617 18:14:02.790272 140521011004224 basic_session_run_hooks.py:692] global_step/sec: 1.29957
INFO:tensorflow:global_step/sec: 1.29821
I0617 18:15:19.819530 140521011004224 basic_session_run_hooks.py:692] global_step/sec: 1.29821
I0617 18:15:19.821100 140521011004224 run_model.py:87] Step 168000: Loss 0.284211
INFO:tensorflow:global_step/sec: 1.30102
I0617 18:16:36.682580 140521011004224 basic_session_run_hooks.py:692] global_step/sec: 1.30102
INFO:tensorflow:global_step/sec: 1.2985
I0617 18:17:53.694405 140521011004224 basic_session_run_hooks.py:692] global_step/sec: 1.2985
INFO:tensorflow:global_step/sec: 1.29002
I0617 18:19:11.212748 140521011004224 basic_session_run_hooks.py:692] global_step/sec: 1.29002
INFO:tensorflow:global_step/sec: 1.29779
I0617 18:20:28.266594 140521011004224 basic_session_run_hooks.py:692] global_step/sec: 1.29779
INFO:tensorflow:Saving checkpoints for 168439 into Data/flag_simple/mgtn/checkpoint/model.ckpt.
I0617 18:20:57.552972 140521011004224 basic_session_run_hooks.py:606] Saving checkpoints for 168439 into Data/flag_simple/mgtn/checkpoint/model.ckpt.
INFO:tensorflow:global_step/sec: 1.27664
I0617 18:21:46.597460 140521011004224 basic_session_run_hooks.py:692] global_step/sec: 1.27664
INFO:tensorflow:global_step/sec: 1.30257
I0617 18:23:03.368666 140521011004224 basic_session_run_hooks.py:692] global_step/sec: 1.30257
INFO:tensorflow:global_step/sec: 1.30689
I0617 18:24:19.886375 140521011004224 basic_session_run_hooks.py:692] global_step/sec: 1.30689
INFO:tensorflow:global_step/sec: 1.30661
I0617 18:25:36.420374 140521011004224 basic_session_run_hooks.py:692] global_step/sec: 1.30661
INFO:tensorflow:global_step/sec: 1.29454
I0617 18:26:53.667892 140521011004224 basic_session_run_hooks.py:692] global_step/sec: 1.29454
INFO:tensorflow:global_step/sec: 1.31201
I0617 18:28:09.886709 140521011004224 basic_session_run_hooks.py:692] global_step/sec: 1.31201
I0617 18:28:09.888361 140521011004224 run_model.py:87] Step 169000: Loss 0.496614
INFO:tensorflow:global_step/sec: 1.30645
I0617 18:29:26.429780 140521011004224 basic_session_run_hooks.py:692] global_step/sec: 1.30645
INFO:tensorflow:global_step/sec: 1.30507
I0617 18:30:43.054023 140521011004224 basic_session_run_hooks.py:692] global_step/sec: 1.30507
INFO:tensorflow:Saving checkpoints for 169220 into Data/flag_simple/mgtn/checkpoint/model.ckpt.
I0617 18:30:57.589729 140521011004224 basic_session_run_hooks.py:606] Saving checkpoints for 169220 into Data/flag_simple/mgtn/checkpoint/model.ckpt.
INFO:tensorflow:global_step/sec: 1.27918
I0617 18:32:01.229303 140521011004224 basic_session_run_hooks.py:692] global_step/sec: 1.27918
INFO:tensorflow:global_step/sec: 1.29824
I0617 18:33:18.256464 140521011004224 basic_session_run_hooks.py:692] global_step/sec: 1.29824
INFO:tensorflow:global_step/sec: 1.29912
I0617 18:34:35.231532 140521011004224 basic_session_run_hooks.py:692] global_step/sec: 1.29912
INFO:tensorflow:global_step/sec: 1.30033
I0617 18:35:52.134974 140521011004224 basic_session_run_hooks.py:692] global_step/sec: 1.30033
INFO:tensorflow:global_step/sec: 1.29395
I0617 18:37:09.417939 140521011004224 basic_session_run_hooks.py:692] global_step/sec: 1.29395
INFO:tensorflow:global_step/sec: 1.29525
I0617 18:38:26.623286 140521011004224 basic_session_run_hooks.py:692] global_step/sec: 1.29525
INFO:tensorflow:global_step/sec: 1.30223
I0617 18:39:43.414645 140521011004224 basic_session_run_hooks.py:692] global_step/sec: 1.30223
INFO:tensorflow:Saving checkpoints for 169998 into Data/flag_simple/mgtn/checkpoint/model.ckpt.
I0617 18:40:57.843122 140521011004224 basic_session_run_hooks.py:606] Saving checkpoints for 169998 into Data/flag_simple/mgtn/checkpoint/model.ckpt.
INFO:tensorflow:global_step/sec: 1.27854
I0617 18:41:01.628958 140521011004224 basic_session_run_hooks.py:692] global_step/sec: 1.27854
I0617 18:41:01.629452 140521011004224 run_model.py:87] Step 170000: Loss 0.319393
INFO:tensorflow:global_step/sec: 1.30143
I0617 18:42:18.467592 140521011004224 basic_session_run_hooks.py:692] global_step/sec: 1.30143
INFO:tensorflow:global_step/sec: 1.29593
I0617 18:43:35.632315 140521011004224 basic_session_run_hooks.py:692] global_step/sec: 1.29593
INFO:tensorflow:global_step/sec: 1.31262
I0617 18:44:51.816013 140521011004224 basic_session_run_hooks.py:692] global_step/sec: 1.31262
INFO:tensorflow:global_step/sec: 1.29088
I0617 18:46:09.282668 140521011004224 basic_session_run_hooks.py:692] global_step/sec: 1.29088
INFO:tensorflow:global_step/sec: 1.3067
I0617 18:47:25.811254 140521011004224 basic_session_run_hooks.py:692] global_step/sec: 1.3067
INFO:tensorflow:global_step/sec: 1.29626
I0617 18:48:42.956495 140521011004224 basic_session_run_hooks.py:692] global_step/sec: 1.29626
INFO:tensorflow:global_step/sec: 1.29269
I0617 18:50:00.314649 140521011004224 basic_session_run_hooks.py:692] global_step/sec: 1.29269
INFO:tensorflow:Saving checkpoints for 170776 into Data/flag_simple/mgtn/checkpoint/model.ckpt.
I0617 18:50:58.069348 140521011004224 basic_session_run_hooks.py:606] Saving checkpoints for 170776 into Data/flag_simple/mgtn/checkpoint/model.ckpt.
INFO:tensorflow:global_step/sec: 1.27851
I0617 18:51:18.530928 140521011004224 basic_session_run_hooks.py:692] global_step/sec: 1.27851
INFO:tensorflow:global_step/sec: 1.30179
I0617 18:52:35.348449 140521011004224 basic_session_run_hooks.py:692] global_step/sec: 1.30179
INFO:tensorflow:global_step/sec: 1.29216
I0617 18:53:52.738124 140521011004224 basic_session_run_hooks.py:692] global_step/sec: 1.29216
I0617 18:53:52.739281 140521011004224 run_model.py:87] Step 171000: Loss 0.317412
INFO:tensorflow:global_step/sec: 1.28455
I0617 18:55:10.586620 140521011004224 basic_session_run_hooks.py:692] global_step/sec: 1.28455
INFO:tensorflow:global_step/sec: 1.30249
I0617 18:56:27.362851 140521011004224 basic_session_run_hooks.py:692] global_step/sec: 1.30249
INFO:tensorflow:global_step/sec: 1.30367
I0617 18:57:44.069242 140521011004224 basic_session_run_hooks.py:692] global_step/sec: 1.30367
INFO:tensorflow:global_step/sec: 1.29863
I0617 18:59:01.073165 140521011004224 basic_session_run_hooks.py:692] global_step/sec: 1.29863
INFO:tensorflow:global_step/sec: 1.29924
I0617 19:00:18.041314 140521011004224 basic_session_run_hooks.py:692] global_step/sec: 1.29924
INFO:tensorflow:Saving checkpoints for 171554 into Data/flag_simple/mgtn/checkpoint/model.ckpt.
I0617 19:00:58.725523 140521011004224 basic_session_run_hooks.py:606] Saving checkpoints for 171554 into Data/flag_simple/mgtn/checkpoint/model.ckpt.
INFO:tensorflow:global_step/sec: 1.28191
I0617 19:01:36.049626 140521011004224 basic_session_run_hooks.py:692] global_step/sec: 1.28191
INFO:tensorflow:global_step/sec: 1.30616
I0617 19:02:52.609903 140521011004224 basic_session_run_hooks.py:692] global_step/sec: 1.30616
INFO:tensorflow:global_step/sec: 1.29794
I0617 19:04:09.655308 140521011004224 basic_session_run_hooks.py:692] global_step/sec: 1.29794
INFO:tensorflow:global_step/sec: 1.29735
I0617 19:05:26.735786 140521011004224 basic_session_run_hooks.py:692] global_step/sec: 1.29735
INFO:tensorflow:global_step/sec: 1.30464
I0617 19:06:43.385411 140521011004224 basic_session_run_hooks.py:692] global_step/sec: 1.30464
I0617 19:06:43.386623 140521011004224 run_model.py:87] Step 172000: Loss 0.226539
INFO:tensorflow:global_step/sec: 1.28869
I0617 19:08:00.983419 140521011004224 basic_session_run_hooks.py:692] global_step/sec: 1.28869
INFO:tensorflow:global_step/sec: 1.30093
I0617 19:09:17.851583 140521011004224 basic_session_run_hooks.py:692] global_step/sec: 1.30093
INFO:tensorflow:global_step/sec: 1.30028
I0617 19:10:34.758268 140521011004224 basic_session_run_hooks.py:692] global_step/sec: 1.30028
INFO:tensorflow:Saving checkpoints for 172333 into Data/flag_simple/mgtn/checkpoint/model.ckpt.
I0617 19:10:59.420650 140521011004224 basic_session_run_hooks.py:606] Saving checkpoints for 172333 into Data/flag_simple/mgtn/checkpoint/model.ckpt.
INFO:tensorflow:global_step/sec: 1.27714
I0617 19:11:53.058091 140521011004224 basic_session_run_hooks.py:692] global_step/sec: 1.27714
INFO:tensorflow:global_step/sec: 1.29985
I0617 19:13:09.990244 140521011004224 basic_session_run_hooks.py:692] global_step/sec: 1.29985
INFO:tensorflow:global_step/sec: 1.30385
I0617 19:14:26.686055 140521011004224 basic_session_run_hooks.py:692] global_step/sec: 1.30385
INFO:tensorflow:global_step/sec: 1.30014
I0617 19:15:43.600614 140521011004224 basic_session_run_hooks.py:692] global_step/sec: 1.30014
INFO:tensorflow:global_step/sec: 1.29518
I0617 19:17:00.810042 140521011004224 basic_session_run_hooks.py:692] global_step/sec: 1.29518
INFO:tensorflow:global_step/sec: 1.29012
I0617 19:18:18.322386 140521011004224 basic_session_run_hooks.py:692] global_step/sec: 1.29012
INFO:tensorflow:global_step/sec: 1.30601
I0617 19:19:34.891547 140521011004224 basic_session_run_hooks.py:692] global_step/sec: 1.30601
I0617 19:19:34.892528 140521011004224 run_model.py:87] Step 173000: Loss 0.266554
INFO:tensorflow:global_step/sec: 1.29027
I0617 19:20:52.394676 140521011004224 basic_session_run_hooks.py:692] global_step/sec: 1.29027
INFO:tensorflow:Saving checkpoints for 173111 into Data/flag_simple/mgtn/checkpoint/model.ckpt.
I0617 19:21:00.161157 140521011004224 basic_session_run_hooks.py:606] Saving checkpoints for 173111 into Data/flag_simple/mgtn/checkpoint/model.ckpt.
INFO:tensorflow:global_step/sec: 1.2771
I0617 19:22:10.696951 140521011004224 basic_session_run_hooks.py:692] global_step/sec: 1.2771
INFO:tensorflow:global_step/sec: 1.29955
I0617 19:23:27.646395 140521011004224 basic_session_run_hooks.py:692] global_step/sec: 1.29955
INFO:tensorflow:global_step/sec: 1.29903
I0617 19:24:44.627165 140521011004224 basic_session_run_hooks.py:692] global_step/sec: 1.29903
INFO:tensorflow:global_step/sec: 1.29454
I0617 19:26:01.874920 140521011004224 basic_session_run_hooks.py:692] global_step/sec: 1.29454
INFO:tensorflow:global_step/sec: 1.3096
I0617 19:27:18.234134 140521011004224 basic_session_run_hooks.py:692] global_step/sec: 1.3096
INFO:tensorflow:global_step/sec: 1.30633
I0617 19:28:34.784290 140521011004224 basic_session_run_hooks.py:692] global_step/sec: 1.30633
INFO:tensorflow:global_step/sec: 1.29687
I0617 19:29:51.893260 140521011004224 basic_session_run_hooks.py:692] global_step/sec: 1.29687
INFO:tensorflow:Saving checkpoints for 173889 into Data/flag_simple/mgtn/checkpoint/model.ckpt.
I0617 19:31:00.293924 140521011004224 basic_session_run_hooks.py:606] Saving checkpoints for 173889 into Data/flag_simple/mgtn/checkpoint/model.ckpt.
INFO:tensorflow:global_step/sec: 1.26579
I0617 19:31:10.895280 140521011004224 basic_session_run_hooks.py:692] global_step/sec: 1.26579
INFO:tensorflow:global_step/sec: 1.3025
I0617 19:32:27.670986 140521011004224 basic_session_run_hooks.py:692] global_step/sec: 1.3025
I0617 19:32:27.672246 140521011004224 run_model.py:87] Step 174000: Loss 0.28438
INFO:tensorflow:global_step/sec: 1.29754
I0617 19:33:44.740043 140521011004224 basic_session_run_hooks.py:692] global_step/sec: 1.29754
INFO:tensorflow:global_step/sec: 1.3023
I0617 19:35:01.527361 140521011004224 basic_session_run_hooks.py:692] global_step/sec: 1.3023
INFO:tensorflow:global_step/sec: 1.28911
I0617 19:36:19.100496 140521011004224 basic_session_run_hooks.py:692] global_step/sec: 1.28911
INFO:tensorflow:global_step/sec: 1.30013
I0617 19:37:36.015730 140521011004224 basic_session_run_hooks.py:692] global_step/sec: 1.30013
INFO:tensorflow:global_step/sec: 1.30282
I0617 19:38:52.772021 140521011004224 basic_session_run_hooks.py:692] global_step/sec: 1.30282
INFO:tensorflow:global_step/sec: 1.29518
I0617 19:40:09.981180 140521011004224 basic_session_run_hooks.py:692] global_step/sec: 1.29518
INFO:tensorflow:Saving checkpoints for 174667 into Data/flag_simple/mgtn/checkpoint/model.ckpt.
I0617 19:41:00.699831 140521011004224 basic_session_run_hooks.py:606] Saving checkpoints for 174667 into Data/flag_simple/mgtn/checkpoint/model.ckpt.
INFO:tensorflow:global_step/sec: 1.27376
I0617 19:41:28.488814 140521011004224 basic_session_run_hooks.py:692] global_step/sec: 1.27376
INFO:tensorflow:global_step/sec: 1.30245
I0617 19:42:45.267000 140521011004224 basic_session_run_hooks.py:692] global_step/sec: 1.30245
INFO:tensorflow:global_step/sec: 1.29813
I0617 19:44:02.300847 140521011004224 basic_session_run_hooks.py:692] global_step/sec: 1.29813
INFO:tensorflow:global_step/sec: 1.28184
I0617 19:45:20.313472 140521011004224 basic_session_run_hooks.py:692] global_step/sec: 1.28184
I0617 19:45:20.314634 140521011004224 run_model.py:87] Step 175000: Loss 0.169762
INFO:tensorflow:global_step/sec: 1.29484
I0617 19:46:37.543351 140521011004224 basic_session_run_hooks.py:692] global_step/sec: 1.29484
INFO:tensorflow:global_step/sec: 1.30862
I0617 19:47:53.959506 140521011004224 basic_session_run_hooks.py:692] global_step/sec: 1.30862
INFO:tensorflow:global_step/sec: 1.30044
I0617 19:49:10.856299 140521011004224 basic_session_run_hooks.py:692] global_step/sec: 1.30044
INFO:tensorflow:global_step/sec: 1.29376
I0617 19:50:28.150253 140521011004224 basic_session_run_hooks.py:692] global_step/sec: 1.29376
INFO:tensorflow:Saving checkpoints for 175444 into Data/flag_simple/mgtn/checkpoint/model.ckpt.
I0617 19:51:01.392676 140521011004224 basic_session_run_hooks.py:606] Saving checkpoints for 175444 into Data/flag_simple/mgtn/checkpoint/model.ckpt.
INFO:tensorflow:global_step/sec: 1.2736
I0617 19:51:46.667958 140521011004224 basic_session_run_hooks.py:692] global_step/sec: 1.2736
INFO:tensorflow:global_step/sec: 1.3148
I0617 19:53:02.724986 140521011004224 basic_session_run_hooks.py:692] global_step/sec: 1.3148
INFO:tensorflow:global_step/sec: 1.29878
I0617 19:54:19.720083 140521011004224 basic_session_run_hooks.py:692] global_step/sec: 1.29878
INFO:tensorflow:global_step/sec: 1.30335
I0617 19:55:36.445279 140521011004224 basic_session_run_hooks.py:692] global_step/sec: 1.30335
INFO:tensorflow:global_step/sec: 1.30061
I0617 19:56:53.332423 140521011004224 basic_session_run_hooks.py:692] global_step/sec: 1.30061
INFO:tensorflow:global_step/sec: 1.30078
I0617 19:58:10.209224 140521011004224 basic_session_run_hooks.py:692] global_step/sec: 1.30078
I0617 19:58:10.210360 140521011004224 run_model.py:87] Step 176000: Loss 0.454699
INFO:tensorflow:global_step/sec: 1.29364
I0617 19:59:27.510783 140521011004224 basic_session_run_hooks.py:692] global_step/sec: 1.29364
INFO:tensorflow:global_step/sec: 1.29534
I0617 20:00:44.710411 140521011004224 basic_session_run_hooks.py:692] global_step/sec: 1.29534
INFO:tensorflow:Saving checkpoints for 176223 into Data/flag_simple/mgtn/checkpoint/model.ckpt.
I0617 20:01:01.527053 140521011004224 basic_session_run_hooks.py:606] Saving checkpoints for 176223 into Data/flag_simple/mgtn/checkpoint/model.ckpt.
INFO:tensorflow:global_step/sec: 1.27651
I0617 20:02:03.048858 140521011004224 basic_session_run_hooks.py:692] global_step/sec: 1.27651
INFO:tensorflow:global_step/sec: 1.29724
I0617 20:03:20.135690 140521011004224 basic_session_run_hooks.py:692] global_step/sec: 1.29724
INFO:tensorflow:global_step/sec: 1.30354
I0617 20:04:36.849626 140521011004224 basic_session_run_hooks.py:692] global_step/sec: 1.30354
INFO:tensorflow:global_step/sec: 1.2957
I0617 20:05:54.027985 140521011004224 basic_session_run_hooks.py:692] global_step/sec: 1.2957
INFO:tensorflow:global_step/sec: 1.30106
I0617 20:07:10.888720 140521011004224 basic_session_run_hooks.py:692] global_step/sec: 1.30106
INFO:tensorflow:global_step/sec: 1.30557
I0617 20:08:27.483623 140521011004224 basic_session_run_hooks.py:692] global_step/sec: 1.30557
INFO:tensorflow:global_step/sec: 1.30739
I0617 20:09:43.971821 140521011004224 basic_session_run_hooks.py:692] global_step/sec: 1.30739
INFO:tensorflow:global_step/sec: 1.3022
I0617 20:11:00.764907 140521011004224 basic_session_run_hooks.py:692] global_step/sec: 1.3022
I0617 20:11:00.766089 140521011004224 run_model.py:87] Step 177000: Loss 0.429149
INFO:tensorflow:Saving checkpoints for 177003 into Data/flag_simple/mgtn/checkpoint/model.ckpt.
I0617 20:11:02.217947 140521011004224 basic_session_run_hooks.py:606] Saving checkpoints for 177003 into Data/flag_simple/mgtn/checkpoint/model.ckpt.
INFO:tensorflow:global_step/sec: 1.28587
I0617 20:12:18.533592 140521011004224 basic_session_run_hooks.py:692] global_step/sec: 1.28587
INFO:tensorflow:global_step/sec: 1.30747
I0617 20:13:35.017101 140521011004224 basic_session_run_hooks.py:692] global_step/sec: 1.30747
INFO:tensorflow:global_step/sec: 1.2973
I0617 20:14:52.100490 140521011004224 basic_session_run_hooks.py:692] global_step/sec: 1.2973
INFO:tensorflow:global_step/sec: 1.29304
I0617 20:16:09.437306 140521011004224 basic_session_run_hooks.py:692] global_step/sec: 1.29304
INFO:tensorflow:global_step/sec: 1.31288
I0617 20:17:25.605928 140521011004224 basic_session_run_hooks.py:692] global_step/sec: 1.31288
INFO:tensorflow:global_step/sec: 1.30165
I0617 20:18:42.431535 140521011004224 basic_session_run_hooks.py:692] global_step/sec: 1.30165
INFO:tensorflow:global_step/sec: 1.30365
I0617 20:19:59.139143 140521011004224 basic_session_run_hooks.py:692] global_step/sec: 1.30365
INFO:tensorflow:Saving checkpoints for 177784 into Data/flag_simple/mgtn/checkpoint/model.ckpt.
I0617 20:21:02.863954 140521011004224 basic_session_run_hooks.py:606] Saving checkpoints for 177784 into Data/flag_simple/mgtn/checkpoint/model.ckpt.
INFO:tensorflow:global_step/sec: 1.2795
I0617 20:21:17.294967 140521011004224 basic_session_run_hooks.py:692] global_step/sec: 1.2795
INFO:tensorflow:global_step/sec: 1.30254
I0617 20:22:34.068217 140521011004224 basic_session_run_hooks.py:692] global_step/sec: 1.30254
INFO:tensorflow:global_step/sec: 1.29544
I0617 20:23:51.262250 140521011004224 basic_session_run_hooks.py:692] global_step/sec: 1.29544
I0617 20:23:51.263246 140521011004224 run_model.py:87] Step 178000: Loss 0.291588
INFO:tensorflow:global_step/sec: 1.29653
I0617 20:25:08.391265 140521011004224 basic_session_run_hooks.py:692] global_step/sec: 1.29653
INFO:tensorflow:global_step/sec: 1.29474
I0617 20:26:25.626805 140521011004224 basic_session_run_hooks.py:692] global_step/sec: 1.29474
INFO:tensorflow:global_step/sec: 1.29489
I0617 20:27:42.853668 140521011004224 basic_session_run_hooks.py:692] global_step/sec: 1.29489
INFO:tensorflow:global_step/sec: 1.3031
I0617 20:28:59.593899 140521011004224 basic_session_run_hooks.py:692] global_step/sec: 1.3031
INFO:tensorflow:global_step/sec: 1.29756
I0617 20:30:16.661403 140521011004224 basic_session_run_hooks.py:692] global_step/sec: 1.29756
INFO:tensorflow:Saving checkpoints for 178561 into Data/flag_simple/mgtn/checkpoint/model.ckpt.
I0617 20:31:02.991936 140521011004224 basic_session_run_hooks.py:606] Saving checkpoints for 178561 into Data/flag_simple/mgtn/checkpoint/model.ckpt.
INFO:tensorflow:global_step/sec: 1.27581
I0617 20:31:35.043083 140521011004224 basic_session_run_hooks.py:692] global_step/sec: 1.27581
INFO:tensorflow:global_step/sec: 1.2948
I0617 20:32:52.275153 140521011004224 basic_session_run_hooks.py:692] global_step/sec: 1.2948
INFO:tensorflow:global_step/sec: 1.3114
I0617 20:34:08.529448 140521011004224 basic_session_run_hooks.py:692] global_step/sec: 1.3114
INFO:tensorflow:global_step/sec: 1.30394
I0617 20:35:25.220068 140521011004224 basic_session_run_hooks.py:692] global_step/sec: 1.30394
INFO:tensorflow:global_step/sec: 1.30409
I0617 20:36:41.902020 140521011004224 basic_session_run_hooks.py:692] global_step/sec: 1.30409
I0617 20:36:41.903150 140521011004224 run_model.py:87] Step 179000: Loss 0.181927
INFO:tensorflow:global_step/sec: 1.31582
I0617 20:37:57.900438 140521011004224 basic_session_run_hooks.py:692] global_step/sec: 1.31582
INFO:tensorflow:global_step/sec: 1.29877
I0617 20:39:14.896523 140521011004224 basic_session_run_hooks.py:692] global_step/sec: 1.29877
INFO:tensorflow:global_step/sec: 1.29587
I0617 20:40:32.064828 140521011004224 basic_session_run_hooks.py:692] global_step/sec: 1.29587
INFO:tensorflow:Saving checkpoints for 179342 into Data/flag_simple/mgtn/checkpoint/model.ckpt.
I0617 20:41:03.325460 140521011004224 basic_session_run_hooks.py:606] Saving checkpoints for 179342 into Data/flag_simple/mgtn/checkpoint/model.ckpt.
INFO:tensorflow:global_step/sec: 1.27606
I0617 20:41:50.430901 140521011004224 basic_session_run_hooks.py:692] global_step/sec: 1.27606
INFO:tensorflow:global_step/sec: 1.30836
I0617 20:43:06.862469 140521011004224 basic_session_run_hooks.py:692] global_step/sec: 1.30836
INFO:tensorflow:global_step/sec: 1.29572
I0617 20:44:24.039789 140521011004224 basic_session_run_hooks.py:692] global_step/sec: 1.29572
INFO:tensorflow:global_step/sec: 1.30071
I0617 20:45:40.921113 140521011004224 basic_session_run_hooks.py:692] global_step/sec: 1.30071
INFO:tensorflow:global_step/sec: 1.30158
I0617 20:46:57.750863 140521011004224 basic_session_run_hooks.py:692] global_step/sec: 1.30158
INFO:tensorflow:global_step/sec: 1.28821
I0617 20:48:15.377973 140521011004224 basic_session_run_hooks.py:692] global_step/sec: 1.28821
INFO:tensorflow:global_step/sec: 1.29669
I0617 20:49:32.497219 140521011004224 basic_session_run_hooks.py:692] global_step/sec: 1.29669
I0617 20:49:32.498412 140521011004224 run_model.py:87] Step 180000: Loss 0.205617
INFO:tensorflow:global_step/sec: 1.30235
I0617 20:50:49.281265 140521011004224 basic_session_run_hooks.py:692] global_step/sec: 1.30235
INFO:tensorflow:Saving checkpoints for 180120 into Data/flag_simple/mgtn/checkpoint/model.ckpt.
I0617 20:51:04.015862 140521011004224 basic_session_run_hooks.py:606] Saving checkpoints for 180120 into Data/flag_simple/mgtn/checkpoint/model.ckpt.
INFO:tensorflow:global_step/sec: 1.27698
I0617 20:52:07.590793 140521011004224 basic_session_run_hooks.py:692] global_step/sec: 1.27698
INFO:tensorflow:global_step/sec: 1.29475
I0617 20:53:24.825964 140521011004224 basic_session_run_hooks.py:692] global_step/sec: 1.29475
INFO:tensorflow:global_step/sec: 1.2994
I0617 20:54:41.784623 140521011004224 basic_session_run_hooks.py:692] global_step/sec: 1.2994
INFO:tensorflow:global_step/sec: 1.30212
I0617 20:55:58.582352 140521011004224 basic_session_run_hooks.py:692] global_step/sec: 1.30212
INFO:tensorflow:global_step/sec: 1.31397
I0617 20:57:14.687786 140521011004224 basic_session_run_hooks.py:692] global_step/sec: 1.31397
INFO:tensorflow:global_step/sec: 1.30654
I0617 20:58:31.225581 140521011004224 basic_session_run_hooks.py:692] global_step/sec: 1.30654
INFO:tensorflow:global_step/sec: 1.30786
I0617 20:59:47.686253 140521011004224 basic_session_run_hooks.py:692] global_step/sec: 1.30786
INFO:tensorflow:global_step/sec: 1.30057
I0617 21:01:04.575547 140521011004224 basic_session_run_hooks.py:692] global_step/sec: 1.30057
INFO:tensorflow:Saving checkpoints for 180901 into Data/flag_simple/mgtn/checkpoint/model.ckpt.
I0617 21:01:04.576408 140521011004224 basic_session_run_hooks.py:606] Saving checkpoints for 180901 into Data/flag_simple/mgtn/checkpoint/model.ckpt.
INFO:tensorflow:global_step/sec: 1.28105
I0617 21:02:22.636659 140521011004224 basic_session_run_hooks.py:692] global_step/sec: 1.28105
I0617 21:02:22.638337 140521011004224 run_model.py:87] Step 181000: Loss 0.23979
INFO:tensorflow:global_step/sec: 1.30576
I0617 21:03:39.220436 140521011004224 basic_session_run_hooks.py:692] global_step/sec: 1.30576
INFO:tensorflow:global_step/sec: 1.31197
I0617 21:04:55.441681 140521011004224 basic_session_run_hooks.py:692] global_step/sec: 1.31197
INFO:tensorflow:global_step/sec: 1.30457
I0617 21:06:12.095179 140521011004224 basic_session_run_hooks.py:692] global_step/sec: 1.30457
INFO:tensorflow:global_step/sec: 1.3027
I0617 21:07:28.858681 140521011004224 basic_session_run_hooks.py:692] global_step/sec: 1.3027
INFO:tensorflow:global_step/sec: 1.31076
I0617 21:08:45.150367 140521011004224 basic_session_run_hooks.py:692] global_step/sec: 1.31076
INFO:tensorflow:global_step/sec: 1.30372
I0617 21:10:01.853653 140521011004224 basic_session_run_hooks.py:692] global_step/sec: 1.30372
INFO:tensorflow:Saving checkpoints for 181683 into Data/flag_simple/mgtn/checkpoint/model.ckpt.
I0617 21:11:04.683210 140521011004224 basic_session_run_hooks.py:606] Saving checkpoints for 181683 into Data/flag_simple/mgtn/checkpoint/model.ckpt.
INFO:tensorflow:global_step/sec: 1.28152
I0617 21:11:19.885925 140521011004224 basic_session_run_hooks.py:692] global_step/sec: 1.28152
INFO:tensorflow:global_step/sec: 1.30904
I0617 21:12:36.277837 140521011004224 basic_session_run_hooks.py:692] global_step/sec: 1.30904
INFO:tensorflow:global_step/sec: 1.30061
I0617 21:13:53.165077 140521011004224 basic_session_run_hooks.py:692] global_step/sec: 1.30061
INFO:tensorflow:global_step/sec: 1.29663
I0617 21:15:10.288269 140521011004224 basic_session_run_hooks.py:692] global_step/sec: 1.29663
I0617 21:15:10.289391 140521011004224 run_model.py:87] Step 182000: Loss 0.214363
INFO:tensorflow:global_step/sec: 1.29834
I0617 21:16:27.309440 140521011004224 basic_session_run_hooks.py:692] global_step/sec: 1.29834
INFO:tensorflow:global_step/sec: 1.30546
I0617 21:17:43.910753 140521011004224 basic_session_run_hooks.py:692] global_step/sec: 1.30546
INFO:tensorflow:global_step/sec: 1.29818
I0617 21:19:00.941935 140521011004224 basic_session_run_hooks.py:692] global_step/sec: 1.29818
INFO:tensorflow:global_step/sec: 1.31335
I0617 21:20:17.083278 140521011004224 basic_session_run_hooks.py:692] global_step/sec: 1.31335
INFO:tensorflow:Saving checkpoints for 182464 into Data/flag_simple/mgtn/checkpoint/model.ckpt.
I0617 21:21:05.405636 140521011004224 basic_session_run_hooks.py:606] Saving checkpoints for 182464 into Data/flag_simple/mgtn/checkpoint/model.ckpt.
INFO:tensorflow:global_step/sec: 1.27798
I0617 21:21:35.331607 140521011004224 basic_session_run_hooks.py:692] global_step/sec: 1.27798
INFO:tensorflow:global_step/sec: 1.31062
I0617 21:22:51.631417 140521011004224 basic_session_run_hooks.py:692] global_step/sec: 1.31062
INFO:tensorflow:global_step/sec: 1.28891
I0617 21:24:09.216482 140521011004224 basic_session_run_hooks.py:692] global_step/sec: 1.28891
INFO:tensorflow:global_step/sec: 1.28515
I0617 21:25:27.028630 140521011004224 basic_session_run_hooks.py:692] global_step/sec: 1.28515
INFO:tensorflow:global_step/sec: 1.29616
I0617 21:26:44.179869 140521011004224 basic_session_run_hooks.py:692] global_step/sec: 1.29616
INFO:tensorflow:global_step/sec: 1.30895
I0617 21:28:00.577236 140521011004224 basic_session_run_hooks.py:692] global_step/sec: 1.30895
I0617 21:28:00.578400 140521011004224 run_model.py:87] Step 183000: Loss 0.211068
INFO:tensorflow:global_step/sec: 1.29772
I0617 21:29:17.635519 140521011004224 basic_session_run_hooks.py:692] global_step/sec: 1.29772
INFO:tensorflow:global_step/sec: 1.30872
I0617 21:30:34.045769 140521011004224 basic_session_run_hooks.py:692] global_step/sec: 1.30872
INFO:tensorflow:Saving checkpoints for 183243 into Data/flag_simple/mgtn/checkpoint/model.ckpt.
I0617 21:31:05.887419 140521011004224 basic_session_run_hooks.py:606] Saving checkpoints for 183243 into Data/flag_simple/mgtn/checkpoint/model.ckpt.
INFO:tensorflow:global_step/sec: 1.27873
I0617 21:31:52.248108 140521011004224 basic_session_run_hooks.py:692] global_step/sec: 1.27873
INFO:tensorflow:global_step/sec: 1.3029
I0617 21:33:08.999823 140521011004224 basic_session_run_hooks.py:692] global_step/sec: 1.3029
INFO:tensorflow:global_step/sec: 1.29383
I0617 21:34:26.289489 140521011004224 basic_session_run_hooks.py:692] global_step/sec: 1.29383
INFO:tensorflow:global_step/sec: 1.29582
I0617 21:35:43.460602 140521011004224 basic_session_run_hooks.py:692] global_step/sec: 1.29582
INFO:tensorflow:global_step/sec: 1.30121
I0617 21:37:00.312140 140521011004224 basic_session_run_hooks.py:692] global_step/sec: 1.30121
INFO:tensorflow:global_step/sec: 1.30108
I0617 21:38:17.171553 140521011004224 basic_session_run_hooks.py:692] global_step/sec: 1.30108
INFO:tensorflow:global_step/sec: 1.29524
I0617 21:39:34.377573 140521011004224 basic_session_run_hooks.py:692] global_step/sec: 1.29524
INFO:tensorflow:global_step/sec: 1.29745
I0617 21:40:51.451706 140521011004224 basic_session_run_hooks.py:692] global_step/sec: 1.29745
I0617 21:40:51.452954 140521011004224 run_model.py:87] Step 184000: Loss 0.279444
INFO:tensorflow:Saving checkpoints for 184020 into Data/flag_simple/mgtn/checkpoint/model.ckpt.
I0617 21:41:05.965056 140521011004224 basic_session_run_hooks.py:606] Saving checkpoints for 184020 into Data/flag_simple/mgtn/checkpoint/model.ckpt.
INFO:tensorflow:global_step/sec: 1.27602
I0617 21:42:09.820149 140521011004224 basic_session_run_hooks.py:692] global_step/sec: 1.27602
INFO:tensorflow:global_step/sec: 1.29063
I0617 21:43:27.302007 140521011004224 basic_session_run_hooks.py:692] global_step/sec: 1.29063
INFO:tensorflow:global_step/sec: 1.30336
I0617 21:44:44.026958 140521011004224 basic_session_run_hooks.py:692] global_step/sec: 1.30336
INFO:tensorflow:global_step/sec: 1.28919
I0617 21:46:01.594974 140521011004224 basic_session_run_hooks.py:692] global_step/sec: 1.28919
INFO:tensorflow:global_step/sec: 1.28626
I0617 21:47:19.339833 140521011004224 basic_session_run_hooks.py:692] global_step/sec: 1.28626
INFO:tensorflow:global_step/sec: 1.30001
I0617 21:48:36.262419 140521011004224 basic_session_run_hooks.py:692] global_step/sec: 1.30001
INFO:tensorflow:global_step/sec: 1.29827
I0617 21:49:53.288252 140521011004224 basic_session_run_hooks.py:692] global_step/sec: 1.29827
INFO:tensorflow:Saving checkpoints for 184797 into Data/flag_simple/mgtn/checkpoint/model.ckpt.
I0617 21:51:06.525811 140521011004224 basic_session_run_hooks.py:606] Saving checkpoints for 184797 into Data/flag_simple/mgtn/checkpoint/model.ckpt.
INFO:tensorflow:global_step/sec: 1.28641
I0617 21:51:11.023860 140521011004224 basic_session_run_hooks.py:692] global_step/sec: 1.28641
INFO:tensorflow:global_step/sec: 1.29371
I0617 21:52:28.321157 140521011004224 basic_session_run_hooks.py:692] global_step/sec: 1.29371
INFO:tensorflow:global_step/sec: 1.30421
I0617 21:53:44.996003 140521011004224 basic_session_run_hooks.py:692] global_step/sec: 1.30421
I0617 21:53:44.997581 140521011004224 run_model.py:87] Step 185000: Loss 0.285591
INFO:tensorflow:global_step/sec: 1.29085
I0617 21:55:02.464529 140521011004224 basic_session_run_hooks.py:692] global_step/sec: 1.29085
INFO:tensorflow:global_step/sec: 1.30286
I0617 21:56:19.218915 140521011004224 basic_session_run_hooks.py:692] global_step/sec: 1.30286
INFO:tensorflow:global_step/sec: 1.29865
I0617 21:57:36.222218 140521011004224 basic_session_run_hooks.py:692] global_step/sec: 1.29865
INFO:tensorflow:global_step/sec: 1.30764
I0617 21:58:52.695767 140521011004224 basic_session_run_hooks.py:692] global_step/sec: 1.30764
INFO:tensorflow:global_step/sec: 1.29008
I0617 22:00:10.210331 140521011004224 basic_session_run_hooks.py:692] global_step/sec: 1.29008
INFO:tensorflow:Saving checkpoints for 185575 into Data/flag_simple/mgtn/checkpoint/model.ckpt.
I0617 22:01:07.088818 140521011004224 basic_session_run_hooks.py:606] Saving checkpoints for 185575 into Data/flag_simple/mgtn/checkpoint/model.ckpt.
INFO:tensorflow:global_step/sec: 1.2777
I0617 22:01:28.475694 140521011004224 basic_session_run_hooks.py:692] global_step/sec: 1.2777
INFO:tensorflow:global_step/sec: 1.29861
I0617 22:02:45.480967 140521011004224 basic_session_run_hooks.py:692] global_step/sec: 1.29861
INFO:tensorflow:global_step/sec: 1.29548
I0617 22:04:02.672176 140521011004224 basic_session_run_hooks.py:692] global_step/sec: 1.29548
INFO:tensorflow:global_step/sec: 1.30632
I0617 22:05:19.223144 140521011004224 basic_session_run_hooks.py:692] global_step/sec: 1.30632
INFO:tensorflow:global_step/sec: 1.30492
I0617 22:06:35.856156 140521011004224 basic_session_run_hooks.py:692] global_step/sec: 1.30492
I0617 22:06:35.857281 140521011004224 run_model.py:87] Step 186000: Loss 0.219464
INFO:tensorflow:global_step/sec: 1.29694
I0617 22:07:52.960462 140521011004224 basic_session_run_hooks.py:692] global_step/sec: 1.29694
INFO:tensorflow:global_step/sec: 1.30456
I0617 22:09:09.614554 140521011004224 basic_session_run_hooks.py:692] global_step/sec: 1.30456
INFO:tensorflow:global_step/sec: 1.31267
I0617 22:10:25.795447 140521011004224 basic_session_run_hooks.py:692] global_step/sec: 1.31267
INFO:tensorflow:Saving checkpoints for 186355 into Data/flag_simple/mgtn/checkpoint/model.ckpt.
I0617 22:11:07.304592 140521011004224 basic_session_run_hooks.py:606] Saving checkpoints for 186355 into Data/flag_simple/mgtn/checkpoint/model.ckpt.
INFO:tensorflow:global_step/sec: 1.27754
I0617 22:11:44.070770 140521011004224 basic_session_run_hooks.py:692] global_step/sec: 1.27754
INFO:tensorflow:global_step/sec: 1.30731
I0617 22:13:00.563659 140521011004224 basic_session_run_hooks.py:692] global_step/sec: 1.30731
INFO:tensorflow:global_step/sec: 1.30735
I0617 22:14:17.054194 140521011004224 basic_session_run_hooks.py:692] global_step/sec: 1.30735
INFO:tensorflow:global_step/sec: 1.31119
I0617 22:15:33.321080 140521011004224 basic_session_run_hooks.py:692] global_step/sec: 1.31119
INFO:tensorflow:global_step/sec: 1.31212
I0617 22:16:49.533569 140521011004224 basic_session_run_hooks.py:692] global_step/sec: 1.31212
INFO:tensorflow:global_step/sec: 1.30856
I0617 22:18:05.953665 140521011004224 basic_session_run_hooks.py:692] global_step/sec: 1.30856
INFO:tensorflow:global_step/sec: 1.30485
I0617 22:19:22.590542 140521011004224 basic_session_run_hooks.py:692] global_step/sec: 1.30485
I0617 22:19:22.591731 140521011004224 run_model.py:87] Step 187000: Loss 1.35166
INFO:tensorflow:global_step/sec: 1.30402
I0617 22:20:39.276444 140521011004224 basic_session_run_hooks.py:692] global_step/sec: 1.30402
INFO:tensorflow:Saving checkpoints for 187138 into Data/flag_simple/mgtn/checkpoint/model.ckpt.
I0617 22:21:07.410012 140521011004224 basic_session_run_hooks.py:606] Saving checkpoints for 187138 into Data/flag_simple/mgtn/checkpoint/model.ckpt.
INFO:tensorflow:global_step/sec: 1.28284
I0617 22:21:57.228298 140521011004224 basic_session_run_hooks.py:692] global_step/sec: 1.28284
INFO:tensorflow:global_step/sec: 1.30312
I0617 22:23:13.967071 140521011004224 basic_session_run_hooks.py:692] global_step/sec: 1.30312
INFO:tensorflow:global_step/sec: 1.30021
I0617 22:24:30.877516 140521011004224 basic_session_run_hooks.py:692] global_step/sec: 1.30021
INFO:tensorflow:global_step/sec: 1.29831
I0617 22:25:47.900590 140521011004224 basic_session_run_hooks.py:692] global_step/sec: 1.29831
INFO:tensorflow:global_step/sec: 1.30785
I0617 22:27:04.362154 140521011004224 basic_session_run_hooks.py:692] global_step/sec: 1.30785
INFO:tensorflow:global_step/sec: 1.29938
I0617 22:28:21.322073 140521011004224 basic_session_run_hooks.py:692] global_step/sec: 1.29938
INFO:tensorflow:global_step/sec: 1.31229
I0617 22:29:37.524795 140521011004224 basic_session_run_hooks.py:692] global_step/sec: 1.31229
INFO:tensorflow:global_step/sec: 1.29742
I0617 22:30:54.600625 140521011004224 basic_session_run_hooks.py:692] global_step/sec: 1.29742
INFO:tensorflow:Saving checkpoints for 187918 into Data/flag_simple/mgtn/checkpoint/model.ckpt.
I0617 22:31:07.604253 140521011004224 basic_session_run_hooks.py:606] Saving checkpoints for 187918 into Data/flag_simple/mgtn/checkpoint/model.ckpt.
INFO:tensorflow:global_step/sec: 1.28282
I0617 22:32:12.553785 140521011004224 basic_session_run_hooks.py:692] global_step/sec: 1.28282
I0617 22:32:12.555214 140521011004224 run_model.py:87] Step 188000: Loss 0.230386
INFO:tensorflow:global_step/sec: 1.30578
I0617 22:33:29.136383 140521011004224 basic_session_run_hooks.py:692] global_step/sec: 1.30578
INFO:tensorflow:global_step/sec: 1.31238
I0617 22:34:45.334115 140521011004224 basic_session_run_hooks.py:692] global_step/sec: 1.31238
INFO:tensorflow:global_step/sec: 1.30275
I0617 22:36:02.094594 140521011004224 basic_session_run_hooks.py:692] global_step/sec: 1.30275
INFO:tensorflow:global_step/sec: 1.30852
I0617 22:37:18.517033 140521011004224 basic_session_run_hooks.py:692] global_step/sec: 1.30852
INFO:tensorflow:global_step/sec: 1.30605
I0617 22:38:35.083950 140521011004224 basic_session_run_hooks.py:692] global_step/sec: 1.30605
INFO:tensorflow:global_step/sec: 1.31201
I0617 22:39:51.302614 140521011004224 basic_session_run_hooks.py:692] global_step/sec: 1.31201
INFO:tensorflow:global_step/sec: 1.30751
I0617 22:41:07.783909 140521011004224 basic_session_run_hooks.py:692] global_step/sec: 1.30751
INFO:tensorflow:Saving checkpoints for 188701 into Data/flag_simple/mgtn/checkpoint/model.ckpt.
I0617 22:41:07.784705 140521011004224 basic_session_run_hooks.py:606] Saving checkpoints for 188701 into Data/flag_simple/mgtn/checkpoint/model.ckpt.
INFO:tensorflow:global_step/sec: 1.28679
I0617 22:42:25.496670 140521011004224 basic_session_run_hooks.py:692] global_step/sec: 1.28679
INFO:tensorflow:global_step/sec: 1.30833
I0617 22:43:41.929881 140521011004224 basic_session_run_hooks.py:692] global_step/sec: 1.30833
INFO:tensorflow:global_step/sec: 1.31258
I0617 22:44:58.115882 140521011004224 basic_session_run_hooks.py:692] global_step/sec: 1.31258
I0617 22:44:58.117137 140521011004224 run_model.py:87] Step 189000: Loss 0.26703
INFO:tensorflow:global_step/sec: 1.31414
I0617 22:46:14.211221 140521011004224 basic_session_run_hooks.py:692] global_step/sec: 1.31414
INFO:tensorflow:global_step/sec: 1.29521
I0617 22:47:31.418734 140521011004224 basic_session_run_hooks.py:692] global_step/sec: 1.29521
INFO:tensorflow:global_step/sec: 1.30859
I0617 22:48:47.836717 140521011004224 basic_session_run_hooks.py:692] global_step/sec: 1.30859
INFO:tensorflow:global_step/sec: 1.30637
I0617 22:50:04.384785 140521011004224 basic_session_run_hooks.py:692] global_step/sec: 1.30637
INFO:tensorflow:Saving checkpoints for 189484 into Data/flag_simple/mgtn/checkpoint/model.ckpt.
I0617 22:51:08.481674 140521011004224 basic_session_run_hooks.py:606] Saving checkpoints for 189484 into Data/flag_simple/mgtn/checkpoint/model.ckpt.
INFO:tensorflow:global_step/sec: 1.27147
I0617 22:51:23.033603 140521011004224 basic_session_run_hooks.py:692] global_step/sec: 1.27147
INFO:tensorflow:global_step/sec: 1.30353
I0617 22:52:39.748500 140521011004224 basic_session_run_hooks.py:692] global_step/sec: 1.30353
INFO:tensorflow:global_step/sec: 1.30476
I0617 22:53:56.390867 140521011004224 basic_session_run_hooks.py:692] global_step/sec: 1.30476
INFO:tensorflow:global_step/sec: 1.30678
I0617 22:55:12.915109 140521011004224 basic_session_run_hooks.py:692] global_step/sec: 1.30678
INFO:tensorflow:global_step/sec: 1.29758
I0617 22:56:29.981518 140521011004224 basic_session_run_hooks.py:692] global_step/sec: 1.29758
INFO:tensorflow:global_step/sec: 1.30805
I0617 22:57:46.431232 140521011004224 basic_session_run_hooks.py:692] global_step/sec: 1.30805
I0617 22:57:46.432315 140521011004224 run_model.py:87] Step 190000: Loss 0.185417
INFO:tensorflow:global_step/sec: 1.30484
I0617 22:59:03.069112 140521011004224 basic_session_run_hooks.py:692] global_step/sec: 1.30484
INFO:tensorflow:global_step/sec: 1.30807
I0617 23:00:19.517896 140521011004224 basic_session_run_hooks.py:692] global_step/sec: 1.30807
INFO:tensorflow:Saving checkpoints for 190265 into Data/flag_simple/mgtn/checkpoint/model.ckpt.
I0617 23:01:08.674331 140521011004224 basic_session_run_hooks.py:606] Saving checkpoints for 190265 into Data/flag_simple/mgtn/checkpoint/model.ckpt.
INFO:tensorflow:global_step/sec: 1.27161
I0617 23:01:38.158520 140521011004224 basic_session_run_hooks.py:692] global_step/sec: 1.27161
INFO:tensorflow:global_step/sec: 1.31181
I0617 23:02:54.388711 140521011004224 basic_session_run_hooks.py:692] global_step/sec: 1.31181
INFO:tensorflow:global_step/sec: 1.29871
I0617 23:04:11.388417 140521011004224 basic_session_run_hooks.py:692] global_step/sec: 1.29871
INFO:tensorflow:global_step/sec: 1.30738
I0617 23:05:27.877070 140521011004224 basic_session_run_hooks.py:692] global_step/sec: 1.30738
INFO:tensorflow:global_step/sec: 1.31244
I0617 23:06:44.071055 140521011004224 basic_session_run_hooks.py:692] global_step/sec: 1.31244
INFO:tensorflow:global_step/sec: 1.30229
I0617 23:08:00.858981 140521011004224 basic_session_run_hooks.py:692] global_step/sec: 1.30229
INFO:tensorflow:global_step/sec: 1.30836
I0617 23:09:17.290737 140521011004224 basic_session_run_hooks.py:692] global_step/sec: 1.30836
INFO:tensorflow:global_step/sec: 1.2951
I0617 23:10:34.504569 140521011004224 basic_session_run_hooks.py:692] global_step/sec: 1.2951
I0617 23:10:34.505987 140521011004224 run_model.py:87] Step 191000: Loss 0.108827
INFO:tensorflow:Saving checkpoints for 191046 into Data/flag_simple/mgtn/checkpoint/model.ckpt.
I0617 23:11:09.189739 140521011004224 basic_session_run_hooks.py:606] Saving checkpoints for 191046 into Data/flag_simple/mgtn/checkpoint/model.ckpt.
INFO:tensorflow:global_step/sec: 1.27879
I0617 23:11:52.703258 140521011004224 basic_session_run_hooks.py:692] global_step/sec: 1.27879
INFO:tensorflow:global_step/sec: 1.30071
I0617 23:13:09.584178 140521011004224 basic_session_run_hooks.py:692] global_step/sec: 1.30071
INFO:tensorflow:global_step/sec: 1.29967
I0617 23:14:26.526552 140521011004224 basic_session_run_hooks.py:692] global_step/sec: 1.29967
INFO:tensorflow:global_step/sec: 1.29845
I0617 23:15:43.541619 140521011004224 basic_session_run_hooks.py:692] global_step/sec: 1.29845
INFO:tensorflow:global_step/sec: 1.3082
I0617 23:16:59.982767 140521011004224 basic_session_run_hooks.py:692] global_step/sec: 1.3082
INFO:tensorflow:global_step/sec: 1.30786
I0617 23:18:16.443737 140521011004224 basic_session_run_hooks.py:692] global_step/sec: 1.30786
INFO:tensorflow:global_step/sec: 1.30538
I0617 23:19:33.049548 140521011004224 basic_session_run_hooks.py:692] global_step/sec: 1.30538
INFO:tensorflow:global_step/sec: 1.30397
I0617 23:20:49.738336 140521011004224 basic_session_run_hooks.py:692] global_step/sec: 1.30397
INFO:tensorflow:Saving checkpoints for 191827 into Data/flag_simple/mgtn/checkpoint/model.ckpt.
I0617 23:21:09.578339 140521011004224 basic_session_run_hooks.py:606] Saving checkpoints for 191827 into Data/flag_simple/mgtn/checkpoint/model.ckpt.
INFO:tensorflow:global_step/sec: 1.27304
I0617 23:22:08.290661 140521011004224 basic_session_run_hooks.py:692] global_step/sec: 1.27304
INFO:tensorflow:global_step/sec: 1.3031
I0617 23:23:25.030909 140521011004224 basic_session_run_hooks.py:692] global_step/sec: 1.3031
I0617 23:23:25.032037 140521011004224 run_model.py:87] Step 192000: Loss 0.325621
INFO:tensorflow:global_step/sec: 1.29786
I0617 23:24:42.081037 140521011004224 basic_session_run_hooks.py:692] global_step/sec: 1.29786
INFO:tensorflow:global_step/sec: 1.30147
I0617 23:25:58.917372 140521011004224 basic_session_run_hooks.py:692] global_step/sec: 1.30147
INFO:tensorflow:global_step/sec: 1.2982
I0617 23:27:15.947325 140521011004224 basic_session_run_hooks.py:692] global_step/sec: 1.2982
INFO:tensorflow:global_step/sec: 1.30499
I0617 23:28:32.576256 140521011004224 basic_session_run_hooks.py:692] global_step/sec: 1.30499
INFO:tensorflow:global_step/sec: 1.30102
I0617 23:29:49.438808 140521011004224 basic_session_run_hooks.py:692] global_step/sec: 1.30102
INFO:tensorflow:global_step/sec: 1.29728
I0617 23:31:06.523354 140521011004224 basic_session_run_hooks.py:692] global_step/sec: 1.29728
INFO:tensorflow:Saving checkpoints for 192606 into Data/flag_simple/mgtn/checkpoint/model.ckpt.
I0617 23:31:10.276502 140521011004224 basic_session_run_hooks.py:606] Saving checkpoints for 192606 into Data/flag_simple/mgtn/checkpoint/model.ckpt.
INFO:tensorflow:global_step/sec: 1.27883
I0617 23:32:24.720023 140521011004224 basic_session_run_hooks.py:692] global_step/sec: 1.27883
INFO:tensorflow:global_step/sec: 1.31167
I0617 23:33:40.958503 140521011004224 basic_session_run_hooks.py:692] global_step/sec: 1.31167
INFO:tensorflow:global_step/sec: 1.29945
I0617 23:34:57.913898 140521011004224 basic_session_run_hooks.py:692] global_step/sec: 1.29945
INFO:tensorflow:global_step/sec: 1.30384
I0617 23:36:14.610317 140521011004224 basic_session_run_hooks.py:692] global_step/sec: 1.30384
I0617 23:36:14.611477 140521011004224 run_model.py:87] Step 193000: Loss 0.0924733
INFO:tensorflow:global_step/sec: 1.29672
I0617 23:37:31.727873 140521011004224 basic_session_run_hooks.py:692] global_step/sec: 1.29672
INFO:tensorflow:global_step/sec: 1.30397
I0617 23:38:48.416499 140521011004224 basic_session_run_hooks.py:692] global_step/sec: 1.30397
INFO:tensorflow:global_step/sec: 1.29817
I0617 23:40:05.447923 140521011004224 basic_session_run_hooks.py:692] global_step/sec: 1.29817
INFO:tensorflow:Saving checkpoints for 193386 into Data/flag_simple/mgtn/checkpoint/model.ckpt.
I0617 23:41:10.832252 140521011004224 basic_session_run_hooks.py:606] Saving checkpoints for 193386 into Data/flag_simple/mgtn/checkpoint/model.ckpt.
INFO:tensorflow:global_step/sec: 1.28021
I0617 23:41:23.559828 140521011004224 basic_session_run_hooks.py:692] global_step/sec: 1.28021
INFO:tensorflow:global_step/sec: 1.29979
I0617 23:42:40.495570 140521011004224 basic_session_run_hooks.py:692] global_step/sec: 1.29979
INFO:tensorflow:global_step/sec: 1.30594
I0617 23:43:57.069034 140521011004224 basic_session_run_hooks.py:692] global_step/sec: 1.30594
INFO:tensorflow:global_step/sec: 1.30836
I0617 23:45:13.500436 140521011004224 basic_session_run_hooks.py:692] global_step/sec: 1.30836
INFO:tensorflow:global_step/sec: 1.29446
I0617 23:46:30.752473 140521011004224 basic_session_run_hooks.py:692] global_step/sec: 1.29446
INFO:tensorflow:global_step/sec: 1.31659
I0617 23:47:46.706194 140521011004224 basic_session_run_hooks.py:692] global_step/sec: 1.31659
INFO:tensorflow:global_step/sec: 1.30629
I0617 23:49:03.259152 140521011004224 basic_session_run_hooks.py:692] global_step/sec: 1.30629
I0617 23:49:03.260653 140521011004224 run_model.py:87] Step 194000: Loss 0.320002
INFO:tensorflow:global_step/sec: 1.30961
I0617 23:50:19.617563 140521011004224 basic_session_run_hooks.py:692] global_step/sec: 1.30961
INFO:tensorflow:Saving checkpoints for 194168 into Data/flag_simple/mgtn/checkpoint/model.ckpt.
I0617 23:51:11.266813 140521011004224 basic_session_run_hooks.py:606] Saving checkpoints for 194168 into Data/flag_simple/mgtn/checkpoint/model.ckpt.
INFO:tensorflow:global_step/sec: 1.2716
I0617 23:51:38.259034 140521011004224 basic_session_run_hooks.py:692] global_step/sec: 1.2716
INFO:tensorflow:global_step/sec: 1.29458
I0617 23:52:55.503975 140521011004224 basic_session_run_hooks.py:692] global_step/sec: 1.29458
INFO:tensorflow:global_step/sec: 1.30074
I0617 23:54:12.383040 140521011004224 basic_session_run_hooks.py:692] global_step/sec: 1.30074
INFO:tensorflow:global_step/sec: 1.2972
I0617 23:55:29.472235 140521011004224 basic_session_run_hooks.py:692] global_step/sec: 1.2972
INFO:tensorflow:global_step/sec: 1.30433
I0617 23:56:46.140033 140521011004224 basic_session_run_hooks.py:692] global_step/sec: 1.30433
INFO:tensorflow:global_step/sec: 1.29523
I0617 23:58:03.346553 140521011004224 basic_session_run_hooks.py:692] global_step/sec: 1.29523
INFO:tensorflow:global_step/sec: 1.30219
I0617 23:59:20.140505 140521011004224 basic_session_run_hooks.py:692] global_step/sec: 1.30219
INFO:tensorflow:global_step/sec: 1.30045
I0618 00:00:37.036863 140521011004224 basic_session_run_hooks.py:692] global_step/sec: 1.30045
INFO:tensorflow:Saving checkpoints for 194946 into Data/flag_simple/mgtn/checkpoint/model.ckpt.
I0618 00:01:11.521562 140521011004224 basic_session_run_hooks.py:606] Saving checkpoints for 194946 into Data/flag_simple/mgtn/checkpoint/model.ckpt.
INFO:tensorflow:global_step/sec: 1.27216
I0618 00:01:55.643257 140521011004224 basic_session_run_hooks.py:692] global_step/sec: 1.27216
I0618 00:01:55.644124 140521011004224 run_model.py:87] Step 195000: Loss 0.258789
INFO:tensorflow:global_step/sec: 1.30486
I0618 00:03:12.280121 140521011004224 basic_session_run_hooks.py:692] global_step/sec: 1.30486
INFO:tensorflow:global_step/sec: 1.30034
I0618 00:04:29.183292 140521011004224 basic_session_run_hooks.py:692] global_step/sec: 1.30034
INFO:tensorflow:global_step/sec: 1.29802
I0618 00:05:46.223700 140521011004224 basic_session_run_hooks.py:692] global_step/sec: 1.29802
INFO:tensorflow:global_step/sec: 1.29558
I0618 00:07:03.409053 140521011004224 basic_session_run_hooks.py:692] global_step/sec: 1.29558
INFO:tensorflow:global_step/sec: 1.28987
I0618 00:08:20.936517 140521011004224 basic_session_run_hooks.py:692] global_step/sec: 1.28987
INFO:tensorflow:global_step/sec: 1.30208
I0618 00:09:37.736422 140521011004224 basic_session_run_hooks.py:692] global_step/sec: 1.30208
INFO:tensorflow:global_step/sec: 1.30369
I0618 00:10:54.441760 140521011004224 basic_session_run_hooks.py:692] global_step/sec: 1.30369
INFO:tensorflow:Saving checkpoints for 195724 into Data/flag_simple/mgtn/checkpoint/model.ckpt.
I0618 00:11:11.912323 140521011004224 basic_session_run_hooks.py:606] Saving checkpoints for 195724 into Data/flag_simple/mgtn/checkpoint/model.ckpt.
INFO:tensorflow:global_step/sec: 1.28468
I0618 00:12:12.281928 140521011004224 basic_session_run_hooks.py:692] global_step/sec: 1.28468
INFO:tensorflow:global_step/sec: 1.2979
I0618 00:13:29.329455 140521011004224 basic_session_run_hooks.py:692] global_step/sec: 1.2979
INFO:tensorflow:global_step/sec: 1.30171
I0618 00:14:46.151415 140521011004224 basic_session_run_hooks.py:692] global_step/sec: 1.30171
I0618 00:14:46.153063 140521011004224 run_model.py:87] Step 196000: Loss 0.149154
INFO:tensorflow:global_step/sec: 1.29529
I0618 00:16:03.354432 140521011004224 basic_session_run_hooks.py:692] global_step/sec: 1.29529
INFO:tensorflow:global_step/sec: 1.30094
I0618 00:17:20.221747 140521011004224 basic_session_run_hooks.py:692] global_step/sec: 1.30094
INFO:tensorflow:global_step/sec: 1.29751
I0618 00:18:37.292593 140521011004224 basic_session_run_hooks.py:692] global_step/sec: 1.29751
INFO:tensorflow:global_step/sec: 1.29868
I0618 00:19:54.293615 140521011004224 basic_session_run_hooks.py:692] global_step/sec: 1.29868
INFO:tensorflow:global_step/sec: 1.30115
I0618 00:21:11.148823 140521011004224 basic_session_run_hooks.py:692] global_step/sec: 1.30115
INFO:tensorflow:Saving checkpoints for 196503 into Data/flag_simple/mgtn/checkpoint/model.ckpt.
I0618 00:21:12.704375 140521011004224 basic_session_run_hooks.py:606] Saving checkpoints for 196503 into Data/flag_simple/mgtn/checkpoint/model.ckpt.
INFO:tensorflow:global_step/sec: 1.27658
I0618 00:22:29.482940 140521011004224 basic_session_run_hooks.py:692] global_step/sec: 1.27658
INFO:tensorflow:global_step/sec: 1.30147
I0618 00:23:46.319238 140521011004224 basic_session_run_hooks.py:692] global_step/sec: 1.30147
INFO:tensorflow:global_step/sec: 1.30521
I0618 00:25:02.935504 140521011004224 basic_session_run_hooks.py:692] global_step/sec: 1.30521
INFO:tensorflow:global_step/sec: 1.29901
I0618 00:26:19.917302 140521011004224 basic_session_run_hooks.py:692] global_step/sec: 1.29901
INFO:tensorflow:global_step/sec: 1.2942
I0618 00:27:37.184936 140521011004224 basic_session_run_hooks.py:692] global_step/sec: 1.2942
I0618 00:27:37.186077 140521011004224 run_model.py:87] Step 197000: Loss 2.17737
INFO:tensorflow:global_step/sec: 1.30496
I0618 00:28:53.815901 140521011004224 basic_session_run_hooks.py:692] global_step/sec: 1.30496
INFO:tensorflow:global_step/sec: 1.30658
I0618 00:30:10.351360 140521011004224 basic_session_run_hooks.py:692] global_step/sec: 1.30658
INFO:tensorflow:Saving checkpoints for 197283 into Data/flag_simple/mgtn/checkpoint/model.ckpt.
I0618 00:31:13.189797 140521011004224 basic_session_run_hooks.py:606] Saving checkpoints for 197283 into Data/flag_simple/mgtn/checkpoint/model.ckpt.
INFO:tensorflow:global_step/sec: 1.28715
I0618 00:31:28.042161 140521011004224 basic_session_run_hooks.py:692] global_step/sec: 1.28715
INFO:tensorflow:global_step/sec: 1.30347
I0618 00:32:44.760325 140521011004224 basic_session_run_hooks.py:692] global_step/sec: 1.30347
INFO:tensorflow:global_step/sec: 1.29761
I0618 00:34:01.824905 140521011004224 basic_session_run_hooks.py:692] global_step/sec: 1.29761
INFO:tensorflow:global_step/sec: 1.29871
I0618 00:35:18.824181 140521011004224 basic_session_run_hooks.py:692] global_step/sec: 1.29871
INFO:tensorflow:global_step/sec: 1.29946
I0618 00:36:35.779303 140521011004224 basic_session_run_hooks.py:692] global_step/sec: 1.29946
INFO:tensorflow:global_step/sec: 1.31315
I0618 00:37:51.932314 140521011004224 basic_session_run_hooks.py:692] global_step/sec: 1.31315
INFO:tensorflow:global_step/sec: 1.29896
I0618 00:39:08.917097 140521011004224 basic_session_run_hooks.py:692] global_step/sec: 1.29896
INFO:tensorflow:global_step/sec: 1.29408
I0618 00:40:26.192207 140521011004224 basic_session_run_hooks.py:692] global_step/sec: 1.29408
I0618 00:40:26.193426 140521011004224 run_model.py:87] Step 198000: Loss 0.403284
INFO:tensorflow:Saving checkpoints for 198063 into Data/flag_simple/mgtn/checkpoint/model.ckpt.
I0618 00:41:13.769535 140521011004224 basic_session_run_hooks.py:606] Saving checkpoints for 198063 into Data/flag_simple/mgtn/checkpoint/model.ckpt.
INFO:tensorflow:global_step/sec: 1.28136
I0618 00:41:44.234482 140521011004224 basic_session_run_hooks.py:692] global_step/sec: 1.28136
INFO:tensorflow:global_step/sec: 1.2983
I0618 00:43:01.258580 140521011004224 basic_session_run_hooks.py:692] global_step/sec: 1.2983
INFO:tensorflow:global_step/sec: 1.30428
I0618 00:44:17.929035 140521011004224 basic_session_run_hooks.py:692] global_step/sec: 1.30428
INFO:tensorflow:global_step/sec: 1.30743
I0618 00:45:34.415035 140521011004224 basic_session_run_hooks.py:692] global_step/sec: 1.30743
INFO:tensorflow:global_step/sec: 1.29899
I0618 00:46:51.397895 140521011004224 basic_session_run_hooks.py:692] global_step/sec: 1.29899
INFO:tensorflow:global_step/sec: 1.31206
I0618 00:48:07.613605 140521011004224 basic_session_run_hooks.py:692] global_step/sec: 1.31206
INFO:tensorflow:global_step/sec: 1.29942
I0618 00:49:24.571261 140521011004224 basic_session_run_hooks.py:692] global_step/sec: 1.29942
INFO:tensorflow:global_step/sec: 1.30763
I0618 00:50:41.045565 140521011004224 basic_session_run_hooks.py:692] global_step/sec: 1.30763
INFO:tensorflow:Saving checkpoints for 198844 into Data/flag_simple/mgtn/checkpoint/model.ckpt.
I0618 00:51:13.886316 140521011004224 basic_session_run_hooks.py:606] Saving checkpoints for 198844 into Data/flag_simple/mgtn/checkpoint/model.ckpt.
INFO:tensorflow:global_step/sec: 1.2777
I0618 00:51:59.311477 140521011004224 basic_session_run_hooks.py:692] global_step/sec: 1.2777
INFO:tensorflow:global_step/sec: 1.30248
I0618 00:53:16.088198 140521011004224 basic_session_run_hooks.py:692] global_step/sec: 1.30248
I0618 00:53:16.089243 140521011004224 run_model.py:87] Step 199000: Loss 0.27734
INFO:tensorflow:global_step/sec: 1.29999
I0618 00:54:33.011643 140521011004224 basic_session_run_hooks.py:692] global_step/sec: 1.29999
INFO:tensorflow:global_step/sec: 1.30664
I0618 00:55:49.543972 140521011004224 basic_session_run_hooks.py:692] global_step/sec: 1.30664
INFO:tensorflow:global_step/sec: 1.29463
I0618 00:57:06.785880 140521011004224 basic_session_run_hooks.py:692] global_step/sec: 1.29463
INFO:tensorflow:global_step/sec: 1.29797
I0618 00:58:23.829430 140521011004224 basic_session_run_hooks.py:692] global_step/sec: 1.29797
INFO:tensorflow:global_step/sec: 1.29678
I0618 00:59:40.943307 140521011004224 basic_session_run_hooks.py:692] global_step/sec: 1.29678
INFO:tensorflow:global_step/sec: 1.30527
I0618 01:00:57.555795 140521011004224 basic_session_run_hooks.py:692] global_step/sec: 1.30527
INFO:tensorflow:Saving checkpoints for 199623 into Data/flag_simple/mgtn/checkpoint/model.ckpt.
I0618 01:01:14.341277 140521011004224 basic_session_run_hooks.py:606] Saving checkpoints for 199623 into Data/flag_simple/mgtn/checkpoint/model.ckpt.
INFO:tensorflow:global_step/sec: 1.27716
I0618 01:02:15.854590 140521011004224 basic_session_run_hooks.py:692] global_step/sec: 1.27716
INFO:tensorflow:global_step/sec: 1.30584
I0618 01:03:32.433669 140521011004224 basic_session_run_hooks.py:692] global_step/sec: 1.30584
INFO:tensorflow:global_step/sec: 1.3059
I0618 01:04:49.009023 140521011004224 basic_session_run_hooks.py:692] global_step/sec: 1.3059
I0618 01:06:05.232001 140521011004224 run_model.py:88] Training complete.
INFO:tensorflow:Saving checkpoints for 200000 into Data/flag_simple/mgtn/checkpoint/model.ckpt.
I0618 01:06:05.233833 140521011004224 basic_session_run_hooks.py:606] Saving checkpoints for 200000 into Data/flag_simple/mgtn/checkpoint/model.ckpt.
+ echo 'mgtn rollout started'
+ python -m mgtn.run_model --model=cloth --mode=eval --checkpoint_dir=Data/flag_simple/mgtn/checkpoint --dataset_dir=Data/flag_simple --rollout_path=Data/flag_simple/mgtn/rollout.pkl --num_rollouts=100
WARNING:tensorflow:From /home/cril/arafat/miniconda3/envs/mgn/lib/python3.6/site-packages/tensorflow_core/python/ops/resource_variable_ops.py:1630: calling BaseResourceVariable.__init__ (from tensorflow.python.ops.resource_variable_ops) with constraint is deprecated and will be removed in a future version.
Instructions for updating:
If using Keras pass *_constraint arguments to layers.
W0618 01:06:12.032050 139639276491584 deprecation.py:506] From /home/cril/arafat/miniconda3/envs/mgn/lib/python3.6/site-packages/tensorflow_core/python/ops/resource_variable_ops.py:1630: calling BaseResourceVariable.__init__ (from tensorflow.python.ops.resource_variable_ops) with constraint is deprecated and will be removed in a future version.
Instructions for updating:
If using Keras pass *_constraint arguments to layers.
WARNING:tensorflow:From /home/cril/arafat/miniconda3/envs/mgn/lib/python3.6/site-packages/sonnet/python/modules/basic.py:127: calling TruncatedNormal.__init__ (from tensorflow.python.ops.init_ops) with dtype is deprecated and will be removed in a future version.
Instructions for updating:
Call initializer instance with the dtype argument instead of passing it to the constructor
W0618 01:06:12.562690 139639276491584 deprecation.py:506] From /home/cril/arafat/miniconda3/envs/mgn/lib/python3.6/site-packages/sonnet/python/modules/basic.py:127: calling TruncatedNormal.__init__ (from tensorflow.python.ops.init_ops) with dtype is deprecated and will be removed in a future version.
Instructions for updating:
Call initializer instance with the dtype argument instead of passing it to the constructor
WARNING:tensorflow:From /home/cril/arafat/miniconda3/envs/mgn/lib/python3.6/site-packages/sonnet/python/modules/basic.py:132: calling Zeros.__init__ (from tensorflow.python.ops.init_ops) with dtype is deprecated and will be removed in a future version.
Instructions for updating:
Call initializer instance with the dtype argument instead of passing it to the constructor
W0618 01:06:12.563150 139639276491584 deprecation.py:506] From /home/cril/arafat/miniconda3/envs/mgn/lib/python3.6/site-packages/sonnet/python/modules/basic.py:132: calling Zeros.__init__ (from tensorflow.python.ops.init_ops) with dtype is deprecated and will be removed in a future version.
Instructions for updating:
Call initializer instance with the dtype argument instead of passing it to the constructor
WARNING:tensorflow:From /home/cril/arafat/MGN-C/mgtn/TransformerBlock.py:68: dropout (from tensorflow.python.layers.core) is deprecated and will be removed in a future version.
Instructions for updating:
Use keras.layers.dropout instead.
W0618 01:06:12.786288 139639276491584 deprecation.py:323] From /home/cril/arafat/MGN-C/mgtn/TransformerBlock.py:68: dropout (from tensorflow.python.layers.core) is deprecated and will be removed in a future version.
Instructions for updating:
Use keras.layers.dropout instead.
WARNING:tensorflow:From /home/cril/arafat/miniconda3/envs/mgn/lib/python3.6/site-packages/tensorflow_core/python/layers/core.py:271: Layer.apply (from tensorflow.python.keras.engine.base_layer) is deprecated and will be removed in a future version.
Instructions for updating:
Please use `layer.__call__` method instead.
W0618 01:06:12.786654 139639276491584 deprecation.py:323] From /home/cril/arafat/miniconda3/envs/mgn/lib/python3.6/site-packages/tensorflow_core/python/layers/core.py:271: Layer.apply (from tensorflow.python.keras.engine.base_layer) is deprecated and will be removed in a future version.
Instructions for updating:
Please use `layer.__call__` method instead.
WARNING:tensorflow:From /home/cril/arafat/MGN-C/mgtn/cloth_eval.py:32: where (from tensorflow.python.ops.array_ops) is deprecated and will be removed in a future version.
Instructions for updating:
Use tf.where in 2.0, which has the same broadcast rule as np.where
W0618 01:06:16.272636 139639276491584 deprecation.py:323] From /home/cril/arafat/MGN-C/mgtn/cloth_eval.py:32: where (from tensorflow.python.ops.array_ops) is deprecated and will be removed in a future version.
Instructions for updating:
Use tf.where in 2.0, which has the same broadcast rule as np.where
WARNING:tensorflow:From /home/cril/arafat/miniconda3/envs/mgn/lib/python3.6/site-packages/tensorflow_core/python/training/training_util.py:236: Variable.initialized_value (from tensorflow.python.ops.variables) is deprecated and will be removed in a future version.
Instructions for updating:
Use Variable.read_value. Variables in 2.X are initialized automatically both in eager and graph (inside tf.defun) contexts.
W0618 01:06:16.839709 139639276491584 deprecation.py:323] From /home/cril/arafat/miniconda3/envs/mgn/lib/python3.6/site-packages/tensorflow_core/python/training/training_util.py:236: Variable.initialized_value (from tensorflow.python.ops.variables) is deprecated and will be removed in a future version.
Instructions for updating:
Use Variable.read_value. Variables in 2.X are initialized automatically both in eager and graph (inside tf.defun) contexts.
INFO:tensorflow:Graph was finalized.
I0618 01:06:17.572222 139639276491584 monitored_session.py:240] Graph was finalized.
2026-06-18 01:06:17.575831: I tensorflow/stream_executor/platform/default/dso_loader.cc:44] Successfully opened dynamic library libcuda.so.1
2026-06-18 01:06:17.738248: I tensorflow/core/common_runtime/gpu/gpu_device.cc:1639] Found device 0 with properties: 
name: Quadro RTX 8000 major: 7 minor: 5 memoryClockRate(GHz): 1.62
pciBusID: 0000:b1:00.0
2026-06-18 01:06:17.739037: W tensorflow/stream_executor/platform/default/dso_loader.cc:55] Could not load dynamic library 'libcudart.so.10.0'; dlerror: libcudart.so.10.0: cannot open shared object file: No such file or directory
2026-06-18 01:06:17.739539: W tensorflow/stream_executor/platform/default/dso_loader.cc:55] Could not load dynamic library 'libcublas.so.10.0'; dlerror: libcublas.so.10.0: cannot open shared object file: No such file or directory
2026-06-18 01:06:17.740097: W tensorflow/stream_executor/platform/default/dso_loader.cc:55] Could not load dynamic library 'libcufft.so.10.0'; dlerror: libcufft.so.10.0: cannot open shared object file: No such file or directory
2026-06-18 01:06:17.740662: W tensorflow/stream_executor/platform/default/dso_loader.cc:55] Could not load dynamic library 'libcurand.so.10.0'; dlerror: libcurand.so.10.0: cannot open shared object file: No such file or directory
2026-06-18 01:06:17.741207: W tensorflow/stream_executor/platform/default/dso_loader.cc:55] Could not load dynamic library 'libcusolver.so.10.0'; dlerror: libcusolver.so.10.0: cannot open shared object file: No such file or directory
2026-06-18 01:06:17.741627: W tensorflow/stream_executor/platform/default/dso_loader.cc:55] Could not load dynamic library 'libcusparse.so.10.0'; dlerror: libcusparse.so.10.0: cannot open shared object file: No such file or directory
2026-06-18 01:06:17.742092: W tensorflow/stream_executor/platform/default/dso_loader.cc:55] Could not load dynamic library 'libcudnn.so.7'; dlerror: libcudnn.so.7: cannot open shared object file: No such file or directory
2026-06-18 01:06:17.742099: W tensorflow/core/common_runtime/gpu/gpu_device.cc:1662] Cannot dlopen some GPU libraries. Please make sure the missing libraries mentioned above are installed properly if you would like to use GPU. Follow the guide at https://www.tensorflow.org/install/gpu for how to download and setup the required libraries for your platform.
Skipping registering GPU devices...
2026-06-18 01:06:17.742356: I tensorflow/core/platform/cpu_feature_guard.cc:142] Your CPU supports instructions that this TensorFlow binary was not compiled to use: AVX2 AVX512F FMA
2026-06-18 01:06:17.748636: I tensorflow/core/platform/profile_utils/cpu_utils.cc:94] CPU Frequency: 2900000000 Hz
2026-06-18 01:06:17.749326: I tensorflow/compiler/xla/service/service.cc:168] XLA service 0x563252e59ed0 initialized for platform Host (this does not guarantee that XLA will be used). Devices:
2026-06-18 01:06:17.749343: I tensorflow/compiler/xla/service/service.cc:176]   StreamExecutor device (0): Host, Default Version
2026-06-18 01:06:17.890620: I tensorflow/compiler/xla/service/service.cc:168] XLA service 0x563250f646b0 initialized for platform CUDA (this does not guarantee that XLA will be used). Devices:
2026-06-18 01:06:17.890681: I tensorflow/compiler/xla/service/service.cc:176]   StreamExecutor device (0): Quadro RTX 8000, Compute Capability 7.5
2026-06-18 01:06:17.890841: I tensorflow/core/common_runtime/gpu/gpu_device.cc:1180] Device interconnect StreamExecutor with strength 1 edge matrix:
2026-06-18 01:06:17.890858: I tensorflow/core/common_runtime/gpu/gpu_device.cc:1186]      
INFO:tensorflow:Restoring parameters from Data/flag_simple/mgtn/checkpoint/model.ckpt-200000
I0618 01:06:17.896148 139639276491584 saver.py:1284] Restoring parameters from Data/flag_simple/mgtn/checkpoint/model.ckpt-200000
WARNING:tensorflow:From /home/cril/arafat/miniconda3/envs/mgn/lib/python3.6/site-packages/tensorflow_core/python/training/saver.py:1069: get_checkpoint_mtimes (from tensorflow.python.training.checkpoint_management) is deprecated and will be removed in a future version.
Instructions for updating:
Use standard file utilities to get mtimes.
W0618 01:06:18.641544 139639276491584 deprecation.py:323] From /home/cril/arafat/miniconda3/envs/mgn/lib/python3.6/site-packages/tensorflow_core/python/training/saver.py:1069: get_checkpoint_mtimes (from tensorflow.python.training.checkpoint_management) is deprecated and will be removed in a future version.
Instructions for updating:
Use standard file utilities to get mtimes.
INFO:tensorflow:Running local_init_op.
I0618 01:06:19.084911 139639276491584 session_manager.py:500] Running local_init_op.
INFO:tensorflow:Done running local_init_op.
I0618 01:06:19.196155 139639276491584 session_manager.py:502] Done running local_init_op.
I0618 01:06:19.595139 139639276491584 run_model.py:106] Rollout trajectory 0
I0618 01:08:10.466120 139639276491584 run_model.py:106] Rollout trajectory 1
WARNING:tensorflow:It seems that global step (tf.train.get_global_step) has not been increased. Current value (could be stable): 200000 vs previous value: 200000. You could increase the global step by passing tf.train.get_global_step() to Optimizer.apply_gradients or Optimizer.minimize.
W0618 01:09:55.875766 139639276491584 basic_session_run_hooks.py:724] It seems that global step (tf.train.get_global_step) has not been increased. Current value (could be stable): 200000 vs previous value: 200000. You could increase the global step by passing tf.train.get_global_step() to Optimizer.apply_gradients or Optimizer.minimize.
I0618 01:09:55.876337 139639276491584 run_model.py:106] Rollout trajectory 2
WARNING:tensorflow:It seems that global step (tf.train.get_global_step) has not been increased. Current value (could be stable): 200000 vs previous value: 200000. You could increase the global step by passing tf.train.get_global_step() to Optimizer.apply_gradients or Optimizer.minimize.
W0618 01:11:42.228083 139639276491584 basic_session_run_hooks.py:724] It seems that global step (tf.train.get_global_step) has not been increased. Current value (could be stable): 200000 vs previous value: 200000. You could increase the global step by passing tf.train.get_global_step() to Optimizer.apply_gradients or Optimizer.minimize.
I0618 01:11:42.232555 139639276491584 run_model.py:106] Rollout trajectory 3
WARNING:tensorflow:It seems that global step (tf.train.get_global_step) has not been increased. Current value (could be stable): 200000 vs previous value: 200000. You could increase the global step by passing tf.train.get_global_step() to Optimizer.apply_gradients or Optimizer.minimize.
W0618 01:13:28.764546 139639276491584 basic_session_run_hooks.py:724] It seems that global step (tf.train.get_global_step) has not been increased. Current value (could be stable): 200000 vs previous value: 200000. You could increase the global step by passing tf.train.get_global_step() to Optimizer.apply_gradients or Optimizer.minimize.
I0618 01:13:28.765101 139639276491584 run_model.py:106] Rollout trajectory 4
WARNING:tensorflow:It seems that global step (tf.train.get_global_step) has not been increased. Current value (could be stable): 200000 vs previous value: 200000. You could increase the global step by passing tf.train.get_global_step() to Optimizer.apply_gradients or Optimizer.minimize.
W0618 01:15:13.570556 139639276491584 basic_session_run_hooks.py:724] It seems that global step (tf.train.get_global_step) has not been increased. Current value (could be stable): 200000 vs previous value: 200000. You could increase the global step by passing tf.train.get_global_step() to Optimizer.apply_gradients or Optimizer.minimize.
I0618 01:15:13.571130 139639276491584 run_model.py:106] Rollout trajectory 5
WARNING:tensorflow:It seems that global step (tf.train.get_global_step) has not been increased. Current value (could be stable): 200000 vs previous value: 200000. You could increase the global step by passing tf.train.get_global_step() to Optimizer.apply_gradients or Optimizer.minimize.
W0618 01:17:01.239701 139639276491584 basic_session_run_hooks.py:724] It seems that global step (tf.train.get_global_step) has not been increased. Current value (could be stable): 200000 vs previous value: 200000. You could increase the global step by passing tf.train.get_global_step() to Optimizer.apply_gradients or Optimizer.minimize.
I0618 01:17:01.240275 139639276491584 run_model.py:106] Rollout trajectory 6
I0618 01:18:44.376008 139639276491584 run_model.py:106] Rollout trajectory 7
I0618 01:20:29.646970 139639276491584 run_model.py:106] Rollout trajectory 8
I0618 01:22:15.390917 139639276491584 run_model.py:106] Rollout trajectory 9
I0618 01:23:57.217637 139639276491584 run_model.py:106] Rollout trajectory 10
I0618 01:25:38.186444 139639276491584 run_model.py:106] Rollout trajectory 11
I0618 01:27:19.493223 139639276491584 run_model.py:106] Rollout trajectory 12
I0618 01:29:04.366779 139639276491584 run_model.py:106] Rollout trajectory 13
I0618 01:30:45.069167 139639276491584 run_model.py:106] Rollout trajectory 14
I0618 01:32:26.767307 139639276491584 run_model.py:106] Rollout trajectory 15
I0618 01:34:08.020876 139639276491584 run_model.py:106] Rollout trajectory 16
I0618 01:35:52.512876 139639276491584 run_model.py:106] Rollout trajectory 17
I0618 01:37:37.072686 139639276491584 run_model.py:106] Rollout trajectory 18
I0618 01:39:22.633042 139639276491584 run_model.py:106] Rollout trajectory 19
I0618 01:41:07.065310 139639276491584 run_model.py:106] Rollout trajectory 20
I0618 01:42:52.038422 139639276491584 run_model.py:106] Rollout trajectory 21
I0618 01:44:36.394714 139639276491584 run_model.py:106] Rollout trajectory 22
I0618 01:46:22.060440 139639276491584 run_model.py:106] Rollout trajectory 23
I0618 01:48:08.493821 139639276491584 run_model.py:106] Rollout trajectory 24
I0618 01:49:54.659296 139639276491584 run_model.py:106] Rollout trajectory 25
I0618 01:51:41.024342 139639276491584 run_model.py:106] Rollout trajectory 26
I0618 01:53:28.384225 139639276491584 run_model.py:106] Rollout trajectory 27
I0618 01:55:17.561659 139639276491584 run_model.py:106] Rollout trajectory 28
I0618 01:57:05.365199 139639276491584 run_model.py:106] Rollout trajectory 29
I0618 01:58:52.495552 139639276491584 run_model.py:106] Rollout trajectory 30
I0618 02:00:38.637467 139639276491584 run_model.py:106] Rollout trajectory 31
I0618 02:02:28.478083 139639276491584 run_model.py:106] Rollout trajectory 32
I0618 02:04:16.704276 139639276491584 run_model.py:106] Rollout trajectory 33
I0618 02:06:05.592189 139639276491584 run_model.py:106] Rollout trajectory 34
I0618 02:07:54.293435 139639276491584 run_model.py:106] Rollout trajectory 35
I0618 02:09:42.715365 139639276491584 run_model.py:106] Rollout trajectory 36
I0618 02:11:32.893881 139639276491584 run_model.py:106] Rollout trajectory 37
I0618 02:13:23.278785 139639276491584 run_model.py:106] Rollout trajectory 38
I0618 02:15:12.712280 139639276491584 run_model.py:106] Rollout trajectory 39
I0618 02:17:04.042817 139639276491584 run_model.py:106] Rollout trajectory 40
I0618 02:18:53.998214 139639276491584 run_model.py:106] Rollout trajectory 41
I0618 02:20:45.109340 139639276491584 run_model.py:106] Rollout trajectory 42
I0618 02:22:35.881459 139639276491584 run_model.py:106] Rollout trajectory 43
I0618 02:24:25.222595 139639276491584 run_model.py:106] Rollout trajectory 44
I0618 02:26:14.393923 139639276491584 run_model.py:106] Rollout trajectory 45
I0618 02:28:04.595600 139639276491584 run_model.py:106] Rollout trajectory 46
I0618 02:29:56.619994 139639276491584 run_model.py:106] Rollout trajectory 47
I0618 02:31:49.161625 139639276491584 run_model.py:106] Rollout trajectory 48
I0618 02:33:42.590661 139639276491584 run_model.py:106] Rollout trajectory 49
I0618 02:35:35.785117 139639276491584 run_model.py:106] Rollout trajectory 50
I0618 02:37:28.205566 139639276491584 run_model.py:106] Rollout trajectory 51
I0618 02:39:20.672225 139639276491584 run_model.py:106] Rollout trajectory 52
I0618 02:41:13.678560 139639276491584 run_model.py:106] Rollout trajectory 53
I0618 02:43:06.668272 139639276491584 run_model.py:106] Rollout trajectory 54
I0618 02:44:58.829739 139639276491584 run_model.py:106] Rollout trajectory 55
I0618 02:46:50.795528 139639276491584 run_model.py:106] Rollout trajectory 56
I0618 02:48:43.426724 139639276491584 run_model.py:106] Rollout trajectory 57
I0618 02:50:35.605997 139639276491584 run_model.py:106] Rollout trajectory 58
I0618 02:52:28.927043 139639276491584 run_model.py:106] Rollout trajectory 59
I0618 02:54:24.603328 139639276491584 run_model.py:106] Rollout trajectory 60
I0618 02:56:18.018881 139639276491584 run_model.py:106] Rollout trajectory 61
I0618 02:58:14.092629 139639276491584 run_model.py:106] Rollout trajectory 62
I0618 03:00:09.334467 139639276491584 run_model.py:106] Rollout trajectory 63
I0618 03:02:05.168444 139639276491584 run_model.py:106] Rollout trajectory 64
I0618 03:03:58.983732 139639276491584 run_model.py:106] Rollout trajectory 65
I0618 03:05:53.905994 139639276491584 run_model.py:106] Rollout trajectory 66
I0618 03:07:50.178343 139639276491584 run_model.py:106] Rollout trajectory 67
I0618 03:09:45.419990 139639276491584 run_model.py:106] Rollout trajectory 68
I0618 03:11:39.333704 139639276491584 run_model.py:106] Rollout trajectory 69
I0618 03:13:33.237229 139639276491584 run_model.py:106] Rollout trajectory 70
I0618 03:15:28.042212 139639276491584 run_model.py:106] Rollout trajectory 71
I0618 03:17:22.339118 139639276491584 run_model.py:106] Rollout trajectory 72
I0618 03:19:16.019182 139639276491584 run_model.py:106] Rollout trajectory 73
I0618 03:21:11.425706 139639276491584 run_model.py:106] Rollout trajectory 74
I0618 03:23:05.098180 139639276491584 run_model.py:106] Rollout trajectory 75
I0618 03:24:59.162243 139639276491584 run_model.py:106] Rollout trajectory 76
I0618 03:26:52.948995 139639276491584 run_model.py:106] Rollout trajectory 77
I0618 03:28:48.096628 139639276491584 run_model.py:106] Rollout trajectory 78
I0618 03:30:44.037745 139639276491584 run_model.py:106] Rollout trajectory 79
I0618 03:32:40.028093 139639276491584 run_model.py:106] Rollout trajectory 80
I0618 03:34:36.069044 139639276491584 run_model.py:106] Rollout trajectory 81
I0618 03:36:31.243054 139639276491584 run_model.py:106] Rollout trajectory 82
I0618 03:38:28.092407 139639276491584 run_model.py:106] Rollout trajectory 83
I0618 03:40:24.727397 139639276491584 run_model.py:106] Rollout trajectory 84
I0618 03:42:19.609105 139639276491584 run_model.py:106] Rollout trajectory 85
I0618 03:44:15.682665 139639276491584 run_model.py:106] Rollout trajectory 86
I0618 03:46:09.821926 139639276491584 run_model.py:106] Rollout trajectory 87
I0618 03:48:03.838236 139639276491584 run_model.py:106] Rollout trajectory 88
I0618 03:49:56.427660 139639276491584 run_model.py:106] Rollout trajectory 89
I0618 03:51:50.691114 139639276491584 run_model.py:106] Rollout trajectory 90
I0618 03:53:45.013984 139639276491584 run_model.py:106] Rollout trajectory 91
I0618 03:55:38.102122 139639276491584 run_model.py:106] Rollout trajectory 92
I0618 03:57:32.882314 139639276491584 run_model.py:106] Rollout trajectory 93
I0618 03:59:26.384341 139639276491584 run_model.py:106] Rollout trajectory 94
I0618 04:01:18.876899 139639276491584 run_model.py:106] Rollout trajectory 95
I0618 04:03:11.828785 139639276491584 run_model.py:106] Rollout trajectory 96
I0618 04:05:05.843065 139639276491584 run_model.py:106] Rollout trajectory 97
I0618 04:06:58.884498 139639276491584 run_model.py:106] Rollout trajectory 98
I0618 04:08:50.540237 139639276491584 run_model.py:106] Rollout trajectory 99
I0618 04:10:42.635503 139639276491584 run_model.py:111] mse_1_steps: 5.37686e-06
I0618 04:10:42.636212 139639276491584 run_model.py:111] mse_10_steps: 0.000706002
I0618 04:10:42.636434 139639276491584 run_model.py:111] mse_20_steps: 0.00555394
I0618 04:10:42.636509 139639276491584 run_model.py:111] mse_50_steps: 0.0537343
I0618 04:10:42.636579 139639276491584 run_model.py:111] mse_100_steps: 0.0485165
I0618 04:10:42.636647 139639276491584 run_model.py:111] mse_200_steps: 0.0364074
+ echo 'Test run complete.'
+ conda deactivate
+ local cmd=deactivate
+ case "$cmd" in
+ __conda_activate deactivate
+ '[' -n '' ']'
+ local ask_conda
++ PS1='(mgn) '
++ __conda_exe shell.posix deactivate
++ '[' -n '' ']'
++ /home/cril/arafat/miniconda3/bin/conda shell.posix deactivate
+ ask_conda='export PATH='\''/home/cril/arafat/miniconda3/condabin:/usr/share/Modules/bin:/usr/local/bin:/usr/bin:/usr/local/sbin:/usr/sbin:/home/cril/arafat/bin'\''
export CONDA_PREFIX='\'''\''
export CONDA_DEFAULT_ENV='\'''\''
export CONDA_PROMPT_MODIFIER='\'''\''
export _CE_M='\'''\''
export _CE_CONDA='\'''\''
PS1='\'''\''
export CONDA_SHLVL='\''0'\''
export CONDA_EXE='\''/home/cril/arafat/miniconda3/bin/conda'\''
export _CONDA_EXE='\''/home/cril/arafat/miniconda3/bin/conda'\''
export CONDA_PYTHON_EXE='\''/home/cril/arafat/miniconda3/bin/python'\''
export _CONDA_ROOT='\''/home/cril/arafat/miniconda3'\'''
+ eval 'export PATH='\''/home/cril/arafat/miniconda3/condabin:/usr/share/Modules/bin:/usr/local/bin:/usr/bin:/usr/local/sbin:/usr/sbin:/home/cril/arafat/bin'\''
export CONDA_PREFIX='\'''\''
export CONDA_DEFAULT_ENV='\'''\''
export CONDA_PROMPT_MODIFIER='\'''\''
export _CE_M='\'''\''
export _CE_CONDA='\'''\''
PS1='\'''\''
export CONDA_SHLVL='\''0'\''
export CONDA_EXE='\''/home/cril/arafat/miniconda3/bin/conda'\''
export _CONDA_EXE='\''/home/cril/arafat/miniconda3/bin/conda'\''
export CONDA_PYTHON_EXE='\''/home/cril/arafat/miniconda3/bin/python'\''
export _CONDA_ROOT='\''/home/cril/arafat/miniconda3'\'''
++ export PATH=/home/cril/arafat/miniconda3/condabin:/usr/share/Modules/bin:/usr/local/bin:/usr/bin:/usr/local/sbin:/usr/sbin:/home/cril/arafat/bin
++ PATH=/home/cril/arafat/miniconda3/condabin:/usr/share/Modules/bin:/usr/local/bin:/usr/bin:/usr/local/sbin:/usr/sbin:/home/cril/arafat/bin
++ export CONDA_PREFIX=
++ CONDA_PREFIX=
++ export CONDA_DEFAULT_ENV=
++ CONDA_DEFAULT_ENV=
++ export CONDA_PROMPT_MODIFIER=
++ CONDA_PROMPT_MODIFIER=
++ export _CE_M=
++ _CE_M=
++ export _CE_CONDA=
++ _CE_CONDA=
++ PS1=
++ export CONDA_SHLVL=0
++ CONDA_SHLVL=0
++ export CONDA_EXE=/home/cril/arafat/miniconda3/bin/conda
++ CONDA_EXE=/home/cril/arafat/miniconda3/bin/conda
++ export _CONDA_EXE=/home/cril/arafat/miniconda3/bin/conda
++ _CONDA_EXE=/home/cril/arafat/miniconda3/bin/conda
++ export CONDA_PYTHON_EXE=/home/cril/arafat/miniconda3/bin/python
++ CONDA_PYTHON_EXE=/home/cril/arafat/miniconda3/bin/python
++ export _CONDA_ROOT=/home/cril/arafat/miniconda3
++ _CONDA_ROOT=/home/cril/arafat/miniconda3
+ __conda_hashr
+ '[' -n '' ']'
+ '[' -n '' ']'
+ hash -r
++ date
+ echo 'Job finished at: jeu. 18 juin 2026 04:10:56 CEST'
